JvmtiExport can_access_local_variables 0
JvmtiExport can_hotswap_or_post_breakpoint 0
JvmtiExport can_post_on_exceptions 0
# 374 ciObject found
instanceKlass org/gradle/internal/jvm/inspection/JvmInstallationMetadata$FailureInstallationMetadata
instanceKlass org/gradle/process/internal/DefaultExecHandle$ExecResultImpl
instanceKlass org/gradle/process/internal/streams/ExecOutputHandleRunner
instanceKlass java/lang/ProcessImpl$2
instanceKlass net/rubygrapefruit/platform/internal/jni/WindowsHandleFunctions
instanceKlass java/lang/ProcessBuilder
instanceKlass org/gradle/internal/operations/CurrentBuildOperationPreservingRunnable
instanceKlass org/gradle/process/internal/ProcessBuilderFactory
instanceKlass org/gradle/process/internal/DefaultExecHandle$CompositeStreamsHandler
instanceKlass org/gradle/process/internal/ExecHandleRunner
instanceKlass org/gradle/process/internal/ExecHandleListener
instanceKlass org/gradle/process/internal/ExecHandleShutdownHookAction
instanceKlass net/rubygrapefruit/platform/internal/DefaultProcessLauncher
instanceKlass net/rubygrapefruit/platform/internal/WindowsProcessLauncher
instanceKlass net/rubygrapefruit/platform/internal/WrapperProcessLauncher
instanceKlass org/gradle/process/internal/DefaultExecHandle
instanceKlass org/gradle/process/internal/ProcessSettings
instanceKlass org/gradle/process/internal/streams/OutputStreamsForwarder
instanceKlass org/gradle/process/internal/ProcessArgumentsSpec
instanceKlass org/gradle/process/internal/streams/SafeStreams
instanceKlass org/gradle/process/internal/ProcessStreamsSpec
instanceKlass org/gradle/process/internal/streams/EmptyStdInStreamsHandler
instanceKlass org/gradle/process/internal/StreamsHandler
instanceKlass org/gradle/process/internal/ExecHandle
instanceKlass org/gradle/process/internal/DefaultProcessForkOptions
instanceKlass org/gradle/process/internal/ProcessArgumentsSpec$HasExecutable
instanceKlass org/gradle/internal/ErroringAction
instanceKlass org/gradle/internal/jvm/inspection/MetadataProbe$$Lambda$747
instanceKlass org/gradle/internal/jvm/inspection/MetadataProbe
instanceKlass org/gradle/jvm/toolchain/internal/JavaToolchainInput
instanceKlass java/util/stream/ReduceOps$2ReducingSink
instanceKlass java/util/function/BinaryOperator$$Lambda$746
instanceKlass org/gradle/jvm/toolchain/internal/JavaToolchainComparator
instanceKlass org/gradle/jvm/toolchain/internal/ToolchainMatcher
instanceKlass org/gradle/jvm/toolchain/internal/JavaToolchainQueryService$$Lambda$745
instanceKlass org/gradle/jvm/toolchain/internal/JavaToolchainQueryService$$Lambda$744
instanceKlass org/gradle/jvm/toolchain/internal/JavaToolchainQueryService$$Lambda$743
instanceKlass org/gradle/jvm/toolchain/internal/JavaToolchainQueryService$$Lambda$742
instanceKlass org/gradle/jvm/toolchain/internal/AutoInstalledInstallationSupplier$$Lambda$740
instanceKlass org/gradle/jvm/toolchain/internal/WindowsInstallationSupplier$$Lambda$741
instanceKlass java/util/HashMap$HashMapSpliterator
instanceKlass java/util/stream/StreamSpliterators$WrappingSpliterator$$Lambda$739
instanceKlass org/gradle/jvm/toolchain/internal/WindowsInstallationSupplier$$Lambda$738
instanceKlass org/gradle/api/internal/provider/sources/SystemPropertyValueSource$Parameters$Inject
instanceKlass org/gradle/jvm/toolchain/internal/FileBasedInstallationFactory
instanceKlass java/util/stream/Streams$2
instanceKlass java/util/stream/Streams
instanceKlass java/util/stream/StreamSpliterators$AbstractWrappingSpliterator
instanceKlass java/util/stream/AbstractPipeline$$Lambda$737
instanceKlass java/util/stream/Streams$ConcatSpliterator
instanceKlass org/gradle/jvm/toolchain/install/internal/JdkCacheDirectory$$Lambda$736
instanceKlass org/gradle/jvm/toolchain/internal/WindowsInstallationSupplier$$Lambda$735
instanceKlass org/gradle/jvm/toolchain/internal/WindowsInstallationSupplier$$Lambda$734
instanceKlass org/gradle/jvm/toolchain/install/internal/JdkCacheDirectory$$Lambda$733
instanceKlass org/gradle/api/internal/provider/sources/EnvironmentVariableValueSource$Parameters$Inject
instanceKlass net/rubygrapefruit/platform/internal/jni/WindowsRegistryFunctions
instanceKlass org/gradle/api/internal/provider/OrElseValueProducer
instanceKlass org/gradle/jvm/toolchain/install/internal/JdkCacheDirectory$$Lambda$732
instanceKlass org/gradle/jvm/toolchain/internal/SdkmanInstallationSupplier$$Lambda$729
instanceKlass org/gradle/jvm/toolchain/internal/AsdfInstallationSupplier$$Lambda$731
instanceKlass org/gradle/jvm/toolchain/internal/JabbaInstallationSupplier$$Lambda$730
instanceKlass org/gradle/internal/instantiation/ManagedTypeFactory
instanceKlass org/gradle/api/internal/provider/sources/GradlePropertyValueSource$Parameters$Inject
instanceKlass org/gradle/api/internal/provider/DefaultValueSourceProviderFactory$LazilyObtainedValue$$Lambda$728
instanceKlass org/gradle/api/internal/provider/DefaultValueSourceProviderFactory$LazilyObtainedValue$$Lambda$722
instanceKlass org/gradle/api/internal/provider/DefaultValueSourceProviderFactory$LazilyObtainedValue$$Lambda$727
instanceKlass org/gradle/api/internal/provider/DefaultValueSourceProviderFactory$LazilyObtainedValue$$Lambda$724
instanceKlass org/gradle/api/internal/provider/DefaultValueSourceProviderFactory$LazilyObtainedValue$$Lambda$726
instanceKlass org/gradle/api/internal/provider/DefaultValueSourceProviderFactory$LazilyObtainedValue$$Lambda$725
instanceKlass org/gradle/api/internal/provider/DefaultValueSourceProviderFactory$LazilyObtainedValue$$Lambda$723
instanceKlass org/gradle/api/internal/provider/DefaultValueSourceProviderFactory$LazilyObtainedValue$$Lambda$718
instanceKlass org/gradle/api/internal/provider/DefaultValueSourceProviderFactory$LazilyObtainedValue$$Lambda$719
instanceKlass org/gradle/api/internal/provider/DefaultValueSourceProviderFactory$LazilyObtainedValue$$Lambda$721
instanceKlass org/gradle/api/internal/provider/DefaultValueSourceProviderFactory$LazilyObtainedValue$$Lambda$720
instanceKlass org/gradle/jvm/toolchain/internal/LocationListInstallationSupplier$$Lambda$717
instanceKlass org/gradle/api/internal/provider/ValueSupplier$ExternalValueProducer
instanceKlass java/util/concurrent/ForkJoinPool$CommonPoolForkJoinWorkerThreadFactory
instanceKlass java/util/concurrent/ForkJoinPool$1
instanceKlass java/util/concurrent/ForkJoinPool$DefaultForkJoinWorkerThreadFactory
instanceKlass java/util/concurrent/ForkJoinPool$WorkQueue
instanceKlass java/util/concurrent/ForkJoinPool$ForkJoinWorkerThreadFactory
instanceKlass java/util/concurrent/ForkJoinTask
instanceKlass org/gradle/jvm/toolchain/internal/JavaInstallationRegistry$$Lambda$716
instanceKlass org/gradle/jvm/toolchain/internal/JavaInstallationRegistry$$Lambda$715
instanceKlass org/gradle/jvm/toolchain/internal/JavaInstallationRegistry$$Lambda$714
instanceKlass org/gradle/jvm/toolchain/internal/JavaInstallationRegistry$$Lambda$713
instanceKlass org/gradle/jvm/toolchain/internal/InstallationLocation
instanceKlass org/gradle/jvm/toolchain/internal/JavaInstallationRegistry$$Lambda$712
instanceKlass org/gradle/jvm/toolchain/internal/JavaInstallationRegistry$$Lambda$711
instanceKlass org/gradle/jvm/toolchain/internal/JavaInstallationRegistry$$Lambda$710
instanceKlass org/gradle/jvm/toolchain/internal/JavaInstallationRegistry$ToolchainDetectionBuildOperation
instanceKlass org/gradle/jvm/toolchain/internal/JavaToolchainQueryService$$Lambda$709
instanceKlass org/gradle/api/internal/provider/TransformBackedProvider$$Lambda$708
instanceKlass org/gradle/api/internal/provider/ValueSupplier$UnknownProducer
instanceKlass org/gradle/api/internal/provider/ValueSupplier$NoProducer
instanceKlass org/gradle/api/internal/tasks/compile/MinimalJavaCompileOptions
instanceKlass org/gradle/jvm/toolchain/internal/DefaultJavaToolchainService$$Lambda$707
instanceKlass org/gradle/api/plugins/JavaBasePlugin$$Lambda$706
instanceKlass org/gradle/api/plugins/internal/JvmPluginsHelper$$Lambda$705
instanceKlass org/gradle/api/plugins/JavaBasePlugin$$Lambda$704
instanceKlass org/gradle/api/plugins/JavaBasePlugin$$Lambda$703
instanceKlass org/gradle/api/plugins/JavaBasePlugin$$Lambda$702
instanceKlass org/gradle/api/plugins/JavaBasePlugin$$Lambda$701
instanceKlass org/gradle/api/plugins/JavaBasePlugin$$Lambda$700
instanceKlass org/gradle/api/plugins/JavaBasePlugin$$Lambda$699
instanceKlass org/gradle/api/internal/tasks/DefaultTaskOutputs$$Lambda$698
instanceKlass org/gradle/api/tasks/incremental/IncrementalTaskInputs
instanceKlass org/gradle/api/internal/tasks/compile/CompilerForkUtils$$Lambda$697
instanceKlass org/gradle/api/internal/tasks/compile/CompilerForkUtils
instanceKlass org/gradle/process/CommandLineArgumentProvider
instanceKlass org/gradle/api/tasks/compile/JavaCompile$$Lambda$696
instanceKlass org/gradle/api/tasks/compile/AbstractCompile$BackwardCompatibilityOutputDirectoryConvention
instanceKlass org/gradle/api/internal/tasks/compile/incremental/recomp/AbstractRecompilationSpecProvider
instanceKlass org/gradle/api/internal/tasks/compile/CleaningJavaCompiler
instanceKlass org/gradle/work/InputChanges
instanceKlass org/gradle/api/internal/tasks/compile/DefaultJvmLanguageCompileSpec
instanceKlass org/gradle/api/internal/artifacts/repositories/metadata/IvyMetadataArtifactProvider
instanceKlass org/gradle/api/internal/artifacts/repositories/DefaultRepositoryContentDescriptor$SimpleSpecMatcher
instanceKlass org/gradle/api/internal/artifacts/repositories/DefaultRepositoryContentDescriptor$PatternSpecMatcher
instanceKlass org/gradle/api/internal/artifacts/repositories/DefaultRepositoryContentDescriptor$RepositoryFilterAction
instanceKlass org/gradle/api/internal/artifacts/ivyservice/ivyresolve/LocalModuleComponentRepository$RemoteAccess
instanceKlass org/gradle/api/internal/artifacts/ivyservice/ivyresolve/LocalModuleComponentRepository$LocalAccess
instanceKlass net/minecraftforge/artifactural/gradle/GradleRepositoryAdapter$1$1
instanceKlass net/minecraftforge/artifactural/gradle/GradleRepositoryAdapter$1
instanceKlass net/minecraftforge/artifactural/gradle/GradleRepositoryAdapter$$Lambda$695
instanceKlass net/minecraftforge/artifactural/gradle/GradleRepositoryAdapter$$Lambda$694
instanceKlass net/minecraftforge/artifactural/gradle/GradleRepositoryAdapter$$Lambda$693
instanceKlass org/gradle/api/internal/artifacts/repositories/resolver/DefaultExternalResourceArtifactResolver
instanceKlass org/gradle/internal/component/external/ivypublish/IvyModulePublishMetadata
instanceKlass net/minecraftforge/artifactural/gradle/GradleRepositoryAdapter$$Lambda$692
instanceKlass net/minecraftforge/artifactural/gradle/GradleRepositoryAdapter$$Lambda$691
instanceKlass net/minecraftforge/fml/unsafe/UnsafeHacks
instanceKlass net/minecraftforge/artifactural/gradle/GradleRepositoryAdapter$$Lambda$690
instanceKlass org/gradle/internal/nativeintegration/services/FileSystems
instanceKlass net/minecraftforge/artifactural/gradle/GradleRepositoryAdapter$GeneratingFileResourceRepository
instanceKlass org/gradle/api/internal/artifacts/repositories/DefaultMavenLocalArtifactRepository$MavenLocalMetadataValidator
instanceKlass org/gradle/internal/resource/transport/file/FileTransport$FileCacheAwareExternalResourceAccessor
instanceKlass net/minecraftforge/gradle/userdev/util/DependencyRemapper$$Lambda$689
instanceKlass net/minecraftforge/gradle/userdev/util/DependencyRemapper$$Lambda$688
instanceKlass net/minecraftforge/gradle/userdev/UserDevPlugin$$Lambda$687
instanceKlass net/minecraftforge/gradle/userdev/UserDevPlugin$$Lambda$686
instanceKlass net/minecraftforge/gradle/userdev/UserDevPlugin$$Lambda$685
instanceKlass net/minecraftforge/gradle/userdev/UserDevPlugin$$Lambda$684
instanceKlass net/minecraftforge/artifactural/api/artifact/ArtifactIdentifier$$Lambda$683
instanceKlass net/minecraftforge/artifactural/api/artifact/ArtifactIdentifier$$Lambda$682
instanceKlass java/nio/channels/Channels
instanceKlass sun/nio/fs/WindowsChannelFactory$Flags
instanceKlass sun/nio/fs/WindowsChannelFactory$1
instanceKlass sun/nio/fs/WindowsChannelFactory
instanceKlass sun/nio/fs/WindowsSecurityDescriptor
instanceKlass net/minecraftforge/gradle/userdev/MinecraftUserRepo$$Lambda$681
instanceKlass org/gradle/api/internal/file/collections/UnpackingVisitor
instanceKlass org/gradle/api/internal/file/CompositeFileCollection$$Lambda$680
instanceKlass org/gradle/plugins/ide/eclipse/EclipsePlugin$14
instanceKlass org/gradle/plugins/ide/eclipse/model/internal/EclipseJavaVersionMapper$1
instanceKlass org/gradle/plugins/ide/eclipse/model/internal/EclipseJavaVersionMapper
instanceKlass org/gradle/configuration/internal/ExecuteListenerBuildOperationType$1
instanceKlass org/gradle/configuration/internal/ExecuteListenerBuildOperationType$Result
instanceKlass org/gradle/configuration/internal/ExecuteListenerBuildOperationType
instanceKlass org/gradle/configuration/internal/DefaultListenerBuildOperationDecorator$ExecuteListenerDetails
instanceKlass org/gradle/configuration/internal/DefaultListenerBuildOperationDecorator$Operation
instanceKlass org/gradle/configuration/project/LifecycleProjectEvaluator$NotifyAfterEvaluate$1
instanceKlass org/gradle/configuration/project/LifecycleProjectEvaluator$NotifyProjectAfterEvaluatedDetails
instanceKlass org/gradle/configuration/project/NotifyProjectAfterEvaluatedBuildOperationType$Details
instanceKlass org/gradle/configuration/project/LifecycleProjectEvaluator$NotifyAfterEvaluate
instanceKlass org/gradle/configuration/project/DefaultProjectConfigurationActionContainer
instanceKlass org/gradle/api/publish/maven/plugins/MavenPublishPlugin$$Lambda$679
instanceKlass org/gradle/api/publish/maven/plugins/MavenPublishPlugin$$Lambda$678
instanceKlass org/gradle/api/publish/maven/plugins/MavenPublishPlugin$$Lambda$677
instanceKlass org/gradle/api/publish/maven/plugins/MavenPublishPlugin$$Lambda$676
instanceKlass org/gradle/api/publish/maven/plugins/MavenPublishPlugin$$Lambda$675
instanceKlass org/gradle/api/publish/maven/plugins/MavenPublishPlugin$$Lambda$674
instanceKlass org/gradle/api/publish/maven/plugins/MavenPublishPlugin$$Lambda$673
instanceKlass org/gradle/api/publish/maven/plugins/MavenPublishPlugin$$Lambda$672
instanceKlass org/gradle/api/publish/maven/plugins/MavenPublishPlugin$$Lambda$671
instanceKlass org/gradle/api/internal/artifacts/ivyservice/projectmodule/DefaultProjectPublicationRegistry$ReferenceImpl
instanceKlass org/gradle/api/internal/artifacts/ivyservice/projectmodule/ProjectPublicationRegistry$Reference
instanceKlass org/gradle/api/internal/provider/ValidatingMapEntryCollector
instanceKlass org/gradle/api/internal/provider/DefaultMapProperty$EmptySupplier
instanceKlass org/gradle/api/internal/provider/DefaultMapProperty$NoValueSupplier
instanceKlass org/gradle/api/internal/provider/MapEntryCollector
instanceKlass org/gradle/api/internal/provider/MapSupplier
instanceKlass org/gradle/api/internal/provider/MapCollector
instanceKlass org/gradle/api/internal/provider/MapProviderInternal
instanceKlass org/gradle/api/publish/maven/MavenPomMailingList
instanceKlass org/gradle/api/publish/maven/MavenPomLicense
instanceKlass org/gradle/api/publish/maven/MavenPomDeveloper
instanceKlass org/gradle/api/publish/maven/MavenPomContributor
instanceKlass org/gradle/api/publish/maven/MavenPomScm
instanceKlass org/gradle/api/publish/maven/MavenPomCiManagement
instanceKlass org/gradle/api/publish/maven/MavenPomOrganization
instanceKlass org/gradle/api/publish/maven/internal/publication/MavenPomDistributionManagementInternal
instanceKlass org/gradle/api/publish/maven/MavenPomDistributionManagement
instanceKlass org/gradle/api/publish/maven/MavenPomIssueManagement
instanceKlass org/gradle/api/publish/maven/internal/publication/DefaultMavenPom
instanceKlass org/gradle/api/publish/maven/MavenPomMailingListSpec
instanceKlass org/gradle/api/publish/maven/MavenPomContributorSpec
instanceKlass org/gradle/api/publish/maven/MavenPomDeveloperSpec
instanceKlass org/gradle/api/publish/maven/MavenPomLicenseSpec
instanceKlass org/gradle/api/publish/internal/DefaultPublicationArtifactSet$2
instanceKlass org/gradle/api/publish/maven/internal/artifact/DefaultMavenArtifactSet$ArtifactsFileCollection
instanceKlass org/gradle/api/publish/maven/internal/publication/DefaultMavenPublication$$Lambda$670
instanceKlass org/gradle/api/internal/artifacts/DefaultExcludeRule
instanceKlass org/gradle/api/publish/maven/internal/artifact/AbstractMavenArtifact
instanceKlass org/gradle/api/publish/internal/PublicationArtifactInternal
instanceKlass org/gradle/api/publish/maven/internal/publisher/MavenNormalizedPublication
instanceKlass org/gradle/api/publish/internal/PublicationInternal$DerivedArtifact
instanceKlass org/gradle/api/publish/maven/internal/publication/MavenPomInternal
instanceKlass org/gradle/api/internal/component/UsageContext
instanceKlass org/gradle/api/component/SoftwareComponentVariant
instanceKlass org/gradle/api/internal/artifacts/dependencies/DefaultProjectDependencyConstraint
instanceKlass org/gradle/api/publish/internal/PublicationArtifactSet
instanceKlass org/gradle/api/publish/internal/PublicationInternal$PublishedFile
instanceKlass org/gradle/api/publish/maven/internal/dependencies/MavenDependencyInternal
instanceKlass org/gradle/api/publish/maven/MavenDependency
instanceKlass org/gradle/api/publish/maven/internal/publication/DefaultMavenPublication
instanceKlass org/gradle/api/publish/maven/plugins/MavenPublishPlugin$MavenPublicationFactory$$Lambda$669
instanceKlass org/gradle/api/internal/plugins/DefaultAppliedPlugin
instanceKlass org/gradle/api/internal/plugins/DefaultPluginManager$2
instanceKlass org/gradle/api/publish/maven/plugins/MavenPublishPlugin$MavenPublicationFactory$$Lambda$668
instanceKlass org/gradle/api/publish/internal/versionmapping/DefaultVariantVersionMappingStrategy
instanceKlass org/gradle/api/publish/internal/versionmapping/VariantVersionMappingStrategyInternal
instanceKlass org/gradle/api/publish/VariantVersionMappingStrategy
instanceKlass org/gradle/api/publish/internal/versionmapping/DefaultVersionMappingStrategy
instanceKlass org/gradle/api/publish/internal/versionmapping/VersionMappingStrategyInternal
instanceKlass org/gradle/api/publish/VersionMappingStrategy
instanceKlass org/gradle/api/publish/maven/internal/artifact/MavenArtifactNotationParserFactory$ProviderNotationConverter
instanceKlass org/gradle/api/publish/maven/internal/artifact/MavenArtifactNotationParserFactory$PublishArtifactNotationConverter
instanceKlass org/gradle/api/publish/maven/internal/artifact/MavenArtifactNotationParserFactory$ArchiveTaskNotationConverter
instanceKlass org/gradle/api/internal/file/AbstractFileResolver$1
instanceKlass org/gradle/api/publish/maven/internal/artifact/MavenArtifactNotationParserFactory$FileNotationConverter
instanceKlass org/gradle/api/publish/maven/internal/artifact/MavenArtifactNotationParserFactory
instanceKlass org/gradle/api/publish/maven/plugins/MavenPublishPlugin$MavenPublicationFactory$$Lambda$667
instanceKlass org/gradle/api/publish/maven/plugins/MavenPublishPlugin$MavenPublicationFactory$$Lambda$666
instanceKlass org/gradle/api/publish/maven/plugins/MavenPublishPlugin$MavenPublicationFactory$$Lambda$665
instanceKlass org/gradle/api/publish/maven/internal/publication/WritableMavenProjectIdentity
instanceKlass org/gradle/api/internal/AbstractTask$18
instanceKlass sun/util/calendar/Era
instanceKlass org/gradle/api/plugins/internal/JvmPluginsHelper$$Lambda$664
instanceKlass org/gradle/api/plugins/internal/JvmPluginsHelper$$Lambda$663
instanceKlass org/gradle/api/plugins/internal/JvmPluginsHelper$$Lambda$662
instanceKlass org/gradle/api/attributes/DocsType$Impl
instanceKlass net/minecraftforge/gradle/userdev/util/DependencyRemapper$$Lambda$661
instanceKlass org/gradle/api/internal/artifacts/dsl/dependencies/ModuleFactoryHelper
instanceKlass org/gradle/api/internal/artifacts/DependencyResolveContext
instanceKlass org/gradle/api/internal/artifacts/dependencies/DefaultDependencyArtifact
instanceKlass org/gradle/api/internal/artifacts/repositories/resolver/PatternBasedResolver
instanceKlass net/minecraftforge/gradle/common/util/RunConfig$$Lambda$660
instanceKlass org/gradle/api/internal/file/DefaultFilePropertyFactory$ToFileTransformer
instanceKlass net/minecraftforge/gradle/common/util/ModConfig$$Lambda$659
instanceKlass net/minecraftforge/gradle/userdev/DependencyManagementExtension$$Lambda$658
instanceKlass net/minecraftforge/gradle/common/util/RunConfig$$Lambda$657
instanceKlass groovy/util/MapEntry
instanceKlass org/gradle/internal/logging/events/StyledTextOutputEvent$Span
instanceKlass org/gradle/internal/logging/events/operations/StyledTextBuildOperationProgressDetails$Span
instanceKlass org/gradle/internal/operations/logging/StyledTextBuildOperationProgressDetails$Span
instanceKlass org/gradle/api/plugins/FeatureSpec
instanceKlass org/gradle/api/plugins/JavaResolutionConsistency
instanceKlass org/gradle/jvm/toolchain/internal/DefaultJavaLanguageVersion
instanceKlass org/gradle/api/file/ExpandDetails
instanceKlass java/util/concurrent/ConcurrentLinkedQueue$Itr
instanceKlass org/codehaus/groovy/util/ManagedConcurrentLinkedQueue$Itr
instanceKlass org/codehaus/groovy/vmplugin/v8/IndyInterface$$Lambda$656
instanceKlass java/lang/invoke/LambdaForm$MH
instanceKlass java/util/Collections$UnmodifiableList$1
instanceKlass java/lang/invoke/LambdaForm$MH
instanceKlass java/lang/invoke/LambdaForm$MH
instanceKlass java/lang/invoke/LambdaForm$BMH
instanceKlass java/lang/invoke/LambdaForm$MH
instanceKlass java/lang/invoke/LambdaForm$MH
instanceKlass java/lang/invoke/MethodHandles$1
instanceKlass java/lang/invoke/SwitchPoint
instanceKlass java/lang/invoke/LambdaForm$DMH
instanceKlass java/lang/invoke/LambdaForm$DMH
instanceKlass org/codehaus/groovy/vmplugin/v8/MethodHandleWrapper
instanceKlass org/codehaus/groovy/vmplugin/v8/IndyInterface
instanceKlass groovy/lang/ExpandoMetaClass$$Lambda$655
instanceKlass java/lang/invoke/LambdaForm$DMH
instanceKlass org/gradle/internal/serialize/ExceptionReplacingObjectOutputStream$1
instanceKlass java/io/Bits
instanceKlass groovy/lang/DelegatingMetaClass
instanceKlass java/io/ObjectOutputStream$ReplaceTable
instanceKlass java/io/ObjectOutputStream$HandleTable
instanceKlass org/gradle/internal/serialize/Message
instanceKlass org/spongepowered/asm/gradle/plugins/MixinEclipse
instanceKlass org/codehaus/groovy/runtime/callsite/BooleanReturningMethodInvoker
instanceKlass org/spongepowered/asm/gradle/plugins/struct/DynamicProperties
instanceKlass org/spongepowered/asm/gradle/plugins/MixinExtension
instanceKlass org/gradle/api/plugins/ExtensionsSchema
instanceKlass org/gradle/model/internal/inspect/ExtractedRuleSource
instanceKlass org/gradle/model/internal/core/NodePredicate
instanceKlass org/gradle/model/internal/core/ModelView
instanceKlass org/codehaus/groovy/runtime/typehandling/ShortTypeHandling
instanceKlass org/gradle/util/VersionNumber$AbstractScheme$Scanner
instanceKlass org/gradle/util/VersionNumber$1
instanceKlass org/gradle/util/VersionNumber$AbstractScheme
instanceKlass org/gradle/util/VersionNumber$Scheme
instanceKlass org/codehaus/groovy/runtime/callsite/CallSiteArray$$Lambda$654
instanceKlass org/codehaus/groovy/runtime/StringGroovyMethods$1
instanceKlass org/gradle/util/VersionNumber
instanceKlass org/codehaus/groovy/runtime/RegexSupport
instanceKlass org/codehaus/groovy/runtime/metaclass/DefaultMetaClassInfo$ConstantMetaClassVersioning
instanceKlass org/codehaus/groovy/runtime/metaclass/DefaultMetaClassInfo
instanceKlass org/codehaus/groovy/runtime/BytecodeInterface8
instanceKlass groovy/transform/Generated
instanceKlass org/spongepowered/asm/gradle/plugins/MixinGradlePlugin
instanceKlass org/parchmentmc/librarian/forgegradle/LibrarianForgeGradlePlugin$$Lambda$653
instanceKlass java/time/format/DateTimeFormatter$$Lambda$652
instanceKlass java/time/format/DateTimeFormatter$$Lambda$651
instanceKlass java/time/format/DateTimeFormatterBuilder$TextPrinterParser
instanceKlass java/time/format/DateTimeTextProvider$1
instanceKlass java/time/format/DateTimeTextProvider
instanceKlass java/time/format/DateTimeTextProvider$LocaleStore
instanceKlass java/time/format/DateTimeFormatterBuilder$InstantPrinterParser
instanceKlass java/time/format/DateTimeFormatterBuilder$StringLiteralPrinterParser
instanceKlass java/time/format/DateTimeFormatterBuilder$ZoneIdPrinterParser
instanceKlass java/time/format/DateTimeFormatterBuilder$FractionPrinterParser
instanceKlass java/time/format/DateTimeFormatterBuilder$OffsetIdPrinterParser
instanceKlass java/time/format/DecimalStyle
instanceKlass java/time/format/DateTimeFormatterBuilder$CompositePrinterParser
instanceKlass java/time/chrono/AbstractChronology$$Lambda$650
instanceKlass java/time/chrono/AbstractChronology$$Lambda$649
instanceKlass java/time/chrono/AbstractChronology$$Lambda$648
instanceKlass java/time/chrono/AbstractChronology
instanceKlass java/time/format/DateTimeFormatterBuilder$CharLiteralPrinterParser
instanceKlass java/time/format/DateTimeFormatterBuilder$NumberPrinterParser
instanceKlass java/time/format/DateTimeFormatterBuilder$DateTimePrinterParser
instanceKlass java/time/format/DateTimeFormatterBuilder$2
instanceKlass java/time/temporal/IsoFields
instanceKlass java/time/format/DateTimeFormatterBuilder$$Lambda$647
instanceKlass java/time/format/DateTimeFormatterBuilder
instanceKlass org/parchmentmc/feather/named/Named
instanceKlass org/parchmentmc/feather/util/HasImmutable
instanceKlass org/parchmentmc/feather/io/gson/metadata/MetadataAdapterFactory
instanceKlass com/google/gson/internal/bind/TypeAdapters$31
instanceKlass org/parchmentmc/feather/util/SimpleVersion
instanceKlass com/google/gson/internal/$Gson$Types$ParameterizedTypeImpl
instanceKlass org/parchmentmc/feather/io/gson/MDCGsonAdapterFactory
instanceKlass net/minecraftforge/srgutils/IMappingFile$INode
instanceKlass net/minecraftforge/gradle/common/util/Utils$$Lambda$646
instanceKlass org/parchmentmc/librarian/forgegradle/LibrarianForgeGradlePlugin$$Lambda$645
instanceKlass org/parchmentmc/librarian/forgegradle/LibrarianForgeGradlePlugin$$Lambda$644
instanceKlass org/parchmentmc/librarian/forgegradle/ParchmentChannelProvider
instanceKlass org/parchmentmc/librarian/forgegradle/LibrarianForgeGradlePlugin
instanceKlass org/gradle/api/internal/AbstractTask$6
instanceKlass net/minecraftforge/gradle/userdev/UserDevPlugin$$Lambda$643
instanceKlass net/minecraftforge/gradle/userdev/UserDevPlugin$$Lambda$642
instanceKlass net/minecraftforge/gradle/userdev/UserDevPlugin$$Lambda$641
instanceKlass net/minecraftforge/gradle/userdev/UserDevPlugin$$Lambda$640
instanceKlass net/minecraftforge/srgutils/IRenamer
instanceKlass net/minecraftforge/gradle/userdev/UserDevPlugin$$Lambda$639
instanceKlass org/gradle/api/internal/tasks/DefaultTaskOutputs$$Lambda$638
instanceKlass net/minecraftforge/gradle/userdev/tasks/RenameJarInPlace$$Lambda$637
instanceKlass org/gradle/api/internal/provider/Collectors$ElementsFromArray
instanceKlass net/minecraftforge/gradle/userdev/tasks/RenameJarInPlace$$Lambda$636
instanceKlass org/gradle/jvm/toolchain/internal/JavaToolchainQueryService$$Lambda$635
instanceKlass org/gradle/jvm/toolchain/internal/DefaultJavaToolchainService$$Lambda$634
instanceKlass org/gradle/jvm/toolchain/JavaCompiler
instanceKlass org/gradle/jvm/toolchain/internal/JavaToolchain
instanceKlass org/gradle/jvm/toolchain/JavaInstallationMetadata
instanceKlass net/minecraftforge/gradle/common/tasks/JarExec$$Lambda$633
instanceKlass net/minecraftforge/gradle/common/tasks/JarExec$$Lambda$632
instanceKlass net/minecraftforge/gradle/common/tasks/JarExec$$Lambda$631
instanceKlass org/gradle/jvm/toolchain/JavaLauncher
instanceKlass com/google/common/collect/Multimap
instanceKlass org/gradle/api/internal/tasks/DefaultTaskContainer$2
instanceKlass org/apache/commons/lang3/StringUtils
instanceKlass org/gradle/api/internal/AbstractTask$9
instanceKlass org/gradle/util/ConfigureUtil
instanceKlass org/gradle/api/java/archives/internal/DefaultManifestMergeSpec
instanceKlass org/gradle/api/java/archives/ManifestMergeSpec
instanceKlass org/gradle/api/plugins/BasePlugin$$Lambda$630
instanceKlass org/gradle/api/internal/project/taskfactory/AnnotationProcessingTaskFactory$$Lambda$629
instanceKlass org/gradle/api/internal/project/taskfactory/StandardTaskAction
instanceKlass org/gradle/api/internal/project/taskfactory/DefaultTaskClassInfoStore$StandardTaskActionFactory
instanceKlass org/gradle/api/internal/project/taskfactory/DefaultTaskClassInfoStore$$Lambda$628
instanceKlass net/minecraftforge/gradle/userdev/manifest/DefaultInheritManifest
instanceKlass com/google/common/collect/Maps$EntryTransformer
instanceKlass com/google/common/collect/ImmutableMap
instanceKlass com/google/common/collect/BiMap
instanceKlass com/google/common/collect/SortedMapDifference
instanceKlass com/google/common/collect/MapDifference
instanceKlass com/google/common/collect/Maps
instanceKlass net/minecraftforge/gradle/userdev/dependency/AbstractDependencyManagementObject
instanceKlass net/minecraftforge/gradle/userdev/tasks/JarJar$$Lambda$627
instanceKlass net/minecraftforge/gradle/userdev/tasks/JarJar$$Lambda$626
instanceKlass org/gradle/jvm/tasks/Jar$ExcludeManifestAction
instanceKlass org/gradle/api/file/FileVisitDetails
instanceKlass org/gradle/api/internal/file/collections/GeneratedSingletonFileTree
instanceKlass org/gradle/api/internal/file/collections/GeneratedFiles
instanceKlass org/gradle/api/internal/file/collections/MinimalFileTree$MinimalFileTreeStructureVisitor
instanceKlass org/gradle/jvm/tasks/Jar$$Lambda$625
instanceKlass org/gradle/jvm/tasks/Jar$$Lambda$624
instanceKlass org/gradle/api/internal/lambdas/SerializableLambdas$SerializableAction
instanceKlass org/gradle/api/internal/AbstractTask$$Lambda$623
instanceKlass org/gradle/api/internal/lambdas/SerializableLambdas$SerializableFactory
instanceKlass org/gradle/api/internal/AbstractTask$$Lambda$622
instanceKlass org/gradle/jvm/tasks/Jar$$Lambda$621
instanceKlass org/gradle/api/java/archives/internal/DefaultAttributes
instanceKlass org/gradle/api/java/archives/Attributes
instanceKlass org/gradle/api/java/archives/internal/DefaultManifest
instanceKlass org/gradle/api/tasks/bundling/AbstractArchiveTask$$Lambda$620
instanceKlass org/gradle/api/tasks/AbstractCopyTask$$Lambda$619
instanceKlass org/gradle/api/tasks/AbstractCopyTask$$Lambda$618
instanceKlass org/gradle/api/tasks/AbstractCopyTask$$Lambda$617
instanceKlass org/gradle/api/tasks/AbstractCopyTask$$Lambda$616
instanceKlass org/gradle/api/tasks/AbstractCopyTask$$Lambda$615
instanceKlass org/gradle/api/tasks/AbstractCopyTask$$Lambda$614
instanceKlass org/gradle/api/internal/tasks/DefaultTaskInputPropertyRegistration
instanceKlass org/gradle/api/internal/tasks/TaskInputPropertyRegistration
instanceKlass org/gradle/api/internal/tasks/DefaultTaskInputs$$Lambda$613
instanceKlass org/gradle/api/tasks/AbstractCopyTask$$Lambda$612
instanceKlass org/gradle/api/internal/tasks/properties/FileParameterUtils$2
instanceKlass org/gradle/api/internal/tasks/properties/FileParameterUtils
instanceKlass org/gradle/api/internal/tasks/TaskPropertyUtils
instanceKlass org/gradle/api/internal/tasks/properties/ValidationAction
instanceKlass org/gradle/api/internal/tasks/AbstractTaskFilePropertyRegistration
instanceKlass org/gradle/api/internal/tasks/StaticValue
instanceKlass org/gradle/api/internal/tasks/DefaultTaskInputs$$Lambda$611
instanceKlass org/gradle/api/tasks/AbstractCopyTask$$Lambda$610
instanceKlass org/gradle/api/internal/file/copy/DefaultCopySpec$$Lambda$609
instanceKlass org/gradle/api/internal/file/copy/DefaultCopySpec$DefaultCopySpecAddress
instanceKlass java/lang/invoke/LambdaForm$MH
instanceKlass org/gradle/api/internal/file/copy/DefaultCopySpec$$Lambda$608
instanceKlass org/gradle/api/internal/file/copy/DefaultCopySpec$DefaultCopySpecResolver
instanceKlass org/gradle/api/internal/tasks/execution/SelfDescribingSpec
instanceKlass org/gradle/api/internal/tasks/DefaultTaskOutputs$$Lambda$607
instanceKlass org/gradle/api/tasks/AbstractCopyTask$$Lambda$606
instanceKlass org/gradle/api/tasks/AbstractCopyTask$$Lambda$605
instanceKlass org/gradle/api/internal/file/copy/PathNotationConverter
instanceKlass org/gradle/api/file/FileCopyDetails
instanceKlass org/gradle/api/internal/file/copy/CopySpecInternal$CopySpecVisitor
instanceKlass org/gradle/api/internal/file/copy/CopySpecInternal$CopySpecListener
instanceKlass org/gradle/api/internal/file/copy/DefaultCopySpec
instanceKlass org/gradle/api/internal/tasks/DefaultTaskLocalState
instanceKlass org/gradle/api/internal/tasks/DefaultTaskDestroyables
instanceKlass org/gradle/api/internal/tasks/TaskDestroyablesInternal
instanceKlass org/gradle/api/tasks/TaskOutputFilePropertyBuilder
instanceKlass org/gradle/api/internal/tasks/properties/OutputUnpacker$UnpackedOutputConsumer
instanceKlass org/gradle/api/internal/tasks/DefaultTaskOutputs
instanceKlass org/gradle/api/internal/tasks/TaskInputsDeprecationSupport
instanceKlass org/gradle/api/internal/FilePropertyContainer
instanceKlass org/gradle/api/internal/tasks/TaskInputFilePropertyRegistration
instanceKlass org/gradle/api/internal/tasks/TaskInputFilePropertyBuilderInternal
instanceKlass org/gradle/api/internal/tasks/TaskFilePropertyBuilderInternal
instanceKlass org/gradle/api/internal/tasks/TaskPropertyRegistration
instanceKlass org/gradle/api/tasks/TaskInputPropertyBuilder
instanceKlass org/gradle/api/tasks/TaskInputFilePropertyBuilder
instanceKlass org/gradle/api/tasks/TaskFilePropertyBuilder
instanceKlass org/gradle/api/tasks/TaskPropertyBuilder
instanceKlass org/gradle/api/internal/tasks/DefaultTaskInputs
instanceKlass org/gradle/internal/logging/slf4j/DefaultContextAwareTaskLogger
instanceKlass org/gradle/api/internal/AbstractTask$8
instanceKlass org/gradle/api/tasks/TaskAction
instanceKlass org/gradle/api/services/BuildService
instanceKlass org/gradle/api/internal/project/taskfactory/TaskFactory$1
instanceKlass org/gradle/api/internal/tasks/DefaultTaskContainer$TaskCreatingProvider$1
instanceKlass net/minecraftforge/gradle/userdev/UserDevPlugin$$Lambda$604
instanceKlass java/lang/invoke/LambdaForm$MH
instanceKlass java/lang/invoke/LambdaForm$DMH
instanceKlass net/minecraftforge/gradle/userdev/UserDevPlugin$$Lambda$603
instanceKlass java/lang/invoke/LambdaForm$DMH
instanceKlass net/minecraftforge/gradle/userdev/DependencyManagementExtension$$Lambda$602
instanceKlass net/minecraftforge/gradle/userdev/UserDevPlugin$$Lambda$601
instanceKlass net/minecraftforge/gradle/userdev/UserDevPlugin$$Lambda$600
instanceKlass org/gradle/api/internal/artifacts/dsl/DefaultArtifactHandler$DynamicMethods
instanceKlass org/gradle/api/internal/artifacts/dsl/DefaultArtifactHandler
instanceKlass net/minecraftforge/gradle/userdev/UserDevPlugin$$Lambda$599
instanceKlass org/xml/sax/Locator
instanceKlass org/apache/tools/ant/BuildLogger
instanceKlass org/apache/tools/ant/BuildListener
instanceKlass org/xml/sax/Attributes
instanceKlass net/minecraftforge/gradle/userdev/UserDevPlugin$$Lambda$598
instanceKlass net/minecraftforge/gradle/userdev/UserDevPlugin$$Lambda$597
instanceKlass net/minecraftforge/gradle/userdev/UserDevPlugin$$Lambda$596
instanceKlass net/minecraftforge/gradle/userdev/UserDevPlugin$$Lambda$595
instanceKlass net/minecraftforge/gradle/userdev/UserDevPlugin$$Lambda$594
instanceKlass net/minecraftforge/gradle/userdev/UserDevPlugin$$Lambda$593
instanceKlass net/minecraftforge/gradle/userdev/UserDevPlugin$$Lambda$592
instanceKlass org/gradle/api/internal/tasks/TaskMutator
instanceKlass org/gradle/api/internal/AbstractTask$TaskInfo
instanceKlass org/gradle/api/specs/CompositeSpec
instanceKlass org/gradle/api/internal/tasks/TaskStateInternal
instanceKlass org/gradle/api/internal/file/copy/CopySpecResolver
instanceKlass org/gradle/api/internal/file/copy/CopySpecInternal$CopySpecAddress
instanceKlass org/gradle/api/internal/file/copy/CopyActionExecuter
instanceKlass net/minecraftforge/gradle/userdev/manifest/InheritManifest
instanceKlass net/minecraftforge/jarjar/metadata/Metadata
instanceKlass net/minecraftforge/gradle/userdev/dependency/DependencyVersionInformationHandler
instanceKlass net/minecraftforge/gradle/userdev/dependency/DependencyFilter
instanceKlass net/minecraftforge/gradle/userdev/dependency/DependencyManagementObject
instanceKlass org/apache/maven/artifact/versioning/ArtifactVersion
instanceKlass org/gradle/api/java/archives/internal/ManifestInternal
instanceKlass org/gradle/api/internal/file/copy/ZipCompressor
instanceKlass org/gradle/api/internal/file/archive/compression/ArchiveOutputStreamFactory
instanceKlass org/gradle/api/publish/maven/MavenArtifactSet
instanceKlass org/gradle/api/publish/maven/MavenArtifact
instanceKlass org/gradle/api/publish/PublicationArtifact
instanceKlass org/gradle/api/internal/artifacts/repositories/DefaultRepositoryContentDescriptor$SpecMatcher
instanceKlass org/gradle/api/internal/artifacts/repositories/DefaultRepositoryContentDescriptor$ContentSpec
instanceKlass net/minecraftforge/gradle/common/util/BaseRepo$Builder$$Lambda$591
instanceKlass net/minecraftforge/gradle/common/util/BaseRepo$Builder$$Lambda$590
instanceKlass org/gradle/api/internal/artifacts/repositories/AbstractArtifactRepository$$Lambda$589
instanceKlass net/minecraftforge/gradle/common/util/BaseRepo$Builder$$Lambda$588
instanceKlass net/minecraftforge/artifactural/api/artifact/Artifact$Cached
instanceKlass net/minecraftforge/artifactural/base/cache/ArtifactCacheBase
instanceKlass net/minecraftforge/artifactural/gradle/GradleRepositoryAdapter$$Lambda$587
instanceKlass net/minecraftforge/artifactural/gradle/ReflectionUtils
instanceKlass net/minecraftforge/artifactural/api/cache/ArtifactCache
instanceKlass net/minecraftforge/artifactural/base/repository/SimpleRepository
instanceKlass net/minecraftforge/artifactural/api/repository/Repository
instanceKlass net/minecraftforge/artifactural/base/repository/ArtifactProviderBuilder$Complete
instanceKlass net/minecraftforge/artifactural/api/repository/ArtifactProvider$Builder$Complete
instanceKlass net/minecraftforge/gradle/common/util/BaseRepo$Builder$$Lambda$586
instanceKlass net/minecraftforge/artifactural/api/artifact/Artifact
instanceKlass net/minecraftforge/artifactural/base/repository/ArtifactProviderBuilder
instanceKlass net/minecraftforge/artifactural/api/repository/ArtifactProvider$Builder
instanceKlass net/minecraftforge/gradle/common/util/BaseRepo$Builder
instanceKlass org/gradle/api/XmlProvider
instanceKlass groovy/util/Node
instanceKlass net/minecraftforge/artifactural/api/artifact/ArtifactIdentifier
instanceKlass net/minecraftforge/gradle/common/util/BaseRepo
instanceKlass com/sun/org/apache/xml/internal/utils/XMLReaderManager
instanceKlass com/sun/org/apache/xml/internal/serializer/OutputPropertiesFactory$1
instanceKlass com/sun/org/apache/xml/internal/serializer/OutputPropertiesFactory
instanceKlass javax/xml/transform/Transformer
instanceKlass com/sun/org/apache/xalan/internal/xsltc/DOMCache
instanceKlass com/sun/org/apache/xalan/internal/utils/SecuritySupport$9
instanceKlass com/sun/org/apache/xalan/internal/utils/SecuritySupport$4
instanceKlass com/sun/org/apache/xalan/internal/utils/SecuritySupport
instanceKlass com/sun/org/apache/xalan/internal/utils/FeaturePropertyBase
instanceKlass javax/xml/transform/ErrorListener
instanceKlass com/sun/org/apache/xalan/internal/xsltc/compiler/SourceLoader
instanceKlass javax/xml/transform/SecuritySupport$1
instanceKlass javax/xml/transform/FactoryFinder$1
instanceKlass javax/xml/transform/SecuritySupport$5
instanceKlass javax/xml/transform/SecuritySupport$2
instanceKlass javax/xml/transform/SecuritySupport
instanceKlass javax/xml/transform/FactoryFinder
instanceKlass javax/xml/transform/TransformerFactory
instanceKlass com/sun/org/apache/xerces/internal/utils/XMLSecurityPropertyManager
instanceKlass com/sun/org/apache/xerces/internal/util/PropertyState
instanceKlass com/sun/org/apache/xerces/internal/util/FeatureState
instanceKlass com/sun/org/apache/xerces/internal/impl/msg/XMLMessageFormatter
instanceKlass com/sun/org/apache/xerces/internal/util/MessageFormatter
instanceKlass com/sun/org/apache/xerces/internal/impl/XMLVersionDetector
instanceKlass com/sun/org/apache/xerces/internal/impl/validation/ValidationManager
instanceKlass com/sun/org/apache/xerces/internal/impl/dv/dtd/NMTOKENDatatypeValidator
instanceKlass com/sun/org/apache/xerces/internal/impl/dv/dtd/NOTATIONDatatypeValidator
instanceKlass com/sun/org/apache/xerces/internal/impl/dv/dtd/ENTITYDatatypeValidator
instanceKlass com/sun/org/apache/xerces/internal/impl/dv/dtd/ListDatatypeValidator
instanceKlass com/sun/org/apache/xerces/internal/impl/dv/dtd/IDREFDatatypeValidator
instanceKlass com/sun/org/apache/xerces/internal/impl/dv/dtd/IDDatatypeValidator
instanceKlass com/sun/org/apache/xerces/internal/impl/dv/dtd/StringDatatypeValidator
instanceKlass com/sun/org/apache/xerces/internal/impl/dv/DatatypeValidator
instanceKlass com/sun/org/apache/xerces/internal/impl/dv/DTDDVFactory
instanceKlass com/sun/org/apache/xerces/internal/impl/dtd/DTDGrammarBucket
instanceKlass com/sun/org/apache/xerces/internal/impl/dtd/XMLAttributeDecl
instanceKlass com/sun/org/apache/xerces/internal/impl/dtd/XMLSimpleType
instanceKlass com/sun/org/apache/xerces/internal/impl/dtd/XMLElementDecl
instanceKlass com/sun/org/apache/xerces/internal/impl/validation/ValidationState
instanceKlass com/sun/org/apache/xerces/internal/impl/dv/ValidationContext
instanceKlass com/sun/org/apache/xerces/internal/impl/dtd/XMLDTDValidator
instanceKlass com/sun/org/apache/xerces/internal/impl/RevalidationHandler
instanceKlass com/sun/org/apache/xerces/internal/impl/dtd/XMLDTDValidatorFilter
instanceKlass com/sun/org/apache/xerces/internal/xni/parser/XMLDocumentFilter
instanceKlass com/sun/org/apache/xerces/internal/impl/dtd/XMLEntityDecl
instanceKlass com/sun/org/apache/xerces/internal/impl/dtd/XMLDTDProcessor
instanceKlass com/sun/org/apache/xerces/internal/xni/parser/XMLDTDContentModelFilter
instanceKlass com/sun/org/apache/xerces/internal/xni/parser/XMLDTDFilter
instanceKlass com/sun/org/apache/xerces/internal/xni/parser/XMLDTDScanner
instanceKlass com/sun/org/apache/xerces/internal/xni/parser/XMLDTDContentModelSource
instanceKlass com/sun/org/apache/xerces/internal/xni/parser/XMLDTDSource
instanceKlass com/sun/org/apache/xerces/internal/xni/grammars/XMLDTDDescription
instanceKlass com/sun/org/apache/xerces/internal/xni/grammars/XMLGrammarDescription
instanceKlass com/sun/org/apache/xerces/internal/impl/XMLDocumentScannerImpl$TrailingMiscDriver
instanceKlass com/sun/org/apache/xerces/internal/impl/XMLDocumentScannerImpl$PrologDriver
instanceKlass com/sun/org/apache/xerces/internal/impl/XMLDocumentScannerImpl$XMLDeclDriver
instanceKlass com/sun/org/apache/xerces/internal/util/NamespaceSupport
instanceKlass com/sun/org/apache/xerces/internal/xni/NamespaceContext
instanceKlass com/sun/org/apache/xerces/internal/util/XMLAttributesImpl$Attribute
instanceKlass com/sun/org/apache/xerces/internal/util/XMLAttributesImpl
instanceKlass com/sun/org/apache/xerces/internal/xni/XMLAttributes
instanceKlass com/sun/org/apache/xerces/internal/impl/XMLDocumentFragmentScannerImpl$FragmentContentDriver
instanceKlass com/sun/org/apache/xerces/internal/impl/XMLDocumentFragmentScannerImpl$Driver
instanceKlass com/sun/org/apache/xerces/internal/impl/XMLDocumentFragmentScannerImpl$ElementStack2
instanceKlass com/sun/org/apache/xerces/internal/xni/QName
instanceKlass com/sun/org/apache/xerces/internal/impl/XMLDocumentFragmentScannerImpl$ElementStack
instanceKlass com/sun/org/apache/xerces/internal/xni/XMLString
instanceKlass com/sun/org/apache/xerces/internal/impl/XMLScanner
instanceKlass com/sun/xml/internal/stream/XMLBufferListener
instanceKlass com/sun/org/apache/xerces/internal/impl/XMLEntityHandler
instanceKlass com/sun/org/apache/xerces/internal/xni/parser/XMLDocumentScanner
instanceKlass com/sun/org/apache/xerces/internal/xni/parser/XMLDocumentSource
instanceKlass com/sun/org/apache/xerces/internal/impl/XMLErrorReporter
instanceKlass com/sun/org/apache/xerces/internal/impl/XMLEntityScanner
instanceKlass com/sun/org/apache/xerces/internal/xni/XMLLocator
instanceKlass com/sun/xml/internal/stream/XMLEntityStorage
instanceKlass com/sun/org/apache/xerces/internal/utils/SecuritySupport$8
instanceKlass com/sun/org/apache/xerces/internal/utils/SecuritySupport$4
instanceKlass com/sun/org/apache/xerces/internal/utils/SecuritySupport
instanceKlass com/sun/org/apache/xerces/internal/utils/XMLSecurityManager
instanceKlass com/sun/org/apache/xerces/internal/util/AugmentationsImpl$AugmentationsItemsContainer
instanceKlass com/sun/org/apache/xerces/internal/util/AugmentationsImpl
instanceKlass com/sun/org/apache/xerces/internal/xni/Augmentations
instanceKlass com/sun/org/apache/xerces/internal/util/XMLResourceIdentifierImpl
instanceKlass com/sun/org/apache/xerces/internal/xni/XMLResourceIdentifier
instanceKlass com/sun/org/apache/xerces/internal/impl/XMLEntityManager
instanceKlass com/sun/org/apache/xerces/internal/xni/parser/XMLEntityResolver
instanceKlass com/sun/org/apache/xerces/internal/xni/parser/XMLComponent
instanceKlass com/sun/org/apache/xerces/internal/util/SymbolTable$Entry
instanceKlass com/sun/org/apache/xerces/internal/util/SymbolTable
instanceKlass javax/xml/parsers/SAXParserFactory
instanceKlass jdk/xml/internal/JdkXmlUtils
instanceKlass com/sun/org/apache/xerces/internal/util/ParserConfigurationSettings
instanceKlass com/sun/org/apache/xerces/internal/parsers/XML11Configurable
instanceKlass com/sun/org/apache/xerces/internal/xni/parser/XMLPullParserConfiguration
instanceKlass com/sun/org/apache/xerces/internal/xni/parser/XMLParserConfiguration
instanceKlass com/sun/org/apache/xerces/internal/xni/parser/XMLComponentManager
instanceKlass com/sun/org/apache/xerces/internal/parsers/XMLParser
instanceKlass com/sun/org/apache/xerces/internal/xni/XMLDTDContentModelHandler
instanceKlass com/sun/org/apache/xerces/internal/xni/XMLDTDHandler
instanceKlass com/sun/org/apache/xerces/internal/xni/XMLDocumentHandler
instanceKlass com/sun/org/apache/xerces/internal/jaxp/JAXPConstants
instanceKlass javax/xml/parsers/SecuritySupport$1
instanceKlass com/sun/org/apache/xpath/internal/jaxp/XPathImpl
instanceKlass javax/xml/xpath/XPath
instanceKlass javax/xml/transform/Source
instanceKlass javax/xml/transform/Result
instanceKlass net/minecraftforge/gradle/userdev/util/Deobfuscator
instanceKlass net/minecraftforge/gradle/userdev/UserDevPlugin$$Lambda$585
instanceKlass org/gradle/api/reflect/TypeOf$3
instanceKlass net/minecraftforge/gradle/userdev/UserDevPlugin$$Lambda$584
instanceKlass org/gradle/plugins/ide/eclipse/EclipsePlugin$9$3
instanceKlass org/gradle/plugins/ide/eclipse/EclipsePlugin$9$2
instanceKlass org/gradle/plugins/ide/eclipse/EclipsePlugin$9$1
instanceKlass org/gradle/api/plugins/JavaPlugin$$Lambda$583
instanceKlass org/gradle/api/plugins/JavaPlugin$$Lambda$582
instanceKlass org/gradle/api/internal/java/usagecontext/ConfigurationVariantDetailsInternal
instanceKlass org/gradle/api/component/ConfigurationVariantDetails
instanceKlass org/gradle/api/internal/java/usagecontext/ConfigurationVariantMapping
instanceKlass org/gradle/api/plugins/internal/JavaConfigurationVariantMapping
instanceKlass org/gradle/api/plugins/internal/DefaultAdhocSoftwareComponent
instanceKlass org/gradle/api/plugins/jvm/internal/DefaultJvmPluginServices$1
instanceKlass org/gradle/api/internal/artifacts/configurations/DefaultVariant
instanceKlass org/gradle/api/internal/artifacts/ConfigurationVariantInternal
instanceKlass org/gradle/api/plugins/jvm/internal/DefaultJvmPluginServices$$Lambda$581
instanceKlass org/gradle/api/internal/collections/AbstractIterationOrderRetainingElementSource$$Lambda$580
instanceKlass org/gradle/api/internal/provider/ChangingValueHandler
instanceKlass org/gradle/api/plugins/JavaPlugin$$Lambda$579
instanceKlass org/gradle/api/plugins/internal/JvmPluginsHelper$$Lambda$578
instanceKlass java/lang/invoke/LambdaForm$DMH
instanceKlass org/gradle/api/internal/provider/Collectors$ElementsFromCollectionProvider
instanceKlass org/gradle/api/internal/provider/AbstractCollectionProperty$CollectingSupplier
instanceKlass org/gradle/api/internal/artifacts/configurations/DefaultConfigurationPublications$$Lambda$577
instanceKlass org/gradle/api/plugins/JavaPlugin$$Lambda$576
instanceKlass org/gradle/api/plugins/JavaPlugin$$Lambda$575
instanceKlass org/gradle/api/internal/file/AbstractFileCollection$FileCollectionElementsFactory
instanceKlass org/gradle/api/plugins/JavaPlugin$$Lambda$574
instanceKlass org/gradle/api/plugins/JavaPlugin$$Lambda$573
instanceKlass org/gradle/api/plugins/jvm/internal/DefaultJvmPluginServices$DefaultElementsConfigurationBuilder$$Lambda$572
instanceKlass org/gradle/api/component/AdhocComponentWithVariants
instanceKlass org/gradle/api/plugins/jvm/internal/ResolvableConfigurationBuilder
instanceKlass org/gradle/api/plugins/jvm/internal/AbstractConfigurationBuilder
instanceKlass org/gradle/api/plugins/JavaPlugin$$Lambda$571
instanceKlass org/gradle/api/plugins/JavaPlugin$$Lambda$570
instanceKlass org/gradle/api/plugins/JavaPlugin$$Lambda$569
instanceKlass org/gradle/api/internal/artifacts/dsl/LazyPublishArtifact
instanceKlass org/gradle/api/internal/artifacts/publish/AbstractPublishArtifact
instanceKlass org/gradle/api/internal/artifacts/PublishArtifactInternal
instanceKlass org/gradle/api/plugins/JvmTestSuitePlugin$$Lambda$568
instanceKlass org/gradle/api/plugins/JvmTestSuitePlugin$$Lambda$567
instanceKlass org/gradle/api/internal/tasks/testing/report/TestReporter
instanceKlass org/gradle/api/internal/tasks/testing/junit/result/TestResultsProvider
instanceKlass org/gradle/api/internal/tasks/testing/TestResultProcessor
instanceKlass org/gradle/api/tasks/testing/TestOutputListener
instanceKlass org/gradle/api/tasks/testing/TestListener
instanceKlass org/gradle/api/reporting/DirectoryReport
instanceKlass org/gradle/api/reporting/ConfigurableReport
instanceKlass org/gradle/api/reporting/Report
instanceKlass org/gradle/api/internal/tasks/testing/logging/TestExceptionFormatter
instanceKlass org/gradle/api/reporting/ReportContainer
instanceKlass org/gradle/api/tasks/testing/TestFilter
instanceKlass org/gradle/api/attributes/VerificationType$Impl
instanceKlass org/gradle/api/attributes/VerificationType
instanceKlass org/gradle/api/plugins/JvmTestSuitePlugin$$Lambda$566
instanceKlass org/gradle/api/attributes/TestSuiteTargetName$Impl
instanceKlass org/gradle/api/attributes/TestSuiteTargetName
instanceKlass org/gradle/api/attributes/TestSuiteName$Impl
instanceKlass org/gradle/api/attributes/TestSuiteName
instanceKlass org/gradle/api/plugins/JvmTestSuitePlugin$$Lambda$565
instanceKlass org/gradle/api/plugins/JvmTestSuitePlugin$$Lambda$564
instanceKlass org/gradle/api/plugins/JvmTestSuitePlugin$$Lambda$563
instanceKlass org/gradle/api/plugins/jvm/internal/DefaultJvmTestSuite$$Lambda$562
instanceKlass org/gradle/api/plugins/jvm/internal/DefaultJvmTestSuiteTarget$$Lambda$561
instanceKlass org/gradle/api/plugins/JvmTestSuitePlugin$$Lambda$560
instanceKlass org/gradle/api/plugins/jvm/internal/DefaultJvmTestSuite$$Lambda$559
instanceKlass org/gradle/api/plugins/jvm/internal/DefaultJvmComponentDependencies
instanceKlass org/gradle/api/plugins/jvm/internal/DefaultJvmTestSuiteTarget
instanceKlass org/gradle/api/plugins/jvm/internal/DefaultJvmTestSuite$$Lambda$558
instanceKlass org/gradle/api/plugins/jvm/internal/DefaultJvmTestSuite$VersionedTestingFramework
instanceKlass org/gradle/api/plugins/jvm/JvmComponentDependencies
instanceKlass org/gradle/api/internal/tasks/testing/TestFramework
instanceKlass org/gradle/api/plugins/JavaPlugin$$Lambda$557
instanceKlass org/gradle/api/internal/file/DefaultSourceDirectorySet$$Lambda$556
instanceKlass org/gradle/api/internal/file/DefaultSourceDirectorySet$$Lambda$555
instanceKlass org/gradle/api/plugins/internal/JvmPluginsHelper$$Lambda$554
instanceKlass org/gradle/api/plugins/internal/JvmPluginsHelper$$Lambda$553
instanceKlass org/gradle/api/plugins/JavaBasePlugin$$Lambda$552
instanceKlass org/gradle/api/internal/tasks/compile/JavaCompileSpec
instanceKlass org/gradle/api/internal/tasks/compile/JvmLanguageCompileSpec
instanceKlass org/gradle/language/base/internal/compile/CompileSpec
instanceKlass org/gradle/api/internal/tasks/compile/incremental/recomp/RecompilationSpecProvider
instanceKlass groovy/util/ObservableList
instanceKlass org/gradle/api/internal/tasks/TaskLocalStateInternal
instanceKlass org/gradle/api/internal/TaskOutputsInternal
instanceKlass org/gradle/api/internal/TaskInputsInternal
instanceKlass org/gradle/internal/logging/slf4j/ContextAwareTaskLogger
instanceKlass org/gradle/api/internal/tasks/InputChangesAwareTaskAction
instanceKlass org/gradle/api/internal/tasks/ImplementationAwareTaskAction
instanceKlass org/gradle/api/tasks/compile/AbstractOptions
instanceKlass org/gradle/internal/Actions$CompositeAction
instanceKlass org/gradle/api/plugins/jvm/internal/DefaultJvmPluginServices$$Lambda$551
instanceKlass java/lang/invoke/LambdaForm$DMH
instanceKlass org/gradle/api/plugins/jvm/internal/DefaultJvmPluginServices$$Lambda$550
instanceKlass java/lang/invoke/LambdaForm$MH
instanceKlass java/lang/invoke/LambdaForm$DMH
instanceKlass java/lang/invoke/LambdaForm$DMH
instanceKlass org/gradle/api/plugins/internal/JvmPluginsHelper$$Lambda$549
instanceKlass java/lang/invoke/LambdaForm$DMH
instanceKlass org/gradle/api/plugins/internal/JvmPluginsHelper
instanceKlass org/gradle/api/plugins/JavaBasePlugin$$Lambda$548
instanceKlass org/gradle/api/plugins/JavaBasePlugin$$Lambda$547
instanceKlass org/gradle/api/plugins/JavaBasePlugin$$Lambda$546
instanceKlass org/gradle/api/plugins/JavaBasePlugin$$Lambda$545
instanceKlass org/gradle/api/plugins/jvm/internal/DefaultJvmPluginServices$$Lambda$544
instanceKlass org/gradle/api/attributes/java/TargetJvmEnvironment$Impl
instanceKlass org/gradle/api/plugins/jvm/internal/DefaultJvmEcosystemAttributesDetails
instanceKlass org/gradle/api/plugins/jvm/internal/DefaultJvmPluginServices$$Lambda$543
instanceKlass org/gradle/api/internal/file/collections/DefaultConfigurableFileCollection$UnresolvedItemsCollector
instanceKlass org/gradle/api/internal/tasks/DefaultSourceSetOutput$$Lambda$542
instanceKlass org/gradle/api/internal/tasks/DefaultTaskDependency$TaskDependencySet
instanceKlass org/gradle/api/internal/lambdas/SerializableLambdas
instanceKlass org/gradle/api/internal/tasks/DefaultSourceSet$$Lambda$541
instanceKlass org/gradle/api/internal/lambdas/SerializableLambdas$SerializableSpec
instanceKlass org/gradle/api/internal/file/DefaultSourceDirectorySet$SourceDirectories
instanceKlass org/gradle/internal/typeconversion/CharSequenceNotationParser
instanceKlass org/gradle/api/internal/jvm/ClassDirectoryBinaryNamingScheme
instanceKlass org/gradle/api/file/FileTreeElement
instanceKlass org/gradle/api/tasks/SourceSetOutput
instanceKlass org/gradle/api/internal/tasks/DefaultSourceSet
instanceKlass org/gradle/api/plugins/JvmTestSuitePlugin$$Lambda$540
instanceKlass org/gradle/api/plugins/JvmTestSuitePlugin$$Lambda$539
instanceKlass org/gradle/api/plugins/JvmTestSuitePlugin$$Lambda$538
instanceKlass org/gradle/api/plugins/jvm/internal/DefaultJvmTestSuite
instanceKlass org/gradle/testing/base/internal/DefaultTestingExtension
instanceKlass org/gradle/testing/base/plugins/TestSuiteBasePlugin
instanceKlass org/gradle/api/attributes/TestSuiteType
instanceKlass org/gradle/api/plugins/jvm/JvmTestSuiteTarget
instanceKlass org/gradle/testing/base/TestSuiteTarget
instanceKlass org/gradle/api/plugins/JvmTestSuitePlugin
instanceKlass org/gradle/plugins/ide/eclipse/EclipsePlugin$10
instanceKlass org/gradle/api/plugins/JavaTestFixturesPlugin
instanceKlass org/gradle/plugins/ide/eclipse/EclipsePlugin$9
instanceKlass org/gradle/plugins/ide/eclipse/EclipsePlugin$11
instanceKlass org/gradle/plugins/ide/eclipse/internal/AfterEvaluateHelper
instanceKlass org/gradle/plugins/ide/eclipse/EclipsePlugin$8$2
instanceKlass org/gradle/plugins/ide/eclipse/EclipsePlugin$8$1
instanceKlass org/gradle/plugins/ide/eclipse/EclipsePlugin$12$4
instanceKlass org/gradle/plugins/ide/eclipse/EclipsePlugin$12$3
instanceKlass org/gradle/plugins/ide/eclipse/EclipsePlugin$12$2
instanceKlass org/gradle/plugins/ide/eclipse/EclipsePlugin$12$1
instanceKlass org/gradle/api/internal/PropertiesTransformer
instanceKlass org/gradle/plugins/ide/eclipse/EclipsePlugin$4$1
instanceKlass org/gradle/api/plugins/JavaBasePlugin$$Lambda$537
instanceKlass org/gradle/api/plugins/JavaBasePlugin$$Lambda$536
instanceKlass org/gradle/api/plugins/JavaBasePlugin$$Lambda$535
instanceKlass org/gradle/api/plugins/JavaBasePlugin$$Lambda$534
instanceKlass org/gradle/api/plugins/JavaBasePlugin$$Lambda$533
instanceKlass org/gradle/api/plugins/JavaBasePlugin$$Lambda$532
instanceKlass org/gradle/jvm/toolchain/internal/JavaToolchainQueryService$$Lambda$531
instanceKlass org/gradle/jvm/toolchain/internal/JavaToolchainQueryService$$Lambda$530
instanceKlass org/gradle/jvm/toolchain/install/internal/DefaultJavaToolchainProvisioningService$$Lambda$529
instanceKlass org/gradle/language/java/internal/JavaLanguagePluginServiceRegistry$JavaProjectScopeServices$1
instanceKlass org/gradle/language/base/internal/compile/Compiler
instanceKlass org/gradle/api/internal/tasks/compile/DefaultJavaCompilerFactory
instanceKlass org/gradle/api/internal/tasks/compile/processing/AnnotationProcessorDeclarationSerializer
instanceKlass org/gradle/api/internal/tasks/compile/processing/AnnotationProcessorDetector$ProcessorServiceLocator
instanceKlass org/gradle/process/internal/worker/child/DefaultWorkerDirectoryProvider
instanceKlass org/gradle/workers/internal/WorkerDaemonExpiration
instanceKlass org/gradle/workers/internal/WorkerDaemonClientsManager$LogLevelChangeEventListener
instanceKlass org/gradle/workers/internal/WorkerDaemonClientsManager$StopSessionScopedWorkers
instanceKlass org/gradle/workers/internal/WorkerDaemonClientsManager$WorkerProcessCleanupAction
instanceKlass org/gradle/workers/internal/WorkerDaemonStarter
instanceKlass org/gradle/process/internal/health/memory/MemoryHolder
instanceKlass org/gradle/workers/internal/DefaultActionExecutionSpecFactory
instanceKlass org/gradle/internal/snapshot/impl/AbstractSetSnapshot
instanceKlass org/gradle/internal/snapshot/impl/AbstractListSnapshot
instanceKlass org/gradle/internal/snapshot/impl/EnumValueSnapshot
instanceKlass org/gradle/internal/snapshot/impl/JavaSerializedValueSnapshot
instanceKlass org/gradle/internal/snapshot/impl/NullValueSnapshot
instanceKlass org/gradle/internal/snapshot/impl/AbstractManagedValueSnapshot
instanceKlass org/gradle/workers/internal/IsolatableSerializerRegistry$IsolatedSetSerializer
instanceKlass org/gradle/workers/internal/IsolatableSerializerRegistry$IsolatedListSerializer
instanceKlass org/gradle/workers/internal/IsolatableSerializerRegistry$IsolatedArraySerializer
instanceKlass org/gradle/internal/snapshot/impl/AbstractMapSnapshot
instanceKlass org/gradle/workers/internal/IsolatableSerializerRegistry$AbstractIsolatedMapSerializer
instanceKlass org/gradle/workers/internal/IsolatableSerializerRegistry$IsolatedEnumValueSnapshotSerializer
instanceKlass org/gradle/workers/internal/IsolatableSerializerRegistry$NullValueSnapshotSerializer
instanceKlass org/gradle/workers/internal/IsolatableSerializerRegistry$IsolatedJavaSerializedValueSnapshotSerializer
instanceKlass org/gradle/workers/internal/IsolatableSerializerRegistry$FileValueSnapshotSerializer
instanceKlass org/gradle/workers/internal/IsolatableSerializerRegistry$IsolatedImmutableManagedValueSerializer
instanceKlass org/gradle/workers/internal/IsolatableSerializerRegistry$IsolatedManagedValueSerializer
instanceKlass org/gradle/workers/internal/IsolatableSerializerRegistry$AttributeDefinitionSnapshotSerializer
instanceKlass org/gradle/workers/internal/IsolatableSerializerRegistry$LongValueSnapshotSerializer
instanceKlass org/gradle/workers/internal/IsolatableSerializerRegistry$IntegerValueSnapshotSerializer
instanceKlass org/gradle/workers/internal/IsolatableSerializerRegistry$ShortValueSnapshotSerializer
instanceKlass org/gradle/workers/internal/IsolatableSerializerRegistry$BooleanValueSnapshotSerializer
instanceKlass org/gradle/workers/internal/IsolatableSerializerRegistry$StringValueSnapshotSerializer
instanceKlass org/gradle/workers/internal/IsolatableSerializerRegistry$IsolatableSerializer
instanceKlass org/gradle/process/internal/worker/child/ApplicationClassesInSystemClassLoaderWorkerImplementationFactory
instanceKlass org/gradle/process/internal/worker/child/WorkerImplementationFactory
instanceKlass org/gradle/process/internal/worker/WorkerProcessBuilder
instanceKlass org/gradle/process/internal/worker/MultiRequestWorkerProcessBuilder
instanceKlass org/gradle/process/internal/worker/SingleRequestWorkerProcessBuilder
instanceKlass org/gradle/process/internal/worker/WorkerProcessSettings
instanceKlass org/gradle/process/internal/worker/DefaultWorkerProcessFactory
instanceKlass org/gradle/process/internal/health/memory/DefaultMemoryManager$MemoryCheck
instanceKlass org/gradle/process/internal/health/memory/DefaultMemoryManager$OsMemoryListener
instanceKlass org/gradle/process/internal/health/memory/OsMemoryStatusSnapshot
instanceKlass sun/reflect/misc/Trampoline
instanceKlass sun/reflect/misc/MethodUtil$1
instanceKlass sun/management/Flag$1
instanceKlass sun/management/Flag
instanceKlass sun/management/ExtendedPlatformComponent
instanceKlass sun/management/DiagnosticCommandImpl$Wrapper
instanceKlass sun/management/DiagnosticCommandArgumentInfo
instanceKlass sun/management/DiagnosticCommandInfo
instanceKlass sun/management/DiagnosticCommandImpl$OperationInfoComparator
instanceKlass java/lang/management/ManagementFactory$3
instanceKlass com/sun/management/DiagnosticCommandMBean
instanceKlass com/sun/management/VMOption
instanceKlass sun/management/HotSpotDiagnostic
instanceKlass com/sun/management/HotSpotDiagnosticMXBean
instanceKlass com/sun/management/UnixOperatingSystemMXBean
instanceKlass sun/nio/ch/FileChannelImpl$1
instanceKlass sun/management/ManagementFactoryHelper$1
instanceKlass java/nio/Bits$1$1
instanceKlass sun/misc/JavaNioAccess$BufferPool
instanceKlass java/lang/management/BufferPoolMXBean
instanceKlass javax/management/MBeanInfo$ArrayGettersSafeAction
instanceKlass javax/management/openmbean/OpenMBeanOperationInfo
instanceKlass sun/management/ManagementFactoryHelper$PlatformLoggingImpl
instanceKlass sun/management/ManagementFactoryHelper$LoggingMXBean
instanceKlass java/util/logging/LoggingMXBean
instanceKlass java/lang/management/PlatformLoggingMXBean
instanceKlass java/lang/management/LockInfo
instanceKlass java/lang/management/ThreadInfo
instanceKlass sun/management/ThreadImpl
instanceKlass com/sun/management/ThreadMXBean
instanceKlass java/lang/management/ThreadMXBean
instanceKlass sun/management/RuntimeImpl
instanceKlass java/lang/management/RuntimeMXBean
instanceKlass sun/management/BaseOperatingSystemImpl
instanceKlass com/sun/management/OperatingSystemMXBean
instanceKlass java/lang/management/OperatingSystemMXBean
instanceKlass javax/management/DescriptorKey
instanceKlass com/sun/management/GcInfo
instanceKlass javax/management/openmbean/CompositeDataView
instanceKlass jdk/Exported
instanceKlass com/sun/jmx/mbeanserver/PerInterface$MethodAndSig
instanceKlass sun/management/CompilationImpl
instanceKlass sun/management/VMManagementImpl$1
instanceKlass java/lang/management/CompilationMXBean
instanceKlass com/sun/jmx/mbeanserver/WeakIdentityHashMap
instanceKlass com/sun/jmx/mbeanserver/MXBeanLookup
instanceKlass com/sun/jmx/mbeanserver/PerInterface$InitMaps
instanceKlass com/sun/jmx/mbeanserver/PerInterface
instanceKlass javax/management/openmbean/OpenMBeanAttributeInfo
instanceKlass javax/management/openmbean/OpenMBeanParameterInfo
instanceKlass com/sun/jmx/mbeanserver/MBeanIntrospector$MBeanInfoMaker
instanceKlass com/sun/jmx/mbeanserver/MBeanAnalyzer$MBeanVisitor
instanceKlass com/sun/jmx/mbeanserver/MBeanAnalyzer$AttrMethods
instanceKlass com/sun/jmx/mbeanserver/MXBeanMapping
instanceKlass javax/management/openmbean/TabularData
instanceKlass javax/management/openmbean/CompositeData
instanceKlass javax/management/openmbean/OpenType
instanceKlass com/sun/jmx/mbeanserver/MXBeanMappingFactory
instanceKlass com/sun/jmx/mbeanserver/ConvertingMethod
instanceKlass com/sun/jmx/mbeanserver/MBeanAnalyzer$MethodOrder
instanceKlass com/sun/jmx/mbeanserver/MBeanAnalyzer
instanceKlass com/sun/jmx/mbeanserver/MBeanIntrospector
instanceKlass javax/management/MXBean
instanceKlass com/sun/jmx/mbeanserver/MBeanSupport
instanceKlass com/sun/jmx/mbeanserver/DescriptorCache
instanceKlass javax/management/JMX
instanceKlass javax/management/StandardMBean
instanceKlass java/lang/management/ManagementFactory$2
instanceKlass sun/management/Util
instanceKlass sun/management/ClassLoadingImpl
instanceKlass java/lang/management/ClassLoadingMXBean
instanceKlass java/lang/management/PlatformComponent$15
instanceKlass java/lang/management/PlatformComponent$14
instanceKlass java/lang/management/PlatformComponent$13
instanceKlass java/lang/management/PlatformComponent$12
instanceKlass java/lang/management/PlatformComponent$11
instanceKlass java/lang/management/PlatformComponent$10
instanceKlass java/lang/management/PlatformComponent$9
instanceKlass java/lang/management/PlatformComponent$8
instanceKlass java/lang/management/PlatformComponent$7
instanceKlass java/lang/management/PlatformComponent$6
instanceKlass java/lang/management/PlatformComponent$5
instanceKlass java/lang/management/PlatformComponent$4
instanceKlass java/lang/management/PlatformComponent$3
instanceKlass java/lang/management/PlatformComponent$2
instanceKlass java/lang/management/PlatformComponent$1
instanceKlass java/lang/management/PlatformComponent$MXBeanFetcher
instanceKlass com/sun/jmx/mbeanserver/JmxMBeanServer$3
instanceKlass javax/management/ObjectInstance
instanceKlass com/sun/jmx/mbeanserver/NamedObject
instanceKlass com/sun/jmx/interceptor/DefaultMBeanServerInterceptor$ResourceContext$1
instanceKlass com/sun/jmx/interceptor/DefaultMBeanServerInterceptor$ResourceContext
instanceKlass com/sun/jmx/mbeanserver/Repository$RegistrationContext
instanceKlass com/sun/jmx/mbeanserver/DynamicMBean2
instanceKlass com/sun/jmx/defaults/JmxProperties
instanceKlass com/sun/jmx/mbeanserver/Introspector
instanceKlass com/sun/jmx/mbeanserver/JmxMBeanServer$2
instanceKlass com/sun/jmx/interceptor/DefaultMBeanServerInterceptor
instanceKlass com/sun/jmx/interceptor/MBeanServerInterceptor
instanceKlass com/sun/jmx/mbeanserver/Repository
instanceKlass com/sun/jmx/mbeanserver/JmxMBeanServer$1
instanceKlass com/sun/jmx/mbeanserver/SecureClassLoaderRepository
instanceKlass com/sun/jmx/mbeanserver/MBeanInstantiator
instanceKlass com/sun/jmx/mbeanserver/ClassLoaderRepositorySupport$LoaderEntry
instanceKlass com/sun/jmx/mbeanserver/ClassLoaderRepositorySupport
instanceKlass com/sun/jmx/mbeanserver/ModifiableClassLoaderRepository
instanceKlass javax/management/loading/ClassLoaderRepository
instanceKlass javax/management/ImmutableDescriptor
instanceKlass javax/management/Descriptor
instanceKlass com/sun/jmx/remote/util/ClassLogger
instanceKlass javax/management/NotificationBroadcasterSupport$1
instanceKlass javax/management/NotificationBroadcasterSupport
instanceKlass javax/management/MBeanInfo
instanceKlass javax/management/MBeanFeatureInfo
instanceKlass javax/management/DescriptorRead
instanceKlass javax/management/MBeanServerDelegate
instanceKlass javax/management/MBeanServerDelegateMBean
instanceKlass javax/management/MBeanRegistration
instanceKlass javax/management/DynamicMBean
instanceKlass com/sun/jmx/mbeanserver/JmxMBeanServer
instanceKlass com/sun/jmx/mbeanserver/SunJmxMBeanServer
instanceKlass javax/management/MBeanServer
instanceKlass javax/management/MBeanServerConnection
instanceKlass javax/management/MBeanServerBuilder
instanceKlass javax/management/MBeanServerFactory
instanceKlass com/sun/jmx/mbeanserver/Util
instanceKlass javax/management/ObjectName$Property
instanceKlass com/sun/jmx/mbeanserver/GetPropertyAction
instanceKlass javax/management/ObjectName
instanceKlass javax/management/QueryExp
instanceKlass org/gradle/process/internal/health/memory/MBeanAttributeProvider
instanceKlass org/gradle/process/internal/health/memory/JvmMemoryStatusListener
instanceKlass org/gradle/process/internal/health/memory/DefaultMemoryManager
instanceKlass org/gradle/process/internal/health/memory/JvmMemoryStatus
instanceKlass org/gradle/process/internal/health/memory/DefaultJvmMemoryInfo
instanceKlass org/gradle/process/internal/health/memory/OsMemoryStatus
instanceKlass org/gradle/process/internal/health/memory/MBeanOsMemoryInfo
instanceKlass org/gradle/process/internal/health/memory/DefaultOsMemoryInfo
instanceKlass org/gradle/internal/jvm/inspection/DefaultJvmVersionDetector
instanceKlass org/gradle/internal/remote/internal/hub/MessageHubBackedServer
instanceKlass org/gradle/internal/jvm/inspection/JvmInstallationMetadata$DefaultJvmInstallationMetadata$$Lambda$528
instanceKlass org/gradle/internal/jvm/inspection/JvmInstallationMetadata$DefaultJvmInstallationMetadata
instanceKlass org/gradle/internal/jvm/inspection/CachingJvmMetadataDetector$$Lambda$527
instanceKlass org/gradle/internal/jvm/inspection/JvmInstallationMetadata
instanceKlass org/gradle/internal/jvm/inspection/DefaultJvmMetadataDetector
instanceKlass org/gradle/internal/jvm/inspection/CachingJvmMetadataDetector
instanceKlass org/gradle/jvm/toolchain/internal/JavaInstallationRegistry$$Lambda$526
instanceKlass net/rubygrapefruit/platform/internal/DefaultWindowsRegistry
instanceKlass org/apache/xerces/jaxp/JAXPConstants
instanceKlass javax/xml/parsers/DocumentBuilder
instanceKlass javax/xml/parsers/FactoryFinder$1
instanceKlass javax/xml/parsers/SecuritySupport$5
instanceKlass javax/xml/parsers/SecuritySupport$2
instanceKlass javax/xml/parsers/SecuritySupport
instanceKlass javax/xml/parsers/FactoryFinder
instanceKlass javax/xml/parsers/DocumentBuilderFactory
instanceKlass jdk/xml/internal/XMLSecurityManager
instanceKlass jdk/xml/internal/SecuritySupport$3
instanceKlass jdk/xml/internal/SecuritySupport$1
instanceKlass jdk/xml/internal/SecuritySupport
instanceKlass jdk/xml/internal/JdkXmlFeatures
instanceKlass javax/xml/xpath/XPathFactoryFinder$2
instanceKlass javax/xml/xpath/SecuritySupport$8
instanceKlass javax/xml/xpath/SecuritySupport$2
instanceKlass javax/xml/xpath/XPathFactoryFinder
instanceKlass javax/xml/xpath/SecuritySupport$1
instanceKlass javax/xml/xpath/SecuritySupport
instanceKlass javax/xml/xpath/XPathFactory
instanceKlass org/gradle/jvm/toolchain/internal/AutoInstalledInstallationSupplier$$Lambda$525
instanceKlass org/gradle/jvm/toolchain/internal/AsdfInstallationSupplier$$Lambda$524
instanceKlass org/gradle/api/internal/provider/sources/SystemPropertyValueSource$Parameters_Decorated
instanceKlass org/gradle/api/internal/provider/sources/SystemPropertyValueSource$Parameters
instanceKlass org/gradle/api/internal/provider/DefaultProviderFactory$$Lambda$523
instanceKlass org/gradle/api/internal/provider/sources/EnvironmentVariableValueSource$Parameters_Decorated
instanceKlass org/gradle/api/internal/provider/sources/EnvironmentVariableValueSource$Parameters
instanceKlass org/gradle/api/internal/provider/DefaultProviderFactory$$Lambda$522
instanceKlass org/gradle/api/internal/provider/sources/EnvironmentVariableValueSource
instanceKlass org/gradle/jvm/toolchain/internal/AutoDetectingInstallationSupplier$$Lambda$521
instanceKlass org/gradle/api/internal/provider/DefaultValueSourceProviderFactory$LazilyObtainedValue
instanceKlass org/gradle/api/internal/provider/DefaultValueSourceProviderFactory$DefaultObtainedValue
instanceKlass org/gradle/api/internal/provider/DefaultValueSourceProviderFactory$DefaultValueSourceSpec
instanceKlass org/gradle/api/internal/provider/sources/GradlePropertyValueSource$Parameters_Decorated
instanceKlass org/gradle/api/internal/provider/sources/GradlePropertyValueSource$Parameters
instanceKlass org/gradle/api/internal/provider/sources/AbstractPropertyValueSource$Parameters
instanceKlass org/gradle/api/internal/provider/DefaultProviderFactory$$Lambda$520
instanceKlass org/gradle/api/internal/provider/sources/AbstractPropertyValueSource
instanceKlass org/gradle/api/plugins/JavaPluginConvention
instanceKlass org/gradle/internal/jvm/DefaultModularitySpec
instanceKlass org/gradle/api/jvm/ModularitySpec
instanceKlass org/gradle/api/java/archives/Manifest
instanceKlass org/gradle/jvm/toolchain/internal/DefaultJvmVendorSpec$$Lambda$519
instanceKlass org/gradle/jvm/toolchain/internal/DefaultJvmVendorSpec$$Lambda$518
instanceKlass org/gradle/internal/jvm/inspection/JvmVendor
instanceKlass org/gradle/jvm/toolchain/JvmVendorSpec
instanceKlass org/gradle/jvm/toolchain/JavaLanguageVersion
instanceKlass org/gradle/jvm/toolchain/JvmImplementation
instanceKlass org/gradle/jvm/toolchain/internal/DefaultToolchainSpec
instanceKlass org/gradle/jvm/toolchain/internal/ToolchainSpecInternal
instanceKlass org/gradle/api/reporting/ReportSpec
instanceKlass org/gradle/api/reporting/ReportingExtension
instanceKlass org/gradle/api/plugins/ReportingBasePlugin
instanceKlass org/gradle/internal/reflect/MethodSet$1
instanceKlass org/gradle/api/internal/artifacts/type/DefaultArtifactTypeContainer$DefaultArtifactTypeDefinition
instanceKlass org/gradle/api/internal/tasks/DefaultSourceSetContainer$1
instanceKlass org/gradle/api/plugins/JvmEcosystemPlugin
instanceKlass org/gradle/api/plugins/BasePlugin$$Lambda$517
instanceKlass org/gradle/api/plugins/BasePlugin$$Lambda$516
instanceKlass org/gradle/api/internal/ExecuteDomainObjectCollectionCallbackBuildOperationType$1
instanceKlass org/gradle/api/internal/ExecuteDomainObjectCollectionCallbackBuildOperationType$Result
instanceKlass org/gradle/api/internal/ExecuteDomainObjectCollectionCallbackBuildOperationType
instanceKlass org/gradle/api/internal/DefaultCollectionCallbackActionDecorator$OperationDetails
instanceKlass org/gradle/api/internal/DefaultCollectionCallbackActionDecorator$Operation
instanceKlass org/gradle/api/plugins/BasePlugin$$Lambda$515
instanceKlass org/gradle/api/plugins/BasePlugin$$Lambda$514
instanceKlass org/gradle/api/internal/plugins/AbstractRule
instanceKlass org/gradle/api/internal/file/DefaultFilePropertyFactory$PathToDirectoryTransformer
instanceKlass org/gradle/api/plugins/BasePluginConvention
instanceKlass org/gradle/api/plugins/internal/DefaultBasePluginExtension
instanceKlass org/gradle/language/base/plugins/LifecycleBasePlugin$$Lambda$513
instanceKlass org/gradle/language/base/plugins/LifecycleBasePlugin$$Lambda$512
instanceKlass org/gradle/language/base/plugins/LifecycleBasePlugin$$Lambda$511
instanceKlass org/gradle/language/base/internal/plugins/CleanRule
instanceKlass org/gradle/language/base/plugins/LifecycleBasePlugin$$Lambda$510
instanceKlass org/gradle/language/base/plugins/LifecycleBasePlugin$$Lambda$509
instanceKlass org/gradle/language/base/plugins/LifecycleBasePlugin
instanceKlass org/gradle/api/internal/plugins/DefaultArtifactPublicationSet
instanceKlass org/gradle/api/plugins/BasePluginExtension
instanceKlass org/gradle/api/plugins/BasePlugin
instanceKlass org/gradle/api/internal/tasks/compile/HasCompileOptions
instanceKlass org/gradle/api/reporting/Reporting
instanceKlass org/gradle/api/tasks/VerificationTask
instanceKlass org/gradle/api/plugins/internal/DefaultJavaPluginExtension
instanceKlass org/gradle/api/plugins/JavaPlatformPlugin
instanceKlass org/gradle/api/internal/plugins/PluginManagerInternal$PluginWithId
instanceKlass org/gradle/api/plugins/internal/DefaultSoftwareComponentFactory
instanceKlass org/gradle/api/plugins/jvm/internal/OutgoingElementsBuilder
instanceKlass org/gradle/testing/base/TestingExtension
instanceKlass org/gradle/api/plugins/jvm/JvmTestSuite
instanceKlass org/gradle/testing/base/TestSuite
instanceKlass org/gradle/api/plugins/JavaPlugin$BuildableJavaComponentImpl
instanceKlass org/gradle/api/internal/component/BuildableJavaComponent
instanceKlass org/gradle/api/plugins/JavaPlugin
instanceKlass org/gradle/api/internal/provider/TypeSanitizingTransformer
instanceKlass net/minecraftforge/gradle/common/legacy/LegacyExtension$$Lambda$508
instanceKlass net/minecraftforge/srgutils/MinecraftVersion
instanceKlass com/google/common/collect/Hashing
instanceKlass com/google/common/math/IntMath$1
instanceKlass com/google/common/math/MathPreconditions
instanceKlass com/google/common/math/IntMath
instanceKlass net/minecraftforge/gradle/mcp/MCPChannelProvider
instanceKlass com/google/common/collect/PeekingIterator
instanceKlass com/google/common/collect/UnmodifiableIterator
instanceKlass com/google/common/collect/Iterators
instanceKlass com/google/common/collect/ImmutableSet$SetBuilderImpl
instanceKlass net/minecraftforge/gradle/mcp/OfficialChannelProvider
instanceKlass net/minecraftforge/gradle/mcp/ChannelProvider
instanceKlass net/minecraftforge/gradle/mcp/ChannelProvidersExtension
instanceKlass org/gradle/api/internal/file/collections/DefaultConfigurableFileCollection$EmptyCollector
instanceKlass org/gradle/api/internal/file/collections/DefaultConfigurableFileCollection$ValueCollector
instanceKlass org/gradle/api/internal/DynamicPropertyNamer
instanceKlass net/minecraftforge/gradle/common/util/MinecraftExtension$$Lambda$507
instanceKlass net/minecraftforge/gradle/common/util/MinecraftExtension$$Lambda$506
instanceKlass java/lang/invoke/LambdaForm$MH
instanceKlass java/lang/invoke/LambdaForm$DMH
instanceKlass java/lang/invoke/LambdaForm$DMH
instanceKlass org/gradle/internal/instantiation/generator/AsmBackedClassGenerator$ClassBuilderImpl$$Lambda$505
instanceKlass java/lang/invoke/LambdaForm$DMH
instanceKlass net/minecraftforge/gradle/common/util/Utils$$Lambda$504
instanceKlass java/lang/invoke/LambdaForm$BMH
instanceKlass java/lang/invoke/LambdaForm$MH
instanceKlass net/minecraftforge/gradle/common/util/Utils$$Lambda$503
instanceKlass com/google/gson/internal/bind/ReflectiveTypeAdapterFactory$BoundField
instanceKlass com/google/gson/internal/bind/ReflectiveTypeAdapterFactory
instanceKlass com/google/gson/internal/bind/JsonAdapterAnnotationTypeAdapterFactory
instanceKlass com/google/gson/internal/bind/MapTypeAdapterFactory
instanceKlass com/google/gson/internal/bind/CollectionTypeAdapterFactory
instanceKlass com/google/gson/internal/bind/ArrayTypeAdapter$1
instanceKlass com/google/gson/internal/bind/SqlDateTypeAdapter$1
instanceKlass com/google/gson/internal/bind/TimeTypeAdapter$1
instanceKlass com/google/gson/internal/bind/DateTypeAdapter$1
instanceKlass java/util/concurrent/atomic/AtomicLongArray
instanceKlass com/google/gson/internal/bind/ObjectTypeAdapter$1
instanceKlass com/google/gson/internal/bind/TypeAdapters$30
instanceKlass com/google/gson/internal/bind/TypeAdapters$34
instanceKlass com/google/gson/internal/bind/TypeAdapters$26
instanceKlass com/google/gson/internal/bind/TypeAdapters$35
instanceKlass java/util/concurrent/atomic/AtomicIntegerArray
instanceKlass com/google/gson/internal/bind/TypeAdapters$33
instanceKlass com/google/gson/internal/bind/TypeAdapters$32
instanceKlass com/google/gson/internal/bind/TypeAdapters
instanceKlass com/google/gson/internal/JavaVersion
instanceKlass com/google/gson/internal/reflect/ReflectionAccessor
instanceKlass com/google/gson/internal/ObjectConstructor
instanceKlass com/google/gson/internal/ConstructorConstructor
instanceKlass com/google/gson/Gson
instanceKlass net/minecraftforge/gradle/common/util/VersionJson$Argument$Deserializer
instanceKlass net/minecraftforge/gradle/common/util/VersionJson$RuledObject
instanceKlass com/google/gson/internal/bind/TreeTypeAdapter$SingleTypeFactory
instanceKlass com/google/gson/JsonDeserializationContext
instanceKlass com/google/gson/JsonSerializationContext
instanceKlass com/google/gson/stream/JsonWriter
instanceKlass com/google/gson/stream/JsonReader
instanceKlass com/google/gson/internal/$Gson$Types
instanceKlass com/google/gson/reflect/TypeToken
instanceKlass com/google/gson/InstanceCreator
instanceKlass com/google/gson/internal/$Gson$Preconditions
instanceKlass com/google/gson/JsonSerializer
instanceKlass net/minecraftforge/gradle/common/config/MCPConfigV1$Step$Deserializer
instanceKlass com/google/gson/JsonDeserializer
instanceKlass net/minecraftforge/gradle/common/config/MCPConfigV1$Step
instanceKlass com/google/gson/JsonElement
instanceKlass com/google/gson/internal/Excluder
instanceKlass com/google/gson/TypeAdapterFactory
instanceKlass com/google/gson/TypeAdapter
instanceKlass com/google/gson/FieldNamingStrategy
instanceKlass com/google/gson/GsonBuilder
instanceKlass net/minecraftforge/gradle/common/util/Utils
instanceKlass sun/net/www/protocol/http/HttpURLConnection$10
instanceKlass sun/security/rsa/MGF1
instanceKlass sun/net/www/http/KeepAliveEntry
instanceKlass sun/net/www/http/KeepAliveCache$1
instanceKlass sun/net/www/HeaderParser
instanceKlass sun/net/www/protocol/http/AuthCacheImpl
instanceKlass sun/net/www/protocol/http/AuthCache
instanceKlass sun/net/www/protocol/http/AuthCacheValue
instanceKlass sun/net/DefaultProgressMeteringPolicy
instanceKlass sun/net/ProgressMeteringPolicy
instanceKlass sun/net/ProgressMonitor
instanceKlass sun/security/ssl/TransportContext$NotifyHandshake$1
instanceKlass sun/security/ssl/TransportContext$NotifyHandshake
instanceKlass sun/security/ssl/SSLBasicKeyDerivation$SecretSizeSpec
instanceKlass sun/security/ssl/SSLBasicKeyDerivation
instanceKlass sun/security/ssl/Finished$1
instanceKlass sun/security/ssl/Finished$T13VerifyDataGenerator
instanceKlass sun/security/ssl/Finished$T12VerifyDataGenerator
instanceKlass sun/security/ssl/Finished$T10VerifyDataGenerator
instanceKlass sun/security/ssl/Finished$S30VerifyDataGenerator
instanceKlass sun/security/ssl/Finished$VerifyDataGenerator
instanceKlass sun/security/ssl/X509Authentication$X509Credentials
instanceKlass sun/security/util/HostnameChecker
instanceKlass sun/security/validator/SymantecTLSPolicy
instanceKlass sun/security/validator/CADistrustPolicy$2
instanceKlass java/util/Vector$Itr
instanceKlass java/security/cert/PKIXCertPathValidatorResult
instanceKlass java/security/cert/CertPathValidatorResult
instanceKlass sun/security/provider/certpath/CertPathConstraintsParameters
instanceKlass sun/security/provider/certpath/PKIXMasterCertPathValidator
instanceKlass sun/security/provider/certpath/PolicyNodeImpl
instanceKlass java/security/cert/PolicyNode
instanceKlass java/security/cert/X509CertSelector
instanceKlass java/security/cert/CertSelector
instanceKlass sun/security/provider/certpath/PKIX$ValidatorParams
instanceKlass sun/security/provider/certpath/PKIX
instanceKlass java/security/cert/CertPathValidatorSpi
instanceKlass java/security/cert/CertPathValidator
instanceKlass sun/security/ssl/SSLAlgorithmConstraints$SupportedSignatureAlgorithmConstraints
instanceKlass java/security/cert/PKIXParameters
instanceKlass java/security/cert/CertPathParameters
instanceKlass javax/net/ssl/SSLEngine
instanceKlass sun/security/ssl/CertificateMessage$CertificateEntry
instanceKlass sun/security/ssl/ServerNameExtension$SHServerNamesSpec
instanceKlass com/sun/crypto/provider/GHASH
instanceKlass com/sun/crypto/provider/PKCS5Padding
instanceKlass com/sun/crypto/provider/Padding
instanceKlass com/sun/crypto/provider/FeedbackCipher
instanceKlass com/sun/crypto/provider/CipherCore
instanceKlass com/sun/crypto/provider/AESConstants
instanceKlass com/sun/crypto/provider/SymmetricCipher
instanceKlass javax/crypto/CipherSpi
instanceKlass javax/crypto/spec/GCMParameterSpec
instanceKlass sun/security/ssl/ChangeCipherSpec$T13ChangeCipherSpecConsumer
instanceKlass sun/security/ssl/ChangeCipherSpec$T10ChangeCipherSpecProducer
instanceKlass sun/security/ssl/ChangeCipherSpec$T10ChangeCipherSpecConsumer
instanceKlass sun/security/ssl/ChangeCipherSpec
instanceKlass javax/crypto/spec/IvParameterSpec
instanceKlass sun/security/ssl/SSLTrafficKeyDerivation$T13TrafficKeyDerivation
instanceKlass sun/security/ssl/SSLTrafficKeyDerivation$1
instanceKlass sun/security/ssl/SSLTrafficKeyDerivation$T13TrafficKeyDerivationGenerator
instanceKlass sun/security/ssl/SSLTrafficKeyDerivation$T12TrafficKeyDerivationGenerator
instanceKlass sun/security/ssl/SSLTrafficKeyDerivation$T10TrafficKeyDerivationGenerator
instanceKlass sun/security/ssl/SSLTrafficKeyDerivation$S30TrafficKeyDerivationGenerator
instanceKlass sun/security/ssl/SSLKeyDerivationGenerator
instanceKlass sun/security/ssl/SSLSecretDerivation
instanceKlass javax/crypto/MacSpi
instanceKlass javax/crypto/Mac
instanceKlass sun/security/ssl/HKDF
instanceKlass sun/security/ec/ECDHKeyAgreement$$Lambda$502
instanceKlass javax/crypto/spec/SecretKeySpec
instanceKlass javax/crypto/KeyAgreementSpi
instanceKlass sun/security/ssl/ECDHKeyExchange$ECDHEKAKeyDerivation
instanceKlass sun/security/ssl/SSLKeyDerivation
instanceKlass java/security/spec/ECPublicKeySpec
instanceKlass sun/security/ssl/ECDHKeyExchange$ECDHECredentials
instanceKlass sun/security/ssl/SSLCredentials
instanceKlass sun/security/ssl/KeyShareExtension$SHKeyShareSpec
instanceKlass sun/security/ssl/HandshakeHash$NonCloneableHash
instanceKlass sun/security/ssl/HandshakeHash$T13HandshakeHash
instanceKlass sun/security/ssl/SupportedVersionsExtension$SHSupportedVersionsSpec
instanceKlass sun/security/ssl/TransportContext$1
instanceKlass sun/security/ssl/Plaintext
instanceKlass sun/security/ssl/OutputRecord$T13PaddingHolder
instanceKlass sun/security/ssl/KeyShareExtension$CHKeyShareSpec
instanceKlass sun/security/ssl/KeyShareExtension$KeyShareEntry
instanceKlass java/security/KeyPair
instanceKlass jdk/internal/util/Preconditions$1
instanceKlass jdk/internal/util/Preconditions
instanceKlass sun/security/util/ArrayUtil$$Lambda$501
instanceKlass sun/security/util/ArrayUtil
instanceKlass java/security/interfaces/ECPrivateKey
instanceKlass sun/security/util/math/MutableIntegerModuloP
instanceKlass sun/security/ec/point/AffinePoint
instanceKlass sun/security/ec/point/ProjectivePoint
instanceKlass sun/security/ec/point/ImmutablePoint
instanceKlass sun/security/util/math/intpoly/IntegerPolynomial$Limb
instanceKlass sun/security/util/math/SmallValue
instanceKlass sun/security/util/math/intpoly/IntegerPolynomial$Element
instanceKlass sun/security/util/math/ImmutableIntegerModuloP
instanceKlass sun/security/util/math/intpoly/IntegerPolynomial
instanceKlass sun/security/util/math/IntegerFieldModuloP
instanceKlass sun/security/ec/point/MutablePoint
instanceKlass sun/security/util/math/IntegerModuloP
instanceKlass sun/security/ec/ECOperations
instanceKlass sun/security/ssl/ECDHKeyExchange$ECDHEPossession
instanceKlass sun/security/ssl/SSLPossession
instanceKlass sun/security/ssl/Krb5KeyExchange$Krb5KAGenerator
instanceKlass sun/security/ssl/Krb5KeyExchange
instanceKlass sun/security/ssl/ECDHKeyExchange$ECDHKAGenerator
instanceKlass sun/security/ssl/ECDHKeyExchange$ECDHEKAGenerator
instanceKlass sun/security/ssl/ECDHKeyExchange$ECDHEPossessionGenerator
instanceKlass sun/security/ssl/ECDHKeyExchange
instanceKlass sun/security/ssl/DHKeyExchange$DHEKAGenerator
instanceKlass sun/security/ssl/DHKeyExchange$DHEPossessionGenerator
instanceKlass sun/security/ssl/DHKeyExchange
instanceKlass sun/security/ssl/RSAKeyExchange$RSAKAGenerator
instanceKlass sun/security/ssl/RSAKeyExchange$EphemeralRSAPossessionGenerator
instanceKlass sun/security/ssl/RSAKeyExchange
instanceKlass sun/security/ssl/SSLKeyExchange$T13KeyAgreement
instanceKlass sun/security/ssl/SSLKeyAgreement
instanceKlass sun/security/ssl/SSLPossessionGenerator
instanceKlass sun/security/ssl/SSLKeyExchange
instanceKlass sun/security/ssl/SSLHandshakeBinding
instanceKlass sun/security/ssl/SSLKeyAgreementGenerator
instanceKlass sun/security/ssl/PskKeyExchangeModesExtension$PskKeyExchangeModesSpec
instanceKlass sun/security/ssl/SupportedVersionsExtension$CHSupportedVersionsSpec
instanceKlass sun/security/ssl/ExtendedMasterSecretExtension$ExtendedMasterSecretSpec
instanceKlass sun/security/ssl/SignatureAlgorithmsExtension$SignatureSchemesSpec
instanceKlass java/security/spec/MGF1ParameterSpec
instanceKlass sun/security/mscapi/SunMSCAPI$1
instanceKlass sun/security/smartcardio/SunPCSC$1
instanceKlass org/jcp/xml/dsig/internal/dom/XMLDSigRI$1
instanceKlass com/sun/security/sasl/Provider$1
instanceKlass sun/security/jgss/SunProvider$1
instanceKlass sun/security/ssl/ECPointFormatsExtension$ECPointFormatsSpec
instanceKlass sun/security/ssl/SupportedGroupsExtension$SupportedGroupsSpec
instanceKlass sun/security/ssl/ServerNameExtension$CHServerNamesSpec
instanceKlass sun/security/ssl/SSLExtension$SSLExtensionSpec
instanceKlass sun/security/ssl/SSLExtension$ClientExtensions
instanceKlass sun/security/ssl/PreSharedKeyExtension$SHPreSharedKeyStringizer
instanceKlass sun/security/ssl/PreSharedKeyExtension$SHPreSharedKeyAbsence
instanceKlass sun/security/ssl/PreSharedKeyExtension$SHPreSharedKeyConsumer
instanceKlass sun/security/ssl/PreSharedKeyExtension$SHPreSharedKeyProducer
instanceKlass sun/security/ssl/PreSharedKeyExtension$CHPreSharedKeyStringizer
instanceKlass sun/security/ssl/PreSharedKeyExtension$CHPreSharedKeyOnTradeAbsence
instanceKlass sun/security/ssl/PreSharedKeyExtension$CHPreSharedKeyUpdate
instanceKlass sun/security/ssl/PreSharedKeyExtension$CHPreSharedKeyOnLoadAbsence
instanceKlass sun/security/ssl/PreSharedKeyExtension$CHPreSharedKeyConsumer
instanceKlass sun/security/ssl/PreSharedKeyExtension$CHPreSharedKeyProducer
instanceKlass sun/security/ssl/PreSharedKeyExtension
instanceKlass sun/security/ssl/RenegoInfoExtension$RenegotiationInfoStringizer
instanceKlass sun/security/ssl/RenegoInfoExtension$SHRenegotiationInfoAbsence
instanceKlass sun/security/ssl/RenegoInfoExtension$SHRenegotiationInfoConsumer
instanceKlass sun/security/ssl/RenegoInfoExtension$SHRenegotiationInfoProducer
instanceKlass sun/security/ssl/RenegoInfoExtension$CHRenegotiationInfoAbsence
instanceKlass sun/security/ssl/RenegoInfoExtension$CHRenegotiationInfoConsumer
instanceKlass sun/security/ssl/RenegoInfoExtension$CHRenegotiationInfoProducer
instanceKlass sun/security/ssl/RenegoInfoExtension
instanceKlass sun/security/ssl/KeyShareExtension$HRRKeyShareStringizer
instanceKlass sun/security/ssl/KeyShareExtension$HRRKeyShareReproducer
instanceKlass sun/security/ssl/KeyShareExtension$HRRKeyShareConsumer
instanceKlass sun/security/ssl/KeyShareExtension$HRRKeyShareProducer
instanceKlass sun/security/ssl/KeyShareExtension$SHKeyShareStringizer
instanceKlass sun/security/ssl/KeyShareExtension$SHKeyShareAbsence
instanceKlass sun/security/ssl/KeyShareExtension$SHKeyShareConsumer
instanceKlass sun/security/ssl/KeyShareExtension$SHKeyShareProducer
instanceKlass sun/security/ssl/KeyShareExtension$CHKeyShareStringizer
instanceKlass sun/security/ssl/KeyShareExtension$CHKeyShareOnTradeAbsence
instanceKlass sun/security/ssl/KeyShareExtension$CHKeyShareConsumer
instanceKlass sun/security/ssl/KeyShareExtension$CHKeyShareProducer
instanceKlass sun/security/ssl/KeyShareExtension
instanceKlass sun/security/ssl/CertificateAuthoritiesExtension$CertificateAuthoritiesStringizer
instanceKlass sun/security/ssl/CertificateAuthoritiesExtension$CRCertificateAuthoritiesConsumer
instanceKlass sun/security/ssl/CertificateAuthoritiesExtension$CRCertificateAuthoritiesProducer
instanceKlass sun/security/ssl/CertificateAuthoritiesExtension$CHCertificateAuthoritiesConsumer
instanceKlass sun/security/ssl/CertificateAuthoritiesExtension$CHCertificateAuthoritiesProducer
instanceKlass sun/security/ssl/CertificateAuthoritiesExtension
instanceKlass sun/security/ssl/PskKeyExchangeModesExtension$PskKeyExchangeModesStringizer
instanceKlass sun/security/ssl/PskKeyExchangeModesExtension$PskKeyExchangeModesOnTradeAbsence
instanceKlass sun/security/ssl/PskKeyExchangeModesExtension$PskKeyExchangeModesOnLoadAbsence
instanceKlass sun/security/ssl/PskKeyExchangeModesExtension$PskKeyExchangeModesConsumer
instanceKlass sun/security/ssl/PskKeyExchangeModesExtension$PskKeyExchangeModesProducer
instanceKlass sun/security/ssl/PskKeyExchangeModesExtension
instanceKlass sun/security/ssl/CookieExtension$CookieStringizer
instanceKlass sun/security/ssl/CookieExtension$HRRCookieReproducer
instanceKlass sun/security/ssl/CookieExtension$HRRCookieConsumer
instanceKlass sun/security/ssl/CookieExtension$HRRCookieProducer
instanceKlass sun/security/ssl/CookieExtension$CHCookieUpdate
instanceKlass sun/security/ssl/CookieExtension$CHCookieConsumer
instanceKlass sun/security/ssl/CookieExtension$CHCookieProducer
instanceKlass sun/security/ssl/CookieExtension
instanceKlass sun/security/ssl/SupportedVersionsExtension$HRRSupportedVersionsReproducer
instanceKlass sun/security/ssl/SupportedVersionsExtension$HRRSupportedVersionsConsumer
instanceKlass sun/security/ssl/SupportedVersionsExtension$HRRSupportedVersionsProducer
instanceKlass sun/security/ssl/SupportedVersionsExtension$SHSupportedVersionsStringizer
instanceKlass sun/security/ssl/SupportedVersionsExtension$SHSupportedVersionsConsumer
instanceKlass sun/security/ssl/SupportedVersionsExtension$SHSupportedVersionsProducer
instanceKlass sun/security/ssl/SupportedVersionsExtension$CHSupportedVersionsStringizer
instanceKlass sun/security/ssl/SupportedVersionsExtension$CHSupportedVersionsConsumer
instanceKlass sun/security/ssl/SupportedVersionsExtension$CHSupportedVersionsProducer
instanceKlass sun/security/ssl/SupportedVersionsExtension
instanceKlass sun/security/ssl/ExtendedMasterSecretExtension$ExtendedMasterSecretStringizer
instanceKlass sun/security/ssl/ExtendedMasterSecretExtension$SHExtendedMasterSecretAbsence
instanceKlass sun/security/ssl/ExtendedMasterSecretExtension$SHExtendedMasterSecretConsumer
instanceKlass sun/security/ssl/ExtendedMasterSecretExtension$SHExtendedMasterSecretProducer
instanceKlass sun/security/ssl/ExtendedMasterSecretExtension$CHExtendedMasterSecretAbsence
instanceKlass sun/security/ssl/ExtendedMasterSecretExtension$CHExtendedMasterSecretConsumer
instanceKlass sun/security/ssl/ExtendedMasterSecretExtension$CHExtendedMasterSecretProducer
instanceKlass sun/security/ssl/ExtendedMasterSecretExtension
instanceKlass sun/security/ssl/AlpnExtension$$Lambda$500
instanceKlass sun/security/ssl/AlpnExtension$AlpnStringizer
instanceKlass sun/security/ssl/AlpnExtension$SHAlpnAbsence
instanceKlass sun/security/ssl/AlpnExtension$SHAlpnConsumer
instanceKlass sun/security/ssl/AlpnExtension$SHAlpnProducer
instanceKlass sun/security/ssl/AlpnExtension$CHAlpnAbsence
instanceKlass sun/security/ssl/AlpnExtension$CHAlpnConsumer
instanceKlass sun/security/ssl/AlpnExtension$CHAlpnProducer
instanceKlass sun/security/ssl/AlpnExtension
instanceKlass sun/security/ssl/CertSignAlgsExtension$CertSignatureSchemesStringizer
instanceKlass sun/security/ssl/CertSignAlgsExtension$CRCertSignatureSchemesUpdate
instanceKlass sun/security/ssl/CertSignAlgsExtension$CRCertSignatureSchemesConsumer
instanceKlass sun/security/ssl/CertSignAlgsExtension$CRCertSignatureSchemesProducer
instanceKlass sun/security/ssl/CertSignAlgsExtension$CHCertSignatureSchemesUpdate
instanceKlass sun/security/ssl/CertSignAlgsExtension$CHCertSignatureSchemesConsumer
instanceKlass sun/security/ssl/CertSignAlgsExtension$CHCertSignatureSchemesProducer
instanceKlass sun/security/ssl/CertSignAlgsExtension
instanceKlass sun/security/ssl/SignatureAlgorithmsExtension$SignatureSchemesStringizer
instanceKlass sun/security/ssl/SignatureAlgorithmsExtension$CRSignatureSchemesUpdate
instanceKlass sun/security/ssl/SignatureAlgorithmsExtension$CRSignatureSchemesAbsence
instanceKlass sun/security/ssl/SignatureAlgorithmsExtension$CRSignatureSchemesConsumer
instanceKlass sun/security/ssl/SignatureAlgorithmsExtension$CRSignatureSchemesProducer
instanceKlass sun/security/ssl/SignatureAlgorithmsExtension$CHSignatureSchemesOnTradeAbsence
instanceKlass sun/security/ssl/SignatureAlgorithmsExtension$CHSignatureSchemesUpdate
instanceKlass sun/security/ssl/SignatureAlgorithmsExtension$CHSignatureSchemesOnLoadAbsence
instanceKlass sun/security/ssl/SignatureAlgorithmsExtension$CHSignatureSchemesConsumer
instanceKlass sun/security/ssl/SignatureAlgorithmsExtension$CHSignatureSchemesProducer
instanceKlass sun/security/ssl/SignatureAlgorithmsExtension
instanceKlass sun/security/ssl/ECPointFormatsExtension$ECPointFormatsStringizer
instanceKlass sun/security/ssl/ECPointFormatsExtension$SHECPointFormatsConsumer
instanceKlass sun/security/ssl/ECPointFormatsExtension$CHECPointFormatsConsumer
instanceKlass sun/security/ssl/ECPointFormatsExtension$CHECPointFormatsProducer
instanceKlass sun/security/ssl/ECPointFormatsExtension
instanceKlass sun/security/ssl/SupportedGroupsExtension$EESupportedGroupsConsumer
instanceKlass sun/security/ssl/SupportedGroupsExtension$SupportedGroupsStringizer
instanceKlass sun/security/ssl/SupportedGroupsExtension$CHSupportedGroupsOnTradeAbsence
instanceKlass sun/security/ssl/SupportedGroupsExtension$CHSupportedGroupsConsumer
instanceKlass sun/security/ssl/SupportedGroupsExtension
instanceKlass sun/security/ssl/CertStatusExtension$CertStatusRespStringizer
instanceKlass sun/security/ssl/CertStatusExtension$CertStatusRequestsStringizer
instanceKlass sun/security/ssl/CertStatusExtension$SHCertStatusReqV2Consumer
instanceKlass sun/security/ssl/CertStatusExtension$SHCertStatusReqV2Producer
instanceKlass sun/security/ssl/CertStatusExtension$CHCertStatusReqV2Consumer
instanceKlass sun/security/ssl/CertStatusExtension$CHCertStatusReqV2Producer
instanceKlass sun/security/ssl/CertStatusExtension$CertStatusRequestStringizer
instanceKlass sun/security/ssl/CertStatusExtension$CTCertStatusResponseConsumer
instanceKlass sun/security/ssl/CertStatusExtension$CTCertStatusResponseProducer
instanceKlass sun/security/ssl/CertStatusExtension$SHCertStatusReqConsumer
instanceKlass sun/security/ssl/CertStatusExtension$SHCertStatusReqProducer
instanceKlass sun/security/ssl/CertStatusExtension$CHCertStatusReqConsumer
instanceKlass sun/security/ssl/CertStatusExtension$CHCertStatusReqProducer
instanceKlass sun/security/ssl/CertStatusExtension
instanceKlass sun/security/ssl/MaxFragExtension$MaxFragLenStringizer
instanceKlass sun/security/ssl/MaxFragExtension$EEMaxFragmentLengthUpdate
instanceKlass sun/security/ssl/MaxFragExtension$EEMaxFragmentLengthConsumer
instanceKlass sun/security/ssl/MaxFragExtension$EEMaxFragmentLengthProducer
instanceKlass sun/security/ssl/MaxFragExtension$SHMaxFragmentLengthUpdate
instanceKlass sun/security/ssl/MaxFragExtension$SHMaxFragmentLengthConsumer
instanceKlass sun/security/ssl/MaxFragExtension$SHMaxFragmentLengthProducer
instanceKlass sun/security/ssl/MaxFragExtension$CHMaxFragmentLengthConsumer
instanceKlass sun/security/ssl/MaxFragExtension$CHMaxFragmentLengthProducer
instanceKlass sun/security/ssl/MaxFragExtension
instanceKlass sun/security/ssl/ServerNameExtension$EEServerNameConsumer
instanceKlass sun/security/ssl/ServerNameExtension$EEServerNameProducer
instanceKlass sun/security/ssl/ServerNameExtension$SHServerNamesStringizer
instanceKlass sun/security/ssl/ServerNameExtension$SHServerNameConsumer
instanceKlass sun/security/ssl/ServerNameExtension$SHServerNameProducer
instanceKlass sun/security/ssl/ServerNameExtension$CHServerNamesStringizer
instanceKlass sun/security/ssl/ServerNameExtension$CHServerNameConsumer
instanceKlass sun/security/ssl/SSLExtension$ExtensionConsumer
instanceKlass sun/security/ssl/ServerNameExtension$CHServerNameProducer
instanceKlass sun/security/ssl/ServerNameExtension
instanceKlass sun/security/ssl/SSLStringizer
instanceKlass sun/security/ssl/SSLExtensions
instanceKlass sun/security/ssl/SSLHandshake$HandshakeMessage
instanceKlass sun/security/ssl/RandomCookie
instanceKlass javax/crypto/spec/DHParameterSpec
instanceKlass sun/security/ssl/PredefinedDHParameterSpecs$1
instanceKlass sun/security/ssl/PredefinedDHParameterSpecs
instanceKlass sun/security/ssl/SupportedGroupsExtension$1
instanceKlass sun/security/ssl/SupportedGroupsExtension$SupportedGroups
instanceKlass sun/security/ssl/HandshakeContext
instanceKlass sun/security/ssl/SSLConfiguration$1
instanceKlass javax/net/ssl/SSLParameters
instanceKlass java/net/Socket$3
instanceKlass java/net/Socket$2
instanceKlass sun/text/normalizer/UnicodeSet
instanceKlass sun/text/normalizer/UnicodeMatcher
instanceKlass sun/text/normalizer/NormalizerImpl$AuxTrieImpl
instanceKlass sun/text/normalizer/NormalizerImpl$NormTrieImpl
instanceKlass sun/text/normalizer/NormalizerImpl$FCDTrieImpl
instanceKlass sun/text/normalizer/NormalizerDataReader
instanceKlass sun/text/normalizer/ICUData
instanceKlass sun/text/normalizer/NormalizerImpl
instanceKlass sun/text/normalizer/VersionInfo
instanceKlass sun/text/normalizer/CharTrie$FriendAgent
instanceKlass sun/text/normalizer/Trie
instanceKlass sun/net/idn/StringPrep$StringPrepTrieImpl
instanceKlass sun/text/normalizer/Trie$DataManipulate
instanceKlass sun/text/normalizer/ICUBinary
instanceKlass sun/net/idn/StringPrepDataReader
instanceKlass sun/text/normalizer/ICUBinary$Authenticate
instanceKlass sun/net/idn/StringPrep
instanceKlass java/net/IDN
instanceKlass javax/net/ssl/SNIServerName
instanceKlass java/net/SocksSocketImpl$3
instanceKlass java/net/InetAddress$CacheEntry
instanceKlass sun/net/InetAddressCachePolicy$2
instanceKlass sun/net/InetAddressCachePolicy$1
instanceKlass sun/net/InetAddressCachePolicy
instanceKlass sun/security/ssl/SessionId
instanceKlass javax/net/ssl/ExtendedSSLSession
instanceKlass javax/net/ssl/SSLSession
instanceKlass sun/security/ssl/SSLConfiguration$CustomizedClientSignatureSchemes
instanceKlass javax/crypto/KeyGeneratorSpi
instanceKlass javax/crypto/KeyGenerator
instanceKlass sun/security/ssl/SSLConfiguration
instanceKlass sun/security/ssl/SSLCipher$SSLWriteCipher
instanceKlass sun/security/ssl/KeyUpdate$KeyUpdateProducer
instanceKlass sun/security/ssl/KeyUpdate$KeyUpdateConsumer
instanceKlass sun/security/ssl/KeyUpdate$KeyUpdateKickstartProducer
instanceKlass sun/security/ssl/KeyUpdate
instanceKlass sun/security/ssl/CertificateStatus$CertificateStatusAbsence
instanceKlass sun/security/ssl/HandshakeAbsence
instanceKlass sun/security/ssl/CertificateStatus$CertificateStatusProducer
instanceKlass sun/security/ssl/CertificateStatus$CertificateStatusConsumer
instanceKlass sun/security/ssl/CertificateStatus
instanceKlass sun/security/ssl/Finished$T13FinishedProducer
instanceKlass sun/security/ssl/Finished$T13FinishedConsumer
instanceKlass sun/security/ssl/Finished$T12FinishedProducer
instanceKlass sun/security/ssl/Finished$T12FinishedConsumer
instanceKlass sun/security/ssl/Finished
instanceKlass sun/security/ssl/ClientKeyExchange$ClientKeyExchangeProducer
instanceKlass sun/security/ssl/ClientKeyExchange$ClientKeyExchangeConsumer
instanceKlass sun/security/ssl/ClientKeyExchange
instanceKlass sun/security/ssl/CertificateVerify$T13CertificateVerifyProducer
instanceKlass sun/security/ssl/CertificateVerify$T13CertificateVerifyConsumer
instanceKlass sun/security/ssl/CertificateVerify$T12CertificateVerifyProducer
instanceKlass sun/security/ssl/CertificateVerify$T12CertificateVerifyConsumer
instanceKlass sun/security/ssl/CertificateVerify$T10CertificateVerifyProducer
instanceKlass sun/security/ssl/CertificateVerify$T10CertificateVerifyConsumer
instanceKlass sun/security/ssl/CertificateVerify$S30CertificateVerifyProducer
instanceKlass sun/security/ssl/CertificateVerify$S30CertificateVerifyConsumer
instanceKlass sun/security/ssl/CertificateVerify
instanceKlass sun/security/ssl/ServerHelloDone$ServerHelloDoneProducer
instanceKlass sun/security/ssl/ServerHelloDone$ServerHelloDoneConsumer
instanceKlass sun/security/ssl/ServerHelloDone
instanceKlass sun/security/ssl/CertificateRequest$T13CertificateRequestProducer
instanceKlass sun/security/ssl/CertificateRequest$T13CertificateRequestConsumer
instanceKlass sun/security/ssl/CertificateRequest$T12CertificateRequestProducer
instanceKlass sun/security/ssl/CertificateRequest$T12CertificateRequestConsumer
instanceKlass sun/security/ssl/CertificateRequest$T10CertificateRequestProducer
instanceKlass sun/security/ssl/CertificateRequest$T10CertificateRequestConsumer
instanceKlass sun/security/ssl/CertificateRequest
instanceKlass sun/security/ssl/ServerKeyExchange$ServerKeyExchangeProducer
instanceKlass sun/security/ssl/ServerKeyExchange$ServerKeyExchangeConsumer
instanceKlass sun/security/ssl/ServerKeyExchange
instanceKlass sun/security/ssl/CertificateMessage$T13CertificateProducer
instanceKlass sun/security/ssl/CertificateMessage$T13CertificateConsumer
instanceKlass sun/security/ssl/CertificateMessage$T12CertificateProducer
instanceKlass sun/security/ssl/CertificateMessage$T12CertificateConsumer
instanceKlass sun/security/ssl/CertificateMessage
instanceKlass sun/security/ssl/EncryptedExtensions$EncryptedExtensionsConsumer
instanceKlass sun/security/ssl/EncryptedExtensions$EncryptedExtensionsProducer
instanceKlass sun/security/ssl/EncryptedExtensions
instanceKlass sun/security/ssl/NewSessionTicket$NewSessionTicketProducer
instanceKlass sun/security/ssl/NewSessionTicket$T13NewSessionTicketProducer
instanceKlass sun/security/ssl/NewSessionTicket$NewSessionTicketConsumer
instanceKlass sun/security/ssl/NewSessionTicket
instanceKlass sun/security/ssl/ServerHello$T13HelloRetryRequestConsumer
instanceKlass sun/security/ssl/ServerHello$T13ServerHelloConsumer
instanceKlass sun/security/ssl/ServerHello$T12ServerHelloConsumer
instanceKlass sun/security/ssl/ServerHello$T13HelloRetryRequestReproducer
instanceKlass sun/security/ssl/ServerHello$T13HelloRetryRequestProducer
instanceKlass sun/security/ssl/ServerHello$T13ServerHelloProducer
instanceKlass sun/security/ssl/ServerHello$T12ServerHelloProducer
instanceKlass sun/security/ssl/ServerHello$ServerHelloConsumer
instanceKlass sun/security/ssl/ServerHello
instanceKlass sun/security/ssl/ClientHello$T13ClientHelloConsumer
instanceKlass sun/security/ssl/ClientHello$T12ClientHelloConsumer
instanceKlass sun/security/ssl/HandshakeConsumer
instanceKlass sun/security/ssl/ClientHello$ClientHelloProducer
instanceKlass sun/security/ssl/ClientHello$ClientHelloConsumer
instanceKlass sun/security/ssl/ClientHello$ClientHelloKickstartProducer
instanceKlass sun/security/ssl/ClientHello
instanceKlass sun/security/ssl/HelloRequest$HelloRequestProducer
instanceKlass sun/security/ssl/HelloRequest$HelloRequestConsumer
instanceKlass sun/security/ssl/HelloRequest$HelloRequestKickstartProducer
instanceKlass sun/security/ssl/SSLProducer
instanceKlass sun/security/ssl/HelloRequest
instanceKlass sun/security/ssl/HandshakeProducer
instanceKlass sun/security/ssl/SSLConsumer
instanceKlass sun/security/ssl/Authenticator$MacImpl
instanceKlass sun/security/ssl/Authenticator$MAC
instanceKlass sun/security/ssl/Authenticator
instanceKlass sun/security/ssl/SSLCipher$SSLReadCipher
instanceKlass sun/security/ssl/InputRecord
instanceKlass sun/security/ssl/SSLRecord
instanceKlass sun/security/ssl/Record
instanceKlass sun/security/ssl/TransportContext
instanceKlass sun/security/ssl/ConnectionContext
instanceKlass sun/security/ssl/HandshakeHash$CacheOnlyHash
instanceKlass sun/security/ssl/HandshakeHash$TranscriptHash
instanceKlass sun/security/ssl/HandshakeHash
instanceKlass sun/security/ssl/SSLTransport
instanceKlass sun/net/www/http/KeepAliveKey
instanceKlass sun/net/NetworkClient$1
instanceKlass sun/net/NetworkClient
instanceKlass javax/net/ssl/HandshakeCompletedListener
instanceKlass java/net/Proxy
instanceKlass sun/net/spi/DefaultProxySelector$3
instanceKlass sun/net/spi/DefaultProxySelector$NonProxyInfo
instanceKlass sun/net/spi/DefaultProxySelector$1
instanceKlass java/net/ProxySelector
instanceKlass sun/net/www/protocol/http/HttpURLConnection$7
instanceKlass java/net/ResponseCache
instanceKlass sun/net/www/protocol/http/HttpURLConnection$3
instanceKlass java/net/CookieHandler
instanceKlass sun/net/www/protocol/http/HttpURLConnection$2
instanceKlass sun/net/NetProperties$1
instanceKlass sun/net/NetProperties
instanceKlass sun/net/www/protocol/http/HttpURLConnection$$Lambda$499
instanceKlass sun/net/www/protocol/http/HttpURLConnection$$Lambda$498
instanceKlass java/util/Collections$EmptyEnumeration
instanceKlass javax/net/ssl/X509ExtendedKeyManager
instanceKlass javax/net/ssl/X509KeyManager
instanceKlass javax/net/ssl/KeyManager
instanceKlass javax/net/ssl/KeyManagerFactorySpi
instanceKlass javax/net/ssl/KeyManagerFactory$1
instanceKlass javax/net/ssl/KeyManagerFactory
instanceKlass sun/security/ssl/SSLContextImpl$DefaultManagersHolder$1
instanceKlass javax/net/ssl/X509ExtendedTrustManager
instanceKlass sun/security/validator/TrustStoreUtil
instanceKlass sun/security/x509/CertificatePolicyMap
instanceKlass sun/security/x509/RFC822Name
instanceKlass java/security/cert/PolicyQualifierInfo
instanceKlass java/security/interfaces/ECPublicKey
instanceKlass sun/security/provider/JavaKeyStore$TrustedCertEntry
instanceKlass sun/security/action/OpenFileInputStreamAction
instanceKlass sun/security/provider/KeyStoreDelegator$1
instanceKlass java/security/KeyStoreSpi
instanceKlass java/security/KeyStore$1
instanceKlass java/security/KeyStore
instanceKlass sun/security/ssl/TrustStoreManager$TrustStoreDescriptor$1
instanceKlass sun/security/ssl/TrustStoreManager$TrustStoreDescriptor
instanceKlass sun/security/ssl/TrustStoreManager$TrustAnchorManager
instanceKlass sun/security/ssl/TrustStoreManager
instanceKlass javax/net/ssl/TrustManagerFactorySpi
instanceKlass javax/net/ssl/TrustManagerFactory$1
instanceKlass javax/net/ssl/TrustManagerFactory
instanceKlass sun/security/ssl/SSLContextImpl$DefaultManagersHolder
instanceKlass sun/security/ssl/SSLSessionContextImpl
instanceKlass javax/net/ssl/SSLSessionContext
instanceKlass sun/security/ssl/EphemeralKeyManager$EphemeralKeyPair
instanceKlass sun/security/ssl/EphemeralKeyManager
instanceKlass sun/security/ssl/SSLContextImpl$CustomizedSSLProtocols
instanceKlass sun/security/krb5/Realm
instanceKlass sun/security/krb5/PrincipalName
instanceKlass sun/security/ssl/JsseJce$KerberosAvailability$1
instanceKlass sun/security/ssl/JsseJce$KerberosAvailability
instanceKlass java/security/spec/ECGenParameterSpec
instanceKlass sun/security/util/ECKeySizeParameterSpec
instanceKlass sun/security/util/ECUtil
instanceKlass sun/security/ec/point/Point
instanceKlass java/security/KeyPairGeneratorSpi
instanceKlass javax/crypto/KeyAgreement
instanceKlass sun/security/ssl/JsseJce$EcAvailability
instanceKlass sun/security/ssl/SSLAlgorithmDecomposer$1
instanceKlass sun/security/ssl/SSLCipher$1
instanceKlass sun/security/ssl/SSLCipher$T13GcmWriteCipherGenerator
instanceKlass sun/security/ssl/SSLCipher$T13GcmReadCipherGenerator
instanceKlass sun/security/ssl/SSLCipher$T12GcmWriteCipherGenerator
instanceKlass sun/security/ssl/SSLCipher$T12GcmReadCipherGenerator
instanceKlass javax/crypto/JceSecurityManager$1
instanceKlass sun/security/ssl/SSLCipher$T11BlockWriteCipherGenerator
instanceKlass sun/security/ssl/SSLCipher$T11BlockReadCipherGenerator
instanceKlass sun/security/ssl/SSLCipher$T10BlockWriteCipherGenerator
instanceKlass sun/security/ssl/SSLCipher$T10BlockReadCipherGenerator
instanceKlass sun/security/util/DisabledAlgorithmConstraints$CertPathHolder
instanceKlass sun/security/provider/certpath/CertPathHelper
instanceKlass java/security/cert/TrustAnchor
instanceKlass sun/security/x509/X509CertImpl$$Lambda$497
instanceKlass sun/security/util/UntrustedCertificates$1
instanceKlass sun/security/util/UntrustedCertificates
instanceKlass java/security/cert/PKIXCertPathChecker
instanceKlass java/security/cert/CertPathChecker
instanceKlass javax/crypto/JarVerifier$JarHolder
instanceKlass javax/crypto/JarVerifier$2
instanceKlass javax/crypto/JceSecurity$2
instanceKlass java/security/spec/DSAParameterSpec
instanceKlass java/security/interfaces/DSAParams
instanceKlass java/security/interfaces/DSAPrivateKey
instanceKlass sun/security/validator/EndEntityChecker
instanceKlass sun/security/x509/NetscapeCertTypeExtension$MapEntry
instanceKlass java/security/interfaces/DSAPublicKey
instanceKlass java/security/interfaces/DSAKey
instanceKlass java/security/spec/DSAPublicKeySpec
instanceKlass java/security/AlgorithmParametersSpi
instanceKlass java/security/AlgorithmParameters
instanceKlass sun/security/util/Pem
instanceKlass javax/crypto/JarVerifier$1
instanceKlass java/util/Vector$1
instanceKlass javax/crypto/CryptoPolicyParser$CryptoPermissionEntry
instanceKlass javax/crypto/CryptoPolicyParser$GrantEntry
instanceKlass java/io/StreamTokenizer
instanceKlass javax/crypto/CryptoPolicyParser
instanceKlass java/util/ResourceBundle$Control$1
instanceKlass java/util/logging/Logger$1
instanceKlass javax/crypto/JceSecurity$1
instanceKlass javax/crypto/JceSecurity
instanceKlass javax/crypto/Cipher$Transform
instanceKlass javax/crypto/Cipher
instanceKlass sun/security/ssl/Utilities
instanceKlass sun/security/ssl/JsseJce
instanceKlass sun/security/ssl/SSLCipher$StreamWriteCipherGenerator
instanceKlass sun/security/ssl/SSLCipher$StreamReadCipherGenerator
instanceKlass sun/security/ssl/SSLCipher$NullWriteCipherGenerator
instanceKlass sun/security/ssl/SSLCipher$WriteCipherGenerator
instanceKlass sun/security/ssl/SSLCipher$NullReadCipherGenerator
instanceKlass sun/security/ssl/SSLCipher$ReadCipherGenerator
instanceKlass sun/security/ssl/SSLAlgorithmConstraints
instanceKlass sun/security/ssl/SSLLogger
instanceKlass sun/security/ssl/SunJSSE$1
instanceKlass java/util/concurrent/ConcurrentHashMap$MapEntry
instanceKlass sun/security/ec/SunEC$1
instanceKlass sun/security/util/ManifestEntryVerifier$SunProviderHolder
instanceKlass sun/nio/cs/Surrogate
instanceKlass sun/nio/cs/Surrogate$Parser
instanceKlass java/util/Base64$Encoder
instanceKlass java/util/Base64$Decoder
instanceKlass java/util/Base64
instanceKlass javax/crypto/SecretKey
instanceKlass sun/security/util/Length
instanceKlass sun/security/util/KeyUtil
instanceKlass java/security/interfaces/ECKey
instanceKlass sun/security/util/JarConstraintsParameters
instanceKlass sun/security/util/ConstraintsParameters
instanceKlass java/security/Timestamp
instanceKlass sun/security/timestamp/TimestampToken
instanceKlass java/security/cert/CertPath
instanceKlass sun/security/rsa/RSAPadding
instanceKlass sun/security/rsa/RSACore
instanceKlass java/security/interfaces/RSAPrivateCrtKey
instanceKlass sun/security/pkcs/PKCS8Key
instanceKlass java/security/interfaces/RSAPrivateKey
instanceKlass java/security/PrivateKey
instanceKlass javax/security/auth/Destroyable
instanceKlass sun/security/util/SignatureUtil
instanceKlass sun/security/jca/ServiceId
instanceKlass java/security/Signature$1
instanceKlass sun/misc/JavaSecuritySignatureAccess
instanceKlass java/security/SignatureSpi
instanceKlass sun/text/normalizer/NormalizerBase$1
instanceKlass sun/text/normalizer/NormalizerBase$QuickCheckResult
instanceKlass sun/text/normalizer/NormalizerBase$Mode
instanceKlass sun/text/normalizer/NormalizerBase
instanceKlass java/text/Normalizer
instanceKlass sun/security/x509/AVAKeyword
instanceKlass sun/security/pkcs/SignerInfo$AlgorithmInfo
instanceKlass sun/security/pkcs/ESSCertId
instanceKlass sun/security/pkcs/SigningCertificateInfo
instanceKlass sun/security/x509/AccessDescription
instanceKlass sun/security/x509/DNSName
instanceKlass sun/security/x509/URIName
instanceKlass sun/security/x509/GeneralName
instanceKlass sun/security/x509/DistributionPoint
instanceKlass sun/security/x509/CertificatePolicyId
instanceKlass sun/security/x509/PolicyInformation
instanceKlass sun/security/pkcs/PKCS9Attribute
instanceKlass sun/security/pkcs/PKCS9Attributes
instanceKlass java/time/zone/ZoneOffsetTransition
instanceKlass java/time/zone/ZoneOffsetTransitionRule
instanceKlass sun/security/util/DisabledAlgorithmConstraints$Constraints$Holder
instanceKlass sun/security/util/DisabledAlgorithmConstraints$1
instanceKlass java/security/spec/ECFieldF2m
instanceKlass java/security/spec/ECParameterSpec
instanceKlass java/security/spec/ECPoint
instanceKlass java/security/spec/EllipticCurve
instanceKlass java/security/spec/ECFieldFp
instanceKlass java/security/spec/ECField
instanceKlass sun/security/util/CurveDB
instanceKlass sun/security/util/DisabledAlgorithmConstraints$Constraint
instanceKlass sun/security/util/DisabledAlgorithmConstraints$Constraints
instanceKlass sun/security/util/AbstractAlgorithmConstraints$1
instanceKlass sun/security/util/AlgorithmDecomposer
instanceKlass sun/security/util/DisabledAlgorithmConstraints$JarHolder
instanceKlass sun/security/util/AbstractAlgorithmConstraints
instanceKlass java/security/AlgorithmConstraints
instanceKlass sun/security/pkcs/SignerInfo
instanceKlass jdk/internal/event/EventHelper
instanceKlass sun/security/jca/JCAUtil
instanceKlass sun/security/util/MemoryCache$CacheEntry
instanceKlass sun/security/x509/X509AttributeName
instanceKlass sun/security/x509/GeneralNames
instanceKlass sun/security/x509/KeyIdentifier
instanceKlass sun/security/x509/OIDMap$OIDInfo
instanceKlass sun/security/x509/PKIXExtensions
instanceKlass sun/security/x509/OIDMap
instanceKlass sun/security/x509/Extension
instanceKlass java/security/cert/Extension
instanceKlass sun/security/x509/CertificateExtensions
instanceKlass sun/security/rsa/RSAUtil
instanceKlass java/security/interfaces/RSAPublicKey
instanceKlass java/security/interfaces/RSAKey
instanceKlass java/security/spec/PSSParameterSpec
instanceKlass java/security/spec/AlgorithmParameterSpec
instanceKlass java/security/spec/RSAPrivateKeySpec
instanceKlass java/security/spec/RSAPublicKeySpec
instanceKlass java/security/KeyFactorySpi
instanceKlass sun/security/jca/ProviderList$ServiceList$1
instanceKlass java/security/KeyFactory
instanceKlass java/security/spec/EncodedKeySpec
instanceKlass java/security/spec/KeySpec
instanceKlass sun/security/util/BitArray
instanceKlass sun/security/x509/X509Key
instanceKlass java/security/PublicKey
instanceKlass java/security/Key
instanceKlass sun/security/x509/CertificateX509Key
instanceKlass sun/security/x509/CertificateValidity
instanceKlass sun/security/x509/AVA
instanceKlass sun/security/x509/RDN
instanceKlass javax/security/auth/x500/X500Principal
instanceKlass sun/security/x509/X500Name$1
instanceKlass sun/security/x509/X500Name
instanceKlass sun/security/x509/GeneralNameInterface
instanceKlass sun/security/x509/CertificateAlgorithmId
instanceKlass sun/security/x509/SerialNumber
instanceKlass sun/security/x509/CertificateSerialNumber
instanceKlass sun/security/x509/CertificateVersion
instanceKlass sun/security/x509/X509CertInfo
instanceKlass sun/security/x509/CertAttrSet
instanceKlass sun/security/util/Cache$EqualByteArray
instanceKlass sun/security/util/Cache
instanceKlass java/security/cert/CertificateFactorySpi
instanceKlass sun/security/x509/AlgorithmId
instanceKlass sun/security/util/ByteArrayTagOrder
instanceKlass sun/security/util/ByteArrayLexOrder
instanceKlass sun/security/util/DerEncoder
instanceKlass sun/security/util/DerValue
instanceKlass sun/security/util/ObjectIdentifier
instanceKlass sun/security/pkcs/ContentInfo
instanceKlass sun/security/util/DerIndefLenConverter
instanceKlass sun/security/util/DerInputStream
instanceKlass sun/security/pkcs/PKCS7
instanceKlass sun/security/util/ManifestDigester$Section
instanceKlass sun/security/util/ManifestDigester$Entry
instanceKlass sun/security/util/ManifestDigester$Position
instanceKlass sun/security/util/ManifestDigester
instanceKlass sun/security/rsa/SunRsaSignEntries
instanceKlass javax/net/ssl/SSLContextSpi
instanceKlass javax/net/ssl/SSLContext
instanceKlass javax/net/ssl/SSLSocketFactory$1
instanceKlass javax/net/SocketFactory
instanceKlass javax/net/ssl/HttpsURLConnection$DefaultHostnameVerifier
instanceKlass net/minecraftforge/gradle/common/util/JavaVersionParser$JavaVersion
instanceKlass com/google/common/primitives/Longs$AsciiDigits
instanceKlass com/google/common/base/Preconditions
instanceKlass com/google/common/primitives/Longs
instanceKlass com/google/common/base/Converter
instanceKlass com/google/common/base/Function
instanceKlass com/google/common/primitives/IntsMethodsForWeb
instanceKlass com/google/common/base/CommonPattern
instanceKlass com/google/common/base/Platform$JdkPatternCompiler
instanceKlass com/google/common/base/PatternCompiler
instanceKlass com/google/common/base/Platform
instanceKlass com/google/common/base/Strings
instanceKlass net/minecraftforge/gradle/common/util/JavaVersionParser
instanceKlass net/minecraftforge/gradle/common/util/EnvironmentChecks
instanceKlass net/minecraftforge/gradle/userdev/util/DependencyRemapper
instanceKlass org/gradle/api/plugins/JavaPluginExtension
instanceKlass net/minecraftforge/artifactural/api/repository/ArtifactProvider
instanceKlass net/minecraftforge/gradle/userdev/UserDevPlugin
instanceKlass org/gradle/internal/fingerprint/impl/IgnoredPathFileSystemLocationFingerprint$1
instanceKlass org/gradle/internal/fingerprint/impl/IgnoredPathFileSystemLocationFingerprint
instanceKlass org/gradle/api/internal/changedetection/state/DefaultResourceSnapshotterCacheService$$Lambda$496
instanceKlass org/gradle/internal/io/IoSupplier
instanceKlass org/gradle/internal/fingerprint/classpath/impl/ClasspathFingerprintingStrategy$ClasspathFingerprintingVisitor$$Lambda$495
instanceKlass org/gradle/api/internal/changedetection/state/DefaultRegularFileSnapshotContext
instanceKlass org/gradle/internal/fingerprint/classpath/impl/ClasspathFingerprintingStrategy$ClasspathFingerprintingVisitor$1
instanceKlass org/gradle/internal/fingerprint/hashing/RegularFileSnapshotContext
instanceKlass org/gradle/internal/fingerprint/classpath/impl/ClasspathFingerprintingStrategy$ClasspathFingerprintingVisitor
instanceKlass org/gradle/internal/snapshot/SnapshotUtil$$Lambda$494
instanceKlass org/gradle/internal/snapshot/FileSystemSnapshot$1
instanceKlass org/gradle/internal/fingerprint/impl/DefaultCurrentFileCollectionFingerprint
instanceKlass org/gradle/internal/fingerprint/impl/DefaultFileCollectionSnapshotter$1
instanceKlass org/gradle/internal/snapshot/CompositeFileSystemSnapshot
instanceKlass org/gradle/internal/fingerprint/impl/DefaultFileCollectionSnapshotter$SnapshottingVisitor$$Lambda$493
instanceKlass org/gradle/internal/fingerprint/impl/DefaultFileCollectionSnapshotter$SnapshottingVisitor
instanceKlass org/gradle/api/internal/initialization/loadercache/DefaultClassLoaderCache$$Lambda$492
instanceKlass org/gradle/plugin/use/internal/DefaultPluginRequestApplicator$$Lambda$491
instanceKlass java/lang/invoke/LambdaForm$MH
instanceKlass org/gradle/api/publish/maven/plugins/MavenPublishPlugin$$Lambda$490
instanceKlass java/lang/invoke/LambdaForm$DMH
instanceKlass org/gradle/api/publish/maven/plugins/MavenPublishPlugin$$Lambda$489
instanceKlass org/gradle/api/publish/maven/internal/publisher/MutableMavenProjectIdentity
instanceKlass org/gradle/api/publish/maven/internal/publisher/MavenProjectIdentity
instanceKlass org/gradle/api/publish/maven/plugins/MavenPublishPlugin$$Lambda$488
instanceKlass org/gradle/api/publish/maven/plugins/MavenPublishPlugin$$Lambda$487
instanceKlass org/gradle/configuration/internal/DefaultListenerBuildOperationDecorator$BuildOperationEmittingAction
instanceKlass org/gradle/api/publish/plugins/PublishingPlugin$$Lambda$486
instanceKlass org/gradle/api/publish/plugins/PublishingPlugin$1
instanceKlass org/gradle/api/publish/plugins/PublishingPlugin$$Lambda$485
instanceKlass org/gradle/api/publish/plugins/PublishingPlugin$$Lambda$484
instanceKlass org/gradle/api/publish/internal/DefaultPublishingExtension
instanceKlass org/gradle/api/publish/PublicationContainer
instanceKlass org/gradle/api/internal/artifacts/ArtifactPublisher
instanceKlass org/gradle/internal/component/external/ivypublish/IvyModuleDescriptorWriter
instanceKlass org/gradle/api/internal/artifacts/DefaultDependencyManagementServices$DefaultArtifactPublicationServices
instanceKlass org/gradle/api/publish/plugins/PublishingPlugin
instanceKlass org/gradle/api/publish/PublishingExtension
instanceKlass org/gradle/api/publish/maven/internal/publication/MavenPublicationInternal
instanceKlass org/gradle/api/publish/internal/PublicationInternal
instanceKlass org/gradle/api/internal/artifacts/ivyservice/projectmodule/ProjectComponentPublication
instanceKlass org/gradle/api/publish/maven/MavenPublication
instanceKlass org/gradle/api/publish/Publication
instanceKlass org/gradle/api/publish/maven/MavenPom
instanceKlass org/gradle/plugins/ide/eclipse/EclipsePlugin$1
instanceKlass org/gradle/plugins/ear/EarPlugin
instanceKlass org/gradle/api/plugins/WarPlugin
instanceKlass org/gradle/plugins/ide/eclipse/EclipsePlugin$13
instanceKlass org/gradle/plugins/ide/eclipse/EclipsePlugin$8
instanceKlass org/gradle/plugins/ide/eclipse/EclipsePlugin$7
instanceKlass org/gradle/plugins/ide/eclipse/model/internal/FileReferenceFactory
instanceKlass org/gradle/plugins/ide/internal/resolver/GradleApiSourcesResolver
instanceKlass org/gradle/plugins/ide/eclipse/EclipsePlugin$12
instanceKlass org/gradle/plugins/ide/eclipse/internal/EclipseProjectMetadata
instanceKlass org/gradle/plugins/ide/eclipse/EclipsePlugin$6
instanceKlass org/gradle/api/plugins/scala/ScalaBasePlugin
instanceKlass org/gradle/plugins/ide/eclipse/EclipsePlugin$5
instanceKlass org/gradle/api/plugins/GroovyBasePlugin
instanceKlass org/gradle/plugins/ide/eclipse/EclipsePlugin$4
instanceKlass org/gradle/api/plugins/JavaBasePlugin
instanceKlass org/gradle/plugins/ide/internal/IdePlugin$4
instanceKlass org/gradle/plugins/ide/internal/IdePlugin$3
instanceKlass org/gradle/plugins/ide/internal/IdePlugin$6
instanceKlass org/gradle/plugins/ide/eclipse/EclipsePlugin$3
instanceKlass org/gradle/plugins/ide/eclipse/EclipsePlugin$2
instanceKlass org/gradle/internal/extensibility/ConventionAwareHelper$MappedPropertyImpl
instanceKlass org/gradle/api/internal/ConventionMapping$MappedProperty
instanceKlass com/google/common/collect/AbstractMapBasedMultimap$AsMap$AsMapIterator
instanceKlass org/gradle/plugins/ide/internal/configurer/HierarchicalElementDeduplicator$StatefulDeduplicator$1
instanceKlass org/gradle/plugins/ide/internal/configurer/HierarchicalElementDeduplicator$StatefulDeduplicator
instanceKlass org/gradle/plugins/ide/internal/configurer/DefaultUniqueProjectNameProvider$ProjectPathDeduplicationAdapter
instanceKlass org/gradle/plugins/ide/internal/configurer/HierarchicalElementDeduplicator
instanceKlass org/gradle/plugins/ide/eclipse/model/Link
instanceKlass org/gradle/plugins/ide/eclipse/model/BuildCommand
instanceKlass org/gradle/plugins/ide/internal/generator/AbstractPersistableConfigurationObject
instanceKlass org/gradle/plugins/ide/internal/generator/generator/PersistableConfigurationObject
instanceKlass org/gradle/plugins/ide/eclipse/model/ResourceFilter
instanceKlass org/gradle/plugins/ide/api/FileContentMerger
instanceKlass org/gradle/internal/xml/XmlTransformer
instanceKlass org/gradle/api/internal/GeneratedSubclasses
instanceKlass org/gradle/api/internal/plugins/DslObject
instanceKlass org/gradle/plugins/ide/eclipse/model/EclipseWtp
instanceKlass org/gradle/plugins/ide/eclipse/model/EclipseJdt
instanceKlass org/gradle/plugins/ide/eclipse/model/EclipseProject
instanceKlass org/gradle/plugins/ide/eclipse/model/EclipseClasspath
instanceKlass org/gradle/plugins/ide/internal/IdePlugin$7
instanceKlass org/gradle/plugins/ide/internal/IdePlugin$2
instanceKlass org/gradle/plugins/ide/internal/IdePlugin$1
instanceKlass org/gradle/api/plugins/jvm/internal/JvmEcosystemAttributesDetails
instanceKlass org/gradle/api/tasks/SourceSet
instanceKlass org/gradle/api/plugins/jvm/internal/DefaultJvmPluginServices
instanceKlass org/gradle/api/internal/component/SoftwareComponentInternal
instanceKlass org/gradle/plugins/ide/internal/configurer/DefaultUniqueProjectNameProvider
instanceKlass org/gradle/plugins/ide/IdeWorkspace
instanceKlass org/gradle/plugins/ide/eclipse/model/EclipseModel
instanceKlass org/gradle/plugins/ide/internal/IdeProjectMetadata
instanceKlass org/gradle/api/internal/artifacts/ivyservice/projectmodule/ProjectPublication
instanceKlass org/gradle/plugin/use/internal/DefaultPluginRequestApplicator$$Lambda$483
instanceKlass org/gradle/plugin/use/internal/DefaultPluginRequestApplicator$$Lambda$482
instanceKlass org/gradle/internal/snapshot/MetadataSnapshot$1
instanceKlass org/gradle/internal/classpath/DefaultCachedClasspathTransformer$1
instanceKlass org/gradle/internal/operations/DefaultBuildOperationQueue$$Lambda$481
instanceKlass org/gradle/internal/resources/DefaultResourceLockCoordinationService$ReleaseLocks
instanceKlass org/gradle/api/internal/artifacts/DownloadArtifactBuildOperationType$1
instanceKlass org/gradle/api/internal/artifacts/DownloadArtifactBuildOperationType$Result
instanceKlass org/gradle/api/internal/artifacts/DownloadArtifactBuildOperationType
instanceKlass org/gradle/api/internal/artifacts/DefaultArtifactIdentifier
instanceKlass org/gradle/api/internal/artifacts/ivyservice/modulecache/artifacts/DefaultCachedArtifact
instanceKlass org/gradle/internal/resource/cached/AbstractCachedIndex$$Lambda$480
instanceKlass org/gradle/internal/resource/cached/AbstractCachedIndex$$Lambda$476
instanceKlass org/gradle/internal/resource/cached/AbstractCachedIndex$$Lambda$479
instanceKlass org/gradle/internal/resource/cached/AbstractCachedIndex$$Lambda$474
instanceKlass org/gradle/internal/resource/cached/AbstractCachedIndex$$Lambda$472
instanceKlass org/gradle/internal/resource/cached/AbstractCachedIndex$$Lambda$478
instanceKlass org/gradle/internal/resource/cached/AbstractCachedIndex$$Lambda$475
instanceKlass org/gradle/internal/resource/cached/AbstractCachedIndex$$Lambda$477
instanceKlass org/gradle/internal/resource/cached/AbstractCachedIndex$$Lambda$473
instanceKlass org/gradle/api/internal/artifacts/ivyservice/ivyresolve/ErrorHandlingModuleComponentRepository$ErrorHandlingModuleComponentRepositoryAccess$$Lambda$471
instanceKlass org/gradle/api/internal/artifacts/ivyservice/modulecache/artifacts/ArtifactAtRepositoryKey
instanceKlass org/gradle/api/internal/artifacts/ivyservice/ivyresolve/ErrorHandlingModuleComponentRepository$ErrorHandlingModuleComponentRepositoryAccess$$Lambda$469
instanceKlass org/gradle/api/internal/artifacts/ivyservice/ivyresolve/ErrorHandlingModuleComponentRepository$ErrorHandlingModuleComponentRepositoryAccess$$Lambda$468
instanceKlass org/gradle/api/internal/artifacts/ivyservice/ivyresolve/ErrorHandlingModuleComponentRepository$ErrorHandlingModuleComponentRepositoryAccess$$Lambda$465
instanceKlass org/gradle/api/internal/artifacts/ivyservice/ivyresolve/ErrorHandlingModuleComponentRepository$ErrorHandlingModuleComponentRepositoryAccess$$Lambda$470
instanceKlass org/gradle/api/internal/artifacts/ivyservice/ivyresolve/ErrorHandlingModuleComponentRepository$ErrorHandlingModuleComponentRepositoryAccess$$Lambda$461
instanceKlass org/gradle/api/internal/artifacts/ivyservice/ivyresolve/ErrorHandlingModuleComponentRepository$ErrorHandlingModuleComponentRepositoryAccess$$Lambda$467
instanceKlass org/gradle/api/internal/artifacts/ivyservice/ivyresolve/ErrorHandlingModuleComponentRepository$ErrorHandlingModuleComponentRepositoryAccess$$Lambda$466
instanceKlass org/gradle/api/internal/artifacts/ivyservice/ivyresolve/ErrorHandlingModuleComponentRepository$ErrorHandlingModuleComponentRepositoryAccess$$Lambda$464
instanceKlass org/gradle/api/internal/artifacts/ivyservice/ivyresolve/ErrorHandlingModuleComponentRepository$ErrorHandlingModuleComponentRepositoryAccess$$Lambda$462
instanceKlass org/gradle/api/internal/artifacts/ivyservice/ivyresolve/ErrorHandlingModuleComponentRepository$ErrorHandlingModuleComponentRepositoryAccess$$Lambda$463
instanceKlass org/gradle/api/internal/artifacts/ivyservice/ivyresolve/ErrorHandlingModuleComponentRepository$ErrorHandlingModuleComponentRepositoryAccess$$Lambda$456
instanceKlass org/gradle/api/internal/artifacts/ivyservice/ivyresolve/ErrorHandlingModuleComponentRepository$ErrorHandlingModuleComponentRepositoryAccess$$Lambda$460
instanceKlass org/gradle/api/internal/artifacts/ivyservice/ivyresolve/ErrorHandlingModuleComponentRepository$ErrorHandlingModuleComponentRepositoryAccess$$Lambda$459
instanceKlass org/gradle/api/internal/artifacts/ivyservice/ivyresolve/ErrorHandlingModuleComponentRepository$ErrorHandlingModuleComponentRepositoryAccess$$Lambda$458
instanceKlass org/gradle/api/internal/artifacts/ivyservice/ivyresolve/ErrorHandlingModuleComponentRepository$ErrorHandlingModuleComponentRepositoryAccess$$Lambda$457
instanceKlass org/gradle/api/internal/artifacts/ivyservice/ivyresolve/ErrorHandlingModuleComponentRepository$ErrorHandlingModuleComponentRepositoryAccess$$Lambda$455
instanceKlass org/gradle/api/internal/artifacts/ivyservice/ivyresolve/ErrorHandlingModuleComponentRepository$ErrorHandlingModuleComponentRepositoryAccess$$Lambda$454
instanceKlass org/gradle/api/internal/artifacts/ivyservice/ivyresolve/ErrorHandlingModuleComponentRepository$ErrorHandlingModuleComponentRepositoryAccess$$Lambda$444
instanceKlass org/gradle/api/internal/artifacts/ivyservice/ivyresolve/ErrorHandlingModuleComponentRepository$ErrorHandlingModuleComponentRepositoryAccess$$Lambda$446
instanceKlass org/gradle/api/internal/artifacts/ivyservice/ivyresolve/ErrorHandlingModuleComponentRepository$ErrorHandlingModuleComponentRepositoryAccess$$Lambda$451
instanceKlass org/gradle/api/internal/artifacts/ivyservice/ivyresolve/ErrorHandlingModuleComponentRepository$ErrorHandlingModuleComponentRepositoryAccess$$Lambda$452
instanceKlass org/gradle/api/internal/artifacts/ivyservice/ivyresolve/ErrorHandlingModuleComponentRepository$ErrorHandlingModuleComponentRepositoryAccess$$Lambda$448
instanceKlass org/gradle/api/internal/artifacts/ivyservice/ivyresolve/ErrorHandlingModuleComponentRepository$ErrorHandlingModuleComponentRepositoryAccess$$Lambda$453
instanceKlass org/gradle/api/internal/artifacts/ivyservice/ivyresolve/ErrorHandlingModuleComponentRepository$ErrorHandlingModuleComponentRepositoryAccess$$Lambda$450
instanceKlass org/gradle/api/internal/artifacts/ivyservice/ivyresolve/ErrorHandlingModuleComponentRepository$ErrorHandlingModuleComponentRepositoryAccess$$Lambda$445
instanceKlass org/gradle/api/internal/artifacts/ivyservice/ivyresolve/ErrorHandlingModuleComponentRepository$ErrorHandlingModuleComponentRepositoryAccess$$Lambda$449
instanceKlass org/gradle/api/internal/artifacts/ivyservice/ivyresolve/ErrorHandlingModuleComponentRepository$ErrorHandlingModuleComponentRepositoryAccess$$Lambda$447
instanceKlass org/gradle/api/internal/artifacts/ivyservice/ivyresolve/ErrorHandlingModuleComponentRepository$ErrorHandlingModuleComponentRepositoryAccess$$Lambda$443
instanceKlass org/gradle/internal/model/CalculatedValueContainer$CalculationState$$Lambda$438
instanceKlass org/gradle/internal/model/CalculatedValueContainer$CalculationState$$Lambda$436
instanceKlass org/gradle/internal/model/CalculatedValueContainer$CalculationState$$Lambda$442
instanceKlass org/gradle/internal/model/CalculatedValueContainer$CalculationState$$Lambda$437
instanceKlass org/gradle/internal/model/CalculatedValueContainer$CalculationState$$Lambda$440
instanceKlass org/gradle/internal/model/CalculatedValueContainer$CalculationState$$Lambda$441
instanceKlass org/gradle/internal/model/CalculatedValueContainer$CalculationState$$Lambda$439
instanceKlass org/gradle/internal/model/CalculatedValueContainer$CalculationState$$Lambda$434
instanceKlass org/gradle/internal/model/CalculatedValueContainer$CalculationState$$Lambda$435
instanceKlass org/gradle/api/internal/artifacts/DownloadArtifactBuildOperationType$DetailsImpl
instanceKlass org/gradle/api/internal/artifacts/DownloadArtifactBuildOperationType$Details
instanceKlass org/gradle/internal/operations/DefaultBuildOperationQueue$WorkerRunnable$$Lambda$433
instanceKlass org/gradle/internal/operations/DefaultBuildOperationQueue$WorkerRunnable$$Lambda$432
instanceKlass org/gradle/internal/operations/DefaultBuildOperationQueue$WorkerRunnable$$Lambda$430
instanceKlass org/gradle/internal/operations/DefaultBuildOperationQueue$WorkerRunnable$$Lambda$431
instanceKlass org/gradle/internal/operations/DefaultBuildOperationQueue$WorkerRunnable$$Lambda$429
instanceKlass org/gradle/internal/operations/DefaultBuildOperationQueue$WorkerRunnable$$Lambda$428
instanceKlass org/gradle/internal/operations/DefaultBuildOperationQueue$WorkerRunnable$$Lambda$426
instanceKlass org/gradle/internal/operations/DefaultBuildOperationQueue$WorkerRunnable$$Lambda$427
instanceKlass org/gradle/internal/operations/DefaultBuildOperationQueue$WorkerRunnable
instanceKlass org/gradle/api/internal/artifacts/ivyservice/resolveengine/artifact/ArtifactBackedResolvedVariant$DownloadArtifactFile
instanceKlass org/gradle/internal/operations/DefaultBuildOperationQueue
instanceKlass org/gradle/internal/operations/DefaultBuildOperationExecutor$$Lambda$425
instanceKlass org/gradle/internal/operations/DefaultBuildOperationExecutor$QueueWorker
instanceKlass org/gradle/api/internal/artifacts/ivyservice/resolveengine/artifact/ParallelResolveArtifactSet$VisitingSet$StartVisitAction
instanceKlass org/gradle/api/internal/artifacts/ivyservice/resolveengine/artifact/ResolvedArtifactSet$Visitor
instanceKlass org/gradle/api/internal/artifacts/ivyservice/resolveengine/artifact/ParallelResolveArtifactSet
instanceKlass org/gradle/api/internal/artifacts/ivyservice/DefaultLenientConfiguration$ResolveArtifactsDetails
instanceKlass org/gradle/api/internal/artifacts/ResolveArtifactsBuildOperationType$Details
instanceKlass org/gradle/api/internal/artifacts/ivyservice/DefaultLenientConfiguration$3
instanceKlass org/gradle/api/internal/artifacts/ivyservice/DefaultLenientConfiguration$2
instanceKlass org/gradle/api/internal/artifacts/ivyservice/resolveengine/artifact/DefaultVisitedArtifactResults$DefaultSelectedArtifactResults
instanceKlass org/gradle/api/internal/artifacts/ivyservice/resolveengine/artifact/CompositeResolvedArtifactSet
instanceKlass org/gradle/internal/component/local/model/OpaqueComponentIdentifier
instanceKlass org/gradle/api/internal/artifacts/ivyservice/resolveengine/artifact/DefaultArtifactSet$SingleArtifactVariantIdentifier
instanceKlass org/gradle/api/internal/artifacts/ivyservice/resolveengine/graph/builder/EdgeState$$Lambda$424
instanceKlass org/gradle/api/internal/artifacts/ivyservice/resolveengine/excludes/simple/DefaultExcludeEverything
instanceKlass org/gradle/api/internal/artifacts/ivyservice/resolveengine/excludes/specs/ExcludeEverything
instanceKlass org/gradle/api/internal/artifacts/ivyservice/resolveengine/excludes/simple/DefaultGroupExclude
instanceKlass org/gradle/api/internal/artifacts/ivyservice/resolveengine/excludes/specs/GroupExclude
instanceKlass org/apache/ivy/plugins/matcher/PatternMatcher
instanceKlass org/gradle/api/internal/artifacts/ivyservice/resolveengine/excludes/PatternMatchers
instanceKlass org/gradle/api/internal/artifacts/ivyservice/resolveengine/excludes/ModuleExclusions$$Lambda$423
instanceKlass org/gradle/api/internal/artifacts/ivyservice/resolveengine/graph/conflicts/CompositeConflictResolver$CompositeDetails
instanceKlass org/gradle/api/internal/artifacts/ivyservice/resolveengine/graph/conflicts/DefaultConflictResolverDetails
instanceKlass org/gradle/api/internal/artifacts/ivyservice/resolveengine/graph/selectors/SelectorStateResolverResults$Registration
instanceKlass org/gradle/api/internal/artifacts/ivyservice/ivyresolve/CachedMetadataProvider
instanceKlass org/gradle/api/internal/artifacts/ivyservice/ivyresolve/RepositoryChainComponentMetaDataResolver$1
instanceKlass org/gradle/api/internal/artifacts/ivyservice/ivyresolve/ComponentMetaDataResolveState
instanceKlass org/gradle/internal/component/external/descriptor/DefaultExclude
instanceKlass org/gradle/internal/component/model/Exclude
instanceKlass org/gradle/internal/component/external/model/ConfigurationBoundExternalDependencyMetadata
instanceKlass org/gradle/api/internal/artifacts/ivyservice/resolveengine/excludes/factories/Optimizations
instanceKlass org/gradle/api/internal/artifacts/ivyservice/resolveengine/excludes/factories/OptimizingExcludeFactory$$Lambda$422
instanceKlass org/gradle/internal/component/model/DefaultCompatibilityCheckResult
instanceKlass org/gradle/api/internal/artifacts/repositories/resolver/ComponentMetadataAdapter
instanceKlass org/gradle/api/internal/artifacts/ivyservice/ResolvedFilesCollectingVisitor
instanceKlass org/gradle/api/internal/file/AbstractFileCollection$2
instanceKlass org/gradle/api/internal/artifacts/configurations/DefaultConfiguration$ConfigurationResolvableDependencies$ConfigurationArtifactView
instanceKlass org/gradle/api/internal/initialization/DefaultScriptClassPathResolver$$Lambda$421
instanceKlass org/gradle/api/internal/initialization/DefaultScriptClassPathResolver$$Lambda$420
instanceKlass org/gradle/api/internal/tasks/FailureCollectingTaskDependencyResolveContext
instanceKlass org/gradle/api/internal/artifacts/ivyservice/resolveengine/artifact/BuildDependenciesOnlyVisitedArtifactSet$BuildDependenciesOnlySelectedArtifactSet
instanceKlass org/gradle/api/internal/artifacts/ivyservice/resolveengine/artifact/DefaultVisitedArtifactResults$NoArtifactResults
instanceKlass org/gradle/api/internal/artifacts/transform/AttributeMatchingVariantSelector
instanceKlass org/gradle/api/internal/artifacts/ivyservice/resolveengine/result/DefaultResolutionResultBuilder$RootFactory
instanceKlass org/gradle/api/internal/artifacts/result/DefaultResolvedComponentResult
instanceKlass org/gradle/api/internal/artifacts/result/ResolvedComponentResultInternal
instanceKlass org/gradle/internal/service/scopes/ProjectScopeServices$$Lambda$419
instanceKlass org/gradle/internal/service/scopes/DefaultProjectFinder
instanceKlass org/gradle/internal/execution/steps/CancelExecutionStep
instanceKlass org/gradle/caching/internal/CacheableEntity
instanceKlass org/gradle/internal/execution/steps/BuildCacheStep
instanceKlass org/gradle/internal/execution/steps/RecordOutputsStep
instanceKlass org/gradle/internal/execution/steps/legacy/MarkSnapshottingInputsFinishedStep
instanceKlass org/gradle/internal/execution/caching/CachingState$Disabled
instanceKlass org/gradle/internal/execution/caching/CachingState
instanceKlass org/gradle/internal/execution/caching/CachingStateFactory
instanceKlass org/gradle/internal/execution/steps/ResolveCachingStateStep
instanceKlass org/gradle/internal/execution/steps/SkipEmptyWorkStep
instanceKlass org/gradle/internal/execution/steps/legacy/MarkSnapshottingInputsStartedStep
instanceKlass org/gradle/internal/service/scopes/ExecutionGradleServices$$Lambda$418
instanceKlass java/lang/invoke/LambdaForm$BMH
instanceKlass java/lang/invoke/LambdaForm$BMH
instanceKlass java/lang/invoke/LambdaForm$BMH
instanceKlass java/lang/invoke/LambdaForm$BMH
instanceKlass java/lang/invoke/LambdaForm$BMH
instanceKlass java/lang/invoke/LambdaForm$BMH
instanceKlass java/lang/invoke/LambdaForm$BMH
instanceKlass java/lang/invoke/LambdaForm$BMH
instanceKlass java/lang/invoke/LambdaForm$BMH
instanceKlass java/lang/invoke/LambdaForm$BMH
instanceKlass java/lang/invoke/LambdaForm$DMH
instanceKlass java/lang/invoke/LambdaForm$BMH
instanceKlass java/lang/invoke/LambdaForm$DMH
instanceKlass java/lang/invoke/LambdaForm$BMH
instanceKlass java/lang/invoke/LambdaForm$DMH
instanceKlass java/lang/invoke/LambdaForm$BMH
instanceKlass java/lang/invoke/LambdaForm$BMH
instanceKlass java/lang/invoke/LambdaForm$BMH
instanceKlass java/lang/invoke/LambdaForm$BMH
instanceKlass java/lang/invoke/LambdaForm$BMH
instanceKlass java/lang/invoke/LambdaForm$BMH
instanceKlass java/lang/invoke/LambdaForm$BMH
instanceKlass java/lang/invoke/LambdaForm$BMH
instanceKlass java/lang/invoke/LambdaForm$MH
instanceKlass java/lang/invoke/LambdaForm$MH
instanceKlass java/lang/invoke/LambdaForm$MH
instanceKlass java/lang/invoke/LambdaForm$BMH
instanceKlass java/lang/invoke/LambdaForm$BMH
instanceKlass java/lang/invoke/LambdaForm$DMH
instanceKlass org/gradle/internal/execution/history/impl/DefaultOutputFilesRepository
instanceKlass org/gradle/internal/cleanup/DefaultBuildOutputCleanupRegistry
instanceKlass org/gradle/caching/internal/controller/BuildCacheLoadCommand
instanceKlass org/gradle/caching/internal/controller/BuildCacheStoreCommand
instanceKlass org/gradle/caching/internal/controller/impl/DefaultBuildCacheCommandFactory
instanceKlass org/gradle/caching/internal/BuildCacheServices$3$$Lambda$417
instanceKlass org/gradle/caching/internal/origin/OriginMetadataFactory$HostnameLookup
instanceKlass org/gradle/caching/internal/BuildCacheServices$3$$Lambda$416
instanceKlass org/gradle/caching/internal/origin/OriginMetadataFactory$PropertiesConfigurator
instanceKlass org/gradle/internal/nativeintegration/services/NativeServices$FixedHostname
instanceKlass net/rubygrapefruit/platform/internal/MutableSystemInfo
instanceKlass net/rubygrapefruit/platform/internal/DefaultSystemInfo
instanceKlass org/gradle/caching/internal/BuildCacheServices$FilePermissionsAccessAdapter
instanceKlass org/gradle/caching/internal/packaging/impl/TarBuildCacheEntryPacker$$Lambda$415
instanceKlass org/apache/commons/compress/archivers/ArchiveEntry
instanceKlass org/gradle/caching/internal/packaging/impl/TarBuildCacheEntryPacker
instanceKlass org/gradle/caching/internal/packaging/impl/GZipBuildCacheEntryPacker
instanceKlass org/gradle/caching/internal/packaging/impl/DefaultTarPackerFileSystemSupport
instanceKlass org/gradle/api/internal/artifacts/dsl/DefaultComponentMetadataHandler$$Lambda$414
instanceKlass org/gradle/api/internal/artifacts/dsl/DefaultComponentMetadataHandler$$Lambda$413
instanceKlass org/gradle/api/internal/artifacts/ivyservice/moduleconverter/DefaultRootComponentMetadataBuilder$$Lambda$412
instanceKlass org/gradle/api/internal/artifacts/ProjectBackedModule
instanceKlass org/gradle/api/internal/artifacts/ivyservice/ivyresolve/NoRepositoriesResolver
instanceKlass org/gradle/api/internal/artifacts/ivyservice/resolveengine/result/CachingDependencyResultFactory
instanceKlass org/gradle/api/artifacts/result/DependencyResult
instanceKlass org/gradle/api/internal/artifacts/ivyservice/resolveengine/result/DefaultResolutionResultBuilder
instanceKlass org/gradle/api/internal/artifacts/ivyservice/InMemoryResolutionResultBuilder
instanceKlass org/gradle/api/internal/artifacts/configurations/DefaultConfiguration$$Lambda$411
instanceKlass org/gradle/api/internal/tasks/TaskDependencyContainer$$Lambda$410
instanceKlass org/gradle/internal/graph/CachingDirectedGraphWalker$NodeDetails
instanceKlass org/gradle/api/internal/tasks/WorkDependencyResolver$1
instanceKlass org/gradle/plugin/use/tracker/internal/PluginVersionTracker$$Lambda$409
instanceKlass org/gradle/api/internal/initialization/DefaultScriptHandler$$Lambda$408
instanceKlass org/gradle/api/internal/catalog/parser/StrictVersionParser$RichVersion
instanceKlass org/gradle/api/internal/initialization/DefaultScriptHandler$$Lambda$407
instanceKlass org/gradle/api/attributes/plugin/GradlePluginApiVersion$Impl
instanceKlass org/gradle/api/internal/project/DefaultProjectStateRegistry$CalculatedModelValueImpl
instanceKlass org/gradle/api/internal/artifacts/dsl/dependencies/DefaultDependencyHandler$DirectDependencyAdder
instanceKlass org/gradle/api/artifacts/dsl/ExternalModuleDependencyVariantSpec
instanceKlass org/gradle/api/internal/artifacts/dsl/dependencies/DefaultDependencyHandler
instanceKlass org/gradle/api/artifacts/query/ArtifactResolutionQuery
instanceKlass org/gradle/api/internal/artifacts/query/DefaultArtifactResolutionQueryFactory
instanceKlass org/gradle/api/internal/artifacts/dsl/dependencies/DefaultDependencyConstraintHandler$DependencyConstraintAdder
instanceKlass org/gradle/api/internal/artifacts/dsl/dependencies/DefaultDependencyConstraintHandler$1
instanceKlass org/gradle/api/internal/artifacts/dsl/dependencies/DynamicAddDependencyMethods
instanceKlass org/gradle/api/internal/artifacts/dsl/dependencies/DynamicAddDependencyMethods$DependencyAdder
instanceKlass org/gradle/api/internal/artifacts/dsl/dependencies/DefaultDependencyConstraintHandler
instanceKlass org/gradle/api/internal/notations/ClientModuleNotationParserFactory
instanceKlass org/gradle/api/internal/notations/DependencyConstraintProjectNotationConverter
instanceKlass org/gradle/api/internal/artifacts/dependencies/DefaultDependencyConstraint
instanceKlass org/gradle/api/internal/artifacts/dependencies/DependencyConstraintInternal
instanceKlass org/gradle/api/internal/notations/DependencyConstraintNotationParser$MinimalExternalDependencyNotationConverter
instanceKlass org/gradle/api/internal/notations/DependencyConstraintNotationParser
instanceKlass org/gradle/api/internal/notations/DependencyClassPathNotationConverter
instanceKlass org/gradle/api/internal/notations/DependencyProjectNotationConverter
instanceKlass org/gradle/api/internal/notations/DependencyFilesNotationConverter
instanceKlass org/gradle/internal/typeconversion/TypeFilteringNotationConverter
instanceKlass org/gradle/api/internal/notations/DependencyNotationParser$MinimalExternalDependencyNotationConverter
instanceKlass org/gradle/api/artifacts/MinimalExternalModuleDependency
instanceKlass org/gradle/api/internal/notations/DependencyNotationParser
instanceKlass org/gradle/api/internal/artifacts/DefaultDependencyFactory
instanceKlass org/gradle/api/internal/notations/ProjectDependencyFactory
instanceKlass org/gradle/plugin/use/internal/DefaultPluginRequestApplicator$1$1$$Lambda$406
instanceKlass org/gradle/plugin/use/internal/DefaultPluginRequestApplicator$1$1$$Lambda$405
instanceKlass org/gradle/plugin/use/internal/DefaultPluginRequestApplicator$1$1
instanceKlass org/gradle/plugin/use/resolve/internal/PluginResolveContext
instanceKlass org/gradle/plugin/use/internal/DefaultPluginRequestApplicator$1
instanceKlass org/gradle/api/internal/artifacts/ivyservice/resolveengine/artifact/ArtifactBackedResolvedVariant$SingleArtifactSet
instanceKlass org/gradle/api/internal/artifacts/PreResolvedResolvableArtifact
instanceKlass org/gradle/api/internal/artifacts/DefaultResolvableArtifact$1
instanceKlass org/gradle/api/internal/artifacts/ivyservice/resolveengine/artifact/DefaultArtifactSet$$Lambda$404
instanceKlass org/gradle/api/internal/tasks/FinalizeAction
instanceKlass org/gradle/api/artifacts/ResolvedArtifact
instanceKlass org/gradle/api/internal/artifacts/DefaultResolvableArtifact
instanceKlass org/gradle/internal/model/CalculatedValueContainer$CalculationState
instanceKlass org/gradle/internal/model/CalculatedValueContainer
instanceKlass org/gradle/api/internal/tasks/WorkNodeAction
instanceKlass org/gradle/internal/resolve/result/BuildableArtifactResolveResult
instanceKlass org/gradle/api/internal/artifacts/ivyservice/resolveengine/artifact/DefaultArtifactSet$LazyArtifactSupplier
instanceKlass org/gradle/api/internal/artifacts/dsl/ArtifactFile
instanceKlass org/gradle/internal/component/external/model/MetadataSourcedComponentArtifacts
instanceKlass org/gradle/internal/component/external/model/UrlBackedArtifactMetadata
instanceKlass org/gradle/api/attributes/Bundling$Impl
instanceKlass org/gradle/internal/component/external/model/GradleDependencyMetadata
instanceKlass org/gradle/internal/component/external/model/LazyVariantBackedConfigurationMetadata$RuleAwareVariant
instanceKlass org/gradle/internal/component/external/model/AbstractVariantBackedConfigurationMetadata
instanceKlass org/gradle/internal/component/external/model/AbstractMutableModuleComponentResolveMetadata$ImmutableVariantImpl
instanceKlass org/gradle/internal/component/external/model/ComponentVariant
instanceKlass org/gradle/internal/component/external/model/AbstractMutableModuleComponentResolveMetadata$FileImpl
instanceKlass org/gradle/internal/component/external/model/ComponentVariant$File
instanceKlass org/gradle/internal/component/external/model/AbstractMutableModuleComponentResolveMetadata$DependencyImpl$$Lambda$403
instanceKlass org/gradle/internal/component/external/model/AbstractMutableModuleComponentResolveMetadata$DependencyImpl
instanceKlass org/gradle/internal/component/external/model/ComponentVariant$Dependency
instanceKlass org/gradle/internal/component/external/model/AbstractMutableModuleComponentResolveMetadata$MutableVariantImpl
instanceKlass org/gradle/api/internal/artifacts/dsl/ParsedModuleStringNotation
instanceKlass org/gradle/plugin/use/resolve/internal/ArtifactRepositoriesPluginResolver$1
instanceKlass org/gradle/api/internal/artifacts/ivyservice/ErrorHandlingConfigurationResolver$ErrorHandlingResolvedConfiguration
instanceKlass org/gradle/api/internal/artifacts/ivyservice/DefaultResolvedConfiguration
instanceKlass org/gradle/api/internal/artifacts/ivyservice/DefaultLenientConfiguration$1
instanceKlass org/gradle/api/internal/artifacts/ResolveArtifactsBuildOperationType$Result
instanceKlass org/gradle/api/internal/artifacts/ivyservice/DefaultLenientConfiguration
instanceKlass org/gradle/api/artifacts/LenientConfiguration
instanceKlass org/gradle/api/internal/artifacts/ivyservice/resolveengine/oldresult/TransientConfigurationResultsLoader
instanceKlass org/gradle/api/internal/artifacts/configurations/ResolveConfigurationResolutionBuildOperationResult$LazyDesugaringAttributeContainer
instanceKlass org/gradle/api/internal/artifacts/configurations/ResolveConfigurationResolutionBuildOperationResult
instanceKlass org/gradle/api/internal/artifacts/configurations/ResolveConfigurationDependenciesBuildOperationType$Result
instanceKlass org/gradle/api/internal/artifacts/ivyservice/ErrorHandlingConfigurationResolver$ErrorHandlingResolutionResult
instanceKlass org/gradle/api/internal/artifacts/ivyservice/DefaultConfigurationResolver$ArtifactResolveState
instanceKlass org/gradle/api/internal/artifacts/configurations/DefaultConfiguration$$Lambda$402
instanceKlass org/gradle/api/internal/artifacts/transform/FilteredResultFactory
instanceKlass org/gradle/api/internal/artifacts/configurations/DefaultConfiguration$DefaultResolutionResultProvider
instanceKlass org/gradle/api/internal/artifacts/transform/DefaultExtraExecutionGraphDependenciesResolverFactory$$Lambda$401
instanceKlass org/gradle/api/internal/artifacts/transform/TransformUpstreamDependencies
instanceKlass org/gradle/api/internal/artifacts/transform/TransformationStep
instanceKlass org/gradle/api/internal/artifacts/transform/Transformation
instanceKlass org/gradle/api/internal/artifacts/transform/TransformUpstreamDependenciesResolver
instanceKlass org/gradle/api/internal/artifacts/transform/DefaultExtraExecutionGraphDependenciesResolverFactory
instanceKlass org/gradle/api/internal/artifacts/ivyservice/resolveengine/artifact/SelectedArtifactSet
instanceKlass org/gradle/api/internal/artifacts/ivyservice/resolveengine/artifact/BuildDependenciesOnlyVisitedArtifactSet
instanceKlass org/gradle/api/internal/artifacts/result/DefaultResolutionResult
instanceKlass org/gradle/api/internal/artifacts/ivyservice/resolveengine/result/StreamingResolutionResultBuilder$RootFactory
instanceKlass org/gradle/api/internal/artifacts/ivyservice/resolveengine/oldresult/DefaultResolvedGraphResults
instanceKlass org/gradle/api/internal/artifacts/ivyservice/resolveengine/result/DefaultVisitedFileDependencyResults
instanceKlass org/gradle/api/internal/artifacts/ivyservice/resolveengine/artifact/SelectedArtifactResults
instanceKlass org/gradle/api/internal/artifacts/ivyservice/resolveengine/artifact/DefaultVisitedArtifactResults
instanceKlass org/gradle/api/internal/artifacts/ivyservice/resolveengine/store/DefaultBinaryStore$SimpleBinaryData
instanceKlass org/gradle/api/internal/artifacts/ivyservice/resolveengine/oldresult/TransientConfigurationResultsBuilder$$Lambda$400
instanceKlass org/gradle/api/internal/artifacts/ivyservice/resolveengine/result/StreamingResolutionResultBuilder$$Lambda$399
instanceKlass org/gradle/api/internal/artifacts/ivyservice/resolveengine/oldresult/TransientConfigurationResultsBuilder$$Lambda$398
instanceKlass java/lang/invoke/LambdaForm$DMH
instanceKlass org/gradle/api/internal/artifacts/ivyservice/resolveengine/artifact/ResolvedArtifactsGraphVisitor$ArtifactsForNode
instanceKlass org/gradle/api/internal/artifacts/ivyservice/resolveengine/artifact/ResolvedArtifactSet$1
instanceKlass org/gradle/api/internal/artifacts/ivyservice/resolveengine/artifact/ArtifactBackedResolvedVariant
instanceKlass org/gradle/api/artifacts/type/ArtifactTypeDefinition
instanceKlass org/gradle/api/internal/artifacts/ivyservice/resolveengine/artifact/ResolvableArtifact
instanceKlass org/gradle/internal/model/CalculatedValue
instanceKlass org/gradle/api/internal/artifacts/ivyservice/resolveengine/artifact/DefaultArtifactSet
instanceKlass org/gradle/api/internal/artifacts/transform/VariantSelector$Factory
instanceKlass org/gradle/api/internal/artifacts/ivyservice/resolveengine/artifact/ResolvedVariantSet
instanceKlass org/gradle/internal/component/external/model/FixedComponentArtifacts
instanceKlass org/gradle/internal/component/model/ComponentArtifacts
instanceKlass org/gradle/api/internal/artifacts/ivyservice/ivyresolve/CachingModuleComponentRepository$$Lambda$397
instanceKlass org/gradle/api/internal/artifacts/ivyservice/modulecache/artifacts/DefaultCachedArtifacts
instanceKlass org/gradle/api/internal/artifacts/ivyservice/modulecache/artifacts/AbstractArtifactsCache$ModuleArtifactsCacheEntry
instanceKlass org/gradle/api/internal/artifacts/ivyservice/modulecache/artifacts/ArtifactsAtRepositoryKey
instanceKlass org/gradle/internal/component/model/WrappedComponentResolveMetadata
instanceKlass org/gradle/api/internal/artifacts/ivyservice/ivyresolve/ErrorHandlingModuleComponentRepository$ErrorHandlingModuleComponentRepositoryAccess$$Lambda$396
instanceKlass org/gradle/api/internal/artifacts/ivyservice/ivyresolve/ErrorHandlingModuleComponentRepository$ErrorHandlingModuleComponentRepositoryAccess$$Lambda$395
instanceKlass org/gradle/api/internal/artifacts/ivyservice/ivyresolve/ErrorHandlingModuleComponentRepository$ErrorHandlingModuleComponentRepositoryAccess$$Lambda$394
instanceKlass org/gradle/api/internal/artifacts/ivyservice/resolveengine/result/StreamingResolutionResultBuilder$$Lambda$393
instanceKlass org/gradle/api/internal/artifacts/ivyservice/resolveengine/oldresult/TransientConfigurationResultsBuilder$$Lambda$392
instanceKlass org/gradle/api/internal/attributes/AttributeDesugaring$$Lambda$391
instanceKlass org/gradle/api/internal/artifacts/ivyservice/resolveengine/graph/conflicts/VersionConflictResolutionDetails
instanceKlass org/gradle/api/internal/artifacts/ivyservice/resolveengine/graph/builder/SelectorState$UnmatchedVersionsReason
instanceKlass org/gradle/api/internal/artifacts/ivyservice/resolveengine/oldresult/TransientConfigurationResultsBuilder$$Lambda$390
instanceKlass org/gradle/api/internal/artifacts/ivyservice/resolveengine/graph/builder/ComponentState$$Lambda$389
instanceKlass org/gradle/api/internal/artifacts/ivyservice/resolveengine/graph/builder/ComponentState$$Lambda$388
instanceKlass org/gradle/api/internal/artifacts/result/DefaultResolvedVariantResult
instanceKlass org/gradle/api/internal/artifacts/ivyservice/resolveengine/result/ComponentSelectionReasons$DefaultComponentSelectionReason
instanceKlass org/gradle/api/internal/artifacts/ivyservice/resolveengine/result/StreamingResolutionResultBuilder$$Lambda$387
instanceKlass org/gradle/internal/component/local/model/DefaultProjectComponentSelector
instanceKlass org/gradle/api/internal/artifacts/ivyservice/resolveengine/result/StreamingResolutionResultBuilder$$Lambda$386
instanceKlass org/gradle/cache/internal/BinaryStore$WriteAction
instanceKlass org/gradle/api/internal/artifacts/ivyservice/resolveengine/graph/builder/ResolveState$$Lambda$385
instanceKlass org/gradle/internal/component/model/DefaultSelectedByVariantMatchingConfigurationMetadata
instanceKlass org/gradle/internal/component/model/DefaultMultipleCandidateResult
instanceKlass org/gradle/internal/component/model/AttributeSelectionUtils
instanceKlass org/gradle/api/internal/attributes/DefaultAttributesSchema$ExtraAttributesEntry
instanceKlass org/gradle/internal/component/model/MultipleCandidateMatcher
instanceKlass org/gradle/internal/component/model/ComponentAttributeMatcher$CachedQuery
instanceKlass org/gradle/internal/component/model/LoggingAttributeMatchingExplanationBuilder
instanceKlass org/gradle/internal/component/model/AttributeMatchingExplanationBuilder$$Lambda$384
instanceKlass java/lang/invoke/LambdaForm$DMH
instanceKlass java/lang/invoke/LambdaForm$DMH
instanceKlass org/gradle/internal/component/model/AttributeMatchingExplanationBuilder
instanceKlass org/gradle/internal/component/model/AttributeConfigurationSelector
instanceKlass org/gradle/internal/component/external/model/DefaultConfigurationMetadata$1
instanceKlass org/gradle/internal/component/external/model/DefaultConfigurationMetadata$2
instanceKlass org/gradle/internal/component/external/model/DefaultConfigurationMetadata$Builder
instanceKlass org/gradle/api/internal/artifacts/repositories/metadata/DefaultMavenImmutableAttributesFactory$ComponentTypeEntry
instanceKlass java/util/Collections$2
instanceKlass org/gradle/internal/component/external/model/DefaultShadowedCapability
instanceKlass org/gradle/internal/component/external/model/ShadowedCapability
instanceKlass org/gradle/internal/component/external/model/maven/DefaultMavenModuleResolveMetadata$1
instanceKlass org/gradle/internal/component/external/model/AbstractConfigurationMetadata
instanceKlass org/gradle/internal/component/model/ModuleConfigurationMetadata
instanceKlass org/gradle/internal/component/model/DefaultIvyArtifactName
instanceKlass org/gradle/api/artifacts/ArtifactIdentifier
instanceKlass org/gradle/internal/component/external/model/DefaultModuleComponentArtifactMetadata
instanceKlass org/gradle/api/internal/artifacts/ivyservice/resolveengine/graph/conflicts/PotentialConflictFactory$NoConflict
instanceKlass org/gradle/api/internal/artifacts/ivyservice/resolveengine/graph/conflicts/PotentialConflictFactory
instanceKlass org/gradle/api/internal/artifacts/ivyservice/resolveengine/graph/conflicts/DefaultConflictHandler$$Lambda$383
instanceKlass org/gradle/api/internal/artifacts/ivyservice/resolveengine/graph/selectors/SelectorStateResolverResults
instanceKlass org/gradle/api/internal/artifacts/ivyservice/ivyresolve/RepositoryChainModuleSource
instanceKlass org/gradle/internal/resolve/ResolveExceptionAnalyzer
instanceKlass org/gradle/api/internal/artifacts/ivyservice/ivyresolve/VersionInfo
instanceKlass org/gradle/api/internal/artifacts/ivyservice/ivyresolve/RepositoryChainModuleResolution
instanceKlass org/gradle/api/internal/artifacts/ivyservice/modulecache/dynamicversions/DefaultResolvedModuleVersion
instanceKlass org/gradle/internal/component/external/model/AbstractModuleComponentResolveMetadata
instanceKlass org/gradle/api/internal/artifacts/repositories/metadata/DefaultMetadataFileSource
instanceKlass org/gradle/api/internal/artifacts/ivyservice/ivyresolve/ModuleDescriptorHashModuleSource
instanceKlass org/gradle/api/internal/artifacts/ivyservice/ivyresolve/parser/data/PomDependencyMgt
instanceKlass org/gradle/api/internal/artifacts/ivyservice/ivyresolve/parser/GradlePomModuleDescriptorBuilder
instanceKlass org/gradle/internal/component/model/MutableModuleSources
instanceKlass org/gradle/api/capabilities/MutableCapabilitiesMetadata
instanceKlass org/gradle/internal/component/external/model/VariantMetadataRules
instanceKlass org/gradle/internal/component/external/model/maven/MavenModuleResolveMetadata
instanceKlass org/gradle/internal/component/external/model/MutableComponentVariant
instanceKlass org/gradle/internal/component/external/model/AbstractMutableModuleComponentResolveMetadata
instanceKlass org/gradle/internal/component/external/model/ExternalDependencyDescriptor
instanceKlass org/gradle/api/internal/attributes/DefaultImmutableAttributesFactory$$Lambda$382
instanceKlass org/gradle/api/internal/artifacts/ivyservice/modulecache/ModuleMetadataSerializer$Reader
instanceKlass org/gradle/api/internal/artifacts/ivyservice/modulecache/StringDeduplicatingDecoder
instanceKlass org/gradle/internal/resource/local/DefaultLocallyAvailableResource$$Lambda$381
instanceKlass org/gradle/internal/resource/local/AbstractLocallyAvailableResource
instanceKlass org/gradle/api/internal/artifacts/ivyservice/modulecache/PersistentModuleMetadataCache$$Lambda$380
instanceKlass org/gradle/api/internal/artifacts/ivyservice/modulecache/DefaultCachedMetadata
instanceKlass org/gradle/api/internal/artifacts/ivyservice/modulecache/ModuleMetadataCacheEntry
instanceKlass org/gradle/api/internal/artifacts/ivyservice/modulecache/ModuleComponentAtRepositoryKey
instanceKlass org/gradle/api/internal/artifacts/ivyservice/ivyresolve/ErrorHandlingModuleComponentRepository$ErrorHandlingModuleComponentRepositoryAccess$$Lambda$379
instanceKlass org/gradle/api/internal/artifacts/ivyservice/ivyresolve/ErrorHandlingModuleComponentRepository$ErrorHandlingModuleComponentRepositoryAccess$$Lambda$378
instanceKlass org/gradle/api/internal/artifacts/ivyservice/ivyresolve/ErrorHandlingModuleComponentRepository$ErrorHandlingModuleComponentRepositoryAccess$$Lambda$377
instanceKlass org/gradle/api/internal/artifacts/DefaultComponentSelection
instanceKlass org/gradle/api/internal/artifacts/ivyservice/ivyresolve/DefaultMetadataProvider$$Lambda$376
instanceKlass org/gradle/api/artifacts/ComponentMetadataBuilder
instanceKlass org/gradle/api/internal/artifacts/ivyservice/ivyresolve/DefaultMetadataProvider$BuildableComponentMetadataSupplierDetails
instanceKlass org/gradle/api/artifacts/ComponentMetadataSupplierDetails
instanceKlass org/gradle/api/internal/artifacts/ivyservice/ivyresolve/DefaultMetadataProvider
instanceKlass com/google/common/primitives/Longs$AsciiDigits
instanceKlass org/gradle/api/internal/artifacts/ivyservice/ivyresolve/DynamicVersionResolver$CandidateResult
instanceKlass org/gradle/api/internal/artifacts/ivyservice/ivyresolve/ModuleComponentResolveState
instanceKlass org/gradle/api/internal/artifacts/ivyservice/ivyresolve/DynamicVersionResolver$1
instanceKlass org/gradle/api/internal/artifacts/ivyservice/resolutionstrategy/DefaultCachePolicy$AbstractResolutionControl
instanceKlass java/util/stream/Collectors$$Lambda$375
instanceKlass java/util/stream/Collectors$$Lambda$374
instanceKlass java/util/stream/Collectors$$Lambda$373
instanceKlass org/gradle/api/internal/artifacts/ivyservice/ivyresolve/CachingModuleComponentRepository$LocateInCacheRepositoryAccess$$Lambda$372
instanceKlass org/gradle/api/internal/artifacts/ivyservice/modulecache/dynamicversions/DefaultCachedModuleVersionList
instanceKlass org/gradle/api/internal/artifacts/ivyservice/modulecache/dynamicversions/ModuleVersionsCacheEntry
instanceKlass org/gradle/api/internal/artifacts/ivyservice/WritableArtifactCacheLockingManager$CacheLockingPersistentCache$$Lambda$371
instanceKlass org/gradle/api/internal/artifacts/ivyservice/WritableArtifactCacheLockingManager$CacheLockingPersistentCache
instanceKlass org/gradle/cache/internal/CompositeCleanupAction$ScopedCleanupAction
instanceKlass org/gradle/api/internal/artifacts/ivyservice/modulecache/dynamicversions/ModuleAtRepositoryKey
instanceKlass org/gradle/api/internal/artifacts/ivyservice/ivyresolve/ErrorHandlingModuleComponentRepository$ErrorHandlingModuleComponentRepositoryAccess$$Lambda$370
instanceKlass org/gradle/api/internal/artifacts/ivyservice/ivyresolve/ErrorHandlingModuleComponentRepository$ErrorHandlingModuleComponentRepositoryAccess$$Lambda$369
instanceKlass org/gradle/api/internal/artifacts/ivyservice/ivyresolve/ErrorHandlingModuleComponentRepository$ErrorHandlingModuleComponentRepositoryAccess$$Lambda$368
instanceKlass org/gradle/api/internal/artifacts/ivyservice/ivyresolve/ErrorHandlingModuleComponentRepository$ErrorHandlingModuleComponentRepositoryAccess$$Lambda$367
instanceKlass org/gradle/internal/resolve/result/BuildableModuleVersionListingResolveResult
instanceKlass org/gradle/api/internal/artifacts/ivyservice/ivyresolve/DynamicVersionResolver$VersionListResult
instanceKlass org/gradle/api/internal/artifacts/ivyservice/ivyresolve/DynamicVersionResolver$AttemptCollector
instanceKlass org/gradle/internal/resolve/result/BuildableModuleComponentMetaDataResolveResult
instanceKlass org/gradle/api/internal/artifacts/ivyservice/ivyresolve/DynamicVersionResolver$RepositoryResolveState
instanceKlass org/gradle/internal/resolve/result/ComponentSelectionContext
instanceKlass org/gradle/internal/component/external/model/ModuleDependencyMetadataWrapper
instanceKlass org/gradle/api/artifacts/component/ProjectComponentSelector
instanceKlass org/gradle/api/internal/artifacts/ivyservice/ivyresolve/strategy/AbstractVersionSelector
instanceKlass org/gradle/api/internal/artifacts/dependencies/DefaultResolvedVersionConstraint
instanceKlass org/gradle/api/internal/artifacts/ivyservice/resolveengine/graph/builder/ResolveState$$Lambda$366
instanceKlass org/gradle/api/artifacts/ClientModule
instanceKlass org/gradle/internal/component/model/DefaultComponentOverrideMetadata
instanceKlass org/gradle/internal/component/model/ComponentOverrideMetadata
instanceKlass org/gradle/internal/resolve/result/BuildableComponentIdResolveResult
instanceKlass org/gradle/internal/resolve/result/ComponentIdResolveResult
instanceKlass org/gradle/api/internal/artifacts/ivyservice/resolveengine/graph/builder/ResolveState$$Lambda$365
instanceKlass org/gradle/api/internal/artifacts/ivyservice/resolveengine/graph/builder/SelectorState
instanceKlass org/gradle/api/internal/artifacts/ivyservice/resolveengine/graph/builder/ResolveState$SelectorCacheKey
instanceKlass org/gradle/api/internal/artifacts/ivyservice/resolveengine/graph/builder/LenientPlatformDependencyMetadata
instanceKlass org/gradle/api/internal/artifacts/ivyservice/resolveengine/graph/DependencyGraphSelector
instanceKlass org/gradle/api/internal/artifacts/ivyservice/resolveengine/graph/builder/NodeState$$Lambda$364
instanceKlass org/gradle/api/internal/artifacts/ivyservice/resolveengine/graph/builder/NodeState$$Lambda$363
instanceKlass org/gradle/api/internal/artifacts/ivyservice/resolveengine/graph/builder/DependencyState
instanceKlass org/gradle/api/internal/attributes/AttributeValue$1
instanceKlass org/gradle/api/internal/artifacts/ivyservice/resolveengine/strict/StrictVersionConstraints
instanceKlass org/gradle/api/internal/artifacts/ivyservice/resolveengine/graph/builder/DefaultPendingDependenciesVisitor
instanceKlass org/gradle/internal/component/local/model/DslOriginDependencyMetadataWrapper
instanceKlass org/gradle/internal/component/local/model/DslOriginDependencyMetadata
instanceKlass org/gradle/internal/component/model/LocalComponentDependencyMetadata
instanceKlass org/gradle/api/internal/artifacts/ivyservice/moduleconverter/dependencies/AbstractIvyDependencyDescriptorFactory$$Lambda$362
instanceKlass org/gradle/internal/component/external/model/DefaultModuleComponentSelector
instanceKlass org/gradle/api/internal/artifacts/ivyservice/resolveengine/graph/builder/DependencyGraphBuilder$1
instanceKlass org/gradle/api/internal/artifacts/ivyservice/resolveengine/graph/selectors/SelectorStateResolver
instanceKlass org/gradle/api/internal/artifacts/ivyservice/resolveengine/graph/builder/ReplaceSelectionWithConflictResultAction
instanceKlass org/gradle/internal/component/model/SelectedByVariantMatchingConfigurationMetadata
instanceKlass org/gradle/api/internal/artifacts/ResolvedConfigurationIdentifier
instanceKlass org/gradle/api/internal/artifacts/ivyservice/resolveengine/graph/builder/ComponentState
instanceKlass org/gradle/api/internal/artifacts/ivyservice/resolveengine/graph/DependencyGraphComponent
instanceKlass org/gradle/api/internal/artifacts/ivyservice/resolveengine/graph/builder/ModuleSelectors$$Lambda$361
instanceKlass org/gradle/api/internal/artifacts/ivyservice/resolveengine/graph/builder/ModuleSelectors$$Lambda$360
instanceKlass org/gradle/api/internal/artifacts/ivyservice/resolveengine/graph/builder/ModuleSelectors$$Lambda$359
instanceKlass org/gradle/api/internal/artifacts/ivyservice/resolveengine/graph/builder/ModuleSelectors$$Lambda$358
instanceKlass java/util/Comparator$$Lambda$357
instanceKlass java/lang/invoke/LambdaForm$DMH
instanceKlass org/gradle/api/internal/artifacts/ivyservice/resolveengine/graph/builder/ModuleSelectors$$Lambda$356
instanceKlass org/gradle/api/internal/artifacts/ivyservice/resolveengine/graph/builder/ModuleSelectors$$Lambda$355
instanceKlass java/lang/invoke/LambdaForm$DMH
instanceKlass java/util/Collections$ReverseComparator2
instanceKlass org/gradle/api/internal/artifacts/ivyservice/ivyresolve/strategy/VersionParser$DefaultVersion
instanceKlass org/gradle/api/internal/artifacts/ivyservice/ivyresolve/strategy/VersionParser$$Lambda$354
instanceKlass org/gradle/api/internal/artifacts/ivyservice/resolveengine/graph/builder/ModuleSelectors
instanceKlass org/gradle/api/internal/artifacts/ivyservice/resolveengine/graph/builder/PendingDependencies
instanceKlass org/gradle/api/internal/artifacts/ivyservice/resolveengine/graph/selectors/ResolvableSelectorState
instanceKlass org/gradle/api/internal/artifacts/ivyservice/resolveengine/graph/builder/ResolveState$$Lambda$353
instanceKlass org/gradle/api/internal/artifacts/ivyservice/resolveengine/graph/builder/ModuleResolveState
instanceKlass org/gradle/api/internal/artifacts/ivyservice/resolveengine/graph/conflicts/CandidateModule
instanceKlass org/gradle/api/internal/artifacts/ivyservice/resolveengine/graph/builder/ResolveOptimizations
instanceKlass org/gradle/api/internal/artifacts/ivyservice/resolveengine/graph/builder/DeselectVersionAction
instanceKlass org/gradle/api/internal/artifacts/ivyservice/resolveengine/graph/builder/PendingDependenciesVisitor
instanceKlass org/gradle/api/internal/artifacts/ivyservice/resolveengine/ComponentResolutionState
instanceKlass org/gradle/api/internal/artifacts/ivyservice/ivyresolve/StringVersioned
instanceKlass org/gradle/api/internal/artifacts/ResolvedVersionConstraint
instanceKlass org/gradle/api/internal/artifacts/ivyservice/resolveengine/graph/builder/ResolveState
instanceKlass org/gradle/api/internal/artifacts/ivyservice/resolveengine/graph/selectors/ComponentStateFactory
instanceKlass org/gradle/api/internal/WithEstimatedSize$Estimates
instanceKlass org/gradle/internal/component/model/DefaultVariantMetadata
instanceKlass org/gradle/internal/component/model/VariantResolveMetadata
instanceKlass org/gradle/api/internal/artifacts/ivyservice/moduleconverter/DefaultLocalComponentMetadataBuilder$1
instanceKlass org/gradle/internal/component/model/ComponentConfigurationIdentifier
instanceKlass org/gradle/internal/component/model/VariantResolveMetadata$Identifier
instanceKlass org/gradle/internal/component/local/model/RootLocalComponentMetadata$RootLocalConfigurationMetadata$$Lambda$352
instanceKlass org/gradle/internal/component/external/model/ShadowedCapabilityOnly
instanceKlass org/gradle/internal/component/external/model/ImmutableCapabilities
instanceKlass org/gradle/api/internal/artifacts/configurations/Configurations
instanceKlass org/gradle/internal/component/model/ImmutableModuleSources
instanceKlass org/gradle/internal/component/local/model/RootConfigurationMetadata
instanceKlass org/gradle/internal/component/local/model/DefaultLocalComponentMetadata$DefaultLocalConfigurationMetadata
instanceKlass org/gradle/internal/component/local/model/LocalConfigurationMetadata
instanceKlass org/gradle/internal/component/local/model/BuildableLocalConfigurationMetadata
instanceKlass org/gradle/api/internal/artifacts/DefaultModuleVersionIdentifier
instanceKlass org/gradle/api/internal/artifacts/DefaultImmutableModuleIdentifierFactory$$Lambda$351
instanceKlass org/gradle/api/internal/artifacts/DefaultImmutableModuleIdentifierFactory$$Lambda$350
instanceKlass org/gradle/api/internal/artifacts/DefaultModule
instanceKlass org/gradle/internal/resolve/result/DefaultResourceAwareResolveResult
instanceKlass org/gradle/api/internal/artifacts/ivyservice/resolveengine/artifact/ResolvedArtifactsGraphVisitor
instanceKlass org/gradle/api/internal/artifacts/ivyservice/resolveengine/graph/builder/ResolutionConflictTracker
instanceKlass org/gradle/api/internal/artifacts/ivyservice/resolveengine/graph/builder/DependencyGraphBuilder$$Lambda$349
instanceKlass org/gradle/api/internal/artifacts/ivyservice/resolveengine/graph/builder/DependencyGraphBuilder$$Lambda$348
instanceKlass org/gradle/api/internal/artifacts/ivyservice/resolveengine/graph/builder/EdgeState
instanceKlass org/gradle/api/internal/artifacts/ivyservice/resolveengine/graph/DependencyGraphEdge
instanceKlass org/gradle/internal/resolve/result/BuildableComponentResolveResult
instanceKlass org/gradle/internal/resolve/result/ComponentResolveResult
instanceKlass org/gradle/api/internal/artifacts/ivyservice/resolveengine/graph/RootGraphNode
instanceKlass org/gradle/api/internal/artifacts/ivyservice/resolveengine/graph/builder/NodeState
instanceKlass org/gradle/api/internal/artifacts/ivyservice/resolveengine/graph/builder/DependencyGraphBuilder
instanceKlass org/gradle/api/internal/artifacts/ivyservice/dependencysubstitution/DependencySubstitutionApplicator$$Lambda$347
instanceKlass org/gradle/api/internal/artifacts/ivyservice/dependencysubstitution/DependencySubstitutionApplicator$SubstitutionResult
instanceKlass org/gradle/api/internal/artifacts/ivyservice/dependencysubstitution/NoOpSubstitution
instanceKlass org/gradle/api/internal/artifacts/DependencySubstitutionInternal
instanceKlass org/gradle/api/internal/artifacts/DefaultGlobalDependencyResolutionRules$CompositeDependencySubstitutionRules$$Lambda$346
instanceKlass org/gradle/api/internal/artifacts/ivyservice/resolveengine/graph/conflicts/RejectRemainingCandidates
instanceKlass org/gradle/api/internal/artifacts/ivyservice/resolveengine/graph/conflicts/LastCandidateCapabilityResolver
instanceKlass org/gradle/api/internal/artifacts/ivyservice/resolveengine/graph/conflicts/UserConfiguredCapabilityResolver
instanceKlass org/gradle/api/internal/artifacts/ivyservice/resolveengine/graph/conflicts/CapabilitiesConflictHandler$Candidate
instanceKlass org/gradle/api/internal/artifacts/ivyservice/resolveengine/graph/conflicts/PotentialConflict
instanceKlass org/gradle/api/internal/artifacts/ivyservice/resolveengine/graph/conflicts/DefaultCapabilitiesConflictHandler
instanceKlass org/gradle/api/internal/artifacts/ivyservice/resolveengine/graph/conflicts/ConflictContainer
instanceKlass org/gradle/api/internal/artifacts/ivyservice/resolveengine/graph/conflicts/CompositeConflictResolver
instanceKlass org/gradle/api/internal/artifacts/ivyservice/resolveengine/ConflictResolverDetails
instanceKlass org/gradle/api/internal/artifacts/ivyservice/resolveengine/graph/conflicts/DefaultConflictHandler
instanceKlass org/gradle/api/internal/artifacts/ivyservice/resolveengine/LatestModuleConflictResolver
instanceKlass org/gradle/api/internal/artifacts/ivyservice/resolveengine/ModuleConflictResolver
instanceKlass org/gradle/api/internal/artifacts/ivyservice/resolveengine/ConflictResolverFactory
instanceKlass org/gradle/api/internal/artifacts/ivyservice/resolveengine/DefaultArtifactDependencyResolver$DefaultResolveContextToComponentResolver
instanceKlass org/gradle/api/internal/artifacts/ivyservice/clientmodule/ClientModuleResolver
instanceKlass org/gradle/internal/resolve/resolver/DefaultArtifactSelector
instanceKlass org/gradle/api/internal/artifacts/ivyservice/resolveengine/ComponentResolversChain$ArtifactResolverChain
instanceKlass org/gradle/api/internal/artifacts/ivyservice/ivyresolve/ErrorHandlingArtifactResolver
instanceKlass org/gradle/api/internal/artifacts/ivyservice/resolveengine/ComponentResolversChain$ComponentMetaDataResolverChain
instanceKlass org/gradle/api/internal/artifacts/ivyservice/resolveengine/ComponentResolversChain$DependencyToComponentIdResolverChain
instanceKlass org/gradle/api/internal/artifacts/ivyservice/resolveengine/VirtualComponentMetadataResolver
instanceKlass org/gradle/internal/resolve/resolver/ArtifactSelector
instanceKlass org/gradle/api/internal/artifacts/ivyservice/resolveengine/ComponentResolversChain
instanceKlass org/gradle/api/internal/artifacts/ivyservice/ivyresolve/FilteredModuleComponentRepository
instanceKlass org/gradle/api/internal/artifacts/ivyservice/ivyresolve/ErrorHandlingModuleComponentRepository$ErrorHandlingModuleComponentRepositoryAccess
instanceKlass org/gradle/api/internal/artifacts/ivyservice/ivyresolve/ErrorHandlingModuleComponentRepository
instanceKlass org/gradle/api/internal/artifacts/ivyservice/ivyresolve/BaseModuleComponentRepository
instanceKlass org/gradle/api/internal/artifacts/ivyservice/ivyresolve/CachingModuleComponentRepository$ResolveAndCacheRepositoryAccess
instanceKlass org/gradle/internal/resolve/result/BuildableArtifactSetResolveResult
instanceKlass org/gradle/api/internal/artifacts/ivyservice/ivyresolve/CachingModuleComponentRepository$LocateInCacheRepositoryAccess
instanceKlass org/gradle/api/internal/artifacts/ivyservice/ivyresolve/CachingModuleComponentRepository
instanceKlass org/gradle/api/internal/artifacts/dsl/DefaultComponentMetadataProcessor$$Lambda$345
instanceKlass org/gradle/api/internal/artifacts/dsl/WrappingComponentMetadataContext
instanceKlass org/gradle/api/artifacts/ComponentMetadataContext
instanceKlass org/gradle/api/artifacts/ComponentMetadataDetails
instanceKlass org/gradle/api/internal/artifacts/dsl/DefaultComponentMetadataProcessor
instanceKlass org/gradle/api/internal/artifacts/ivyservice/ivyresolve/ResolveIvyFactory$DefaultMetadataResolutionContext
instanceKlass org/gradle/api/internal/artifacts/repositories/resolver/ExternalResourceResolver$AbstractRepositoryAccess
instanceKlass org/gradle/api/internal/artifacts/ivyservice/ivyresolve/ModuleComponentRepositoryAccess
instanceKlass org/gradle/api/internal/artifacts/repositories/resolver/VersionLister
instanceKlass org/gradle/api/internal/artifacts/repositories/AbstractArtifactRepository$1
instanceKlass org/gradle/api/internal/artifacts/repositories/metadata/DefaultImmutableMetadataSources
instanceKlass org/gradle/api/internal/artifacts/repositories/metadata/MavenMetadataArtifactProvider
instanceKlass org/gradle/api/internal/artifacts/ivyservice/ivyresolve/parser/DescriptorParseContext
instanceKlass org/gradle/internal/component/model/ModuleDescriptorArtifactMetadata
instanceKlass org/gradle/api/internal/artifacts/repositories/metadata/GradleModuleMetadataCompatibilityConverter
instanceKlass org/gradle/api/internal/artifacts/repositories/DefaultMavenArtifactRepository$MavenSnapshotDecoratingSource
instanceKlass org/gradle/internal/resource/transfer/CacheAwareExternalResourceAccessor$ResourceFileStore
instanceKlass org/gradle/internal/resource/ExternalResource$ContentAndMetadataAction
instanceKlass org/gradle/internal/resource/transfer/DefaultCacheAwareExternalResourceAccessor
instanceKlass org/gradle/internal/resource/transport/DefaultExternalResourceRepository
instanceKlass org/gradle/internal/resource/transfer/ProgressLoggingExternalResourceLister$1
instanceKlass org/gradle/internal/resource/ExternalResourceListBuildOperationType$Result
instanceKlass org/gradle/internal/resource/transfer/ProgressLoggingExternalResourceAccessor$1
instanceKlass org/gradle/internal/resource/ExternalResourceReadMetadataBuildOperationType$Result
instanceKlass org/gradle/internal/resource/transfer/AbstractProgressLoggingHandler
instanceKlass org/gradle/internal/resource/transfer/CacheAwareExternalResourceAccessor
instanceKlass org/gradle/internal/resource/transport/AbstractRepositoryTransport
instanceKlass org/gradle/api/internal/artifacts/ivyservice/resolutionstrategy/DefaultExternalResourceCachePolicy
instanceKlass org/gradle/internal/resource/transfer/DefaultExternalResourceConnector$NoOpStats
instanceKlass org/gradle/internal/resource/transfer/DefaultExternalResourceConnector$1
instanceKlass org/gradle/internal/resource/transfer/DefaultExternalResourceConnector$ExternalResourceAccessStats
instanceKlass org/gradle/internal/resource/transfer/DefaultExternalResourceConnector
instanceKlass org/apache/http/HttpEntityEnclosingRequest
instanceKlass org/apache/http/HttpEntity
instanceKlass org/gradle/internal/resource/transport/http/HttpResourceUploader
instanceKlass org/gradle/internal/resource/transport/http/HttpResourceLister
instanceKlass org/gradle/internal/resource/transfer/ExternalResourceReadResponse
instanceKlass org/gradle/internal/resource/transfer/AbstractExternalResourceAccessor
instanceKlass org/apache/http/message/AbstractHttpMessage
instanceKlass org/apache/http/client/methods/AbortableHttpRequest
instanceKlass org/apache/http/client/methods/HttpExecutionAware
instanceKlass org/apache/http/client/methods/Configurable
instanceKlass org/apache/http/client/methods/HttpUriRequest
instanceKlass org/apache/http/protocol/HttpContext
instanceKlass org/slf4j/spi/LocationAwareLogger
instanceKlass org/apache/commons/logging/impl/SLF4JLog
instanceKlass org/apache/commons/logging/impl/SLF4JLocationAwareLog
instanceKlass org/apache/commons/logging/Log
instanceKlass org/apache/commons/logging/LogFactory
instanceKlass org/apache/http/conn/ssl/DefaultHostnameVerifier
instanceKlass org/gradle/internal/resource/transport/http/DefaultHttpSettings$Builder
instanceKlass org/gradle/internal/resource/transport/http/DefaultHttpSettings$2$2
instanceKlass javax/net/ssl/X509TrustManager
instanceKlass javax/net/ssl/TrustManager
instanceKlass org/gradle/internal/resource/transport/http/DefaultHttpSettings$2$1
instanceKlass org/gradle/internal/resource/transport/http/DefaultHttpSettings$2
instanceKlass org/gradle/internal/resource/transport/http/DefaultHttpSettings$1
instanceKlass javax/net/ssl/HostnameVerifier
instanceKlass org/gradle/internal/resource/transport/http/HttpProxySettings
instanceKlass org/gradle/internal/resource/transport/http/HttpTimeoutSettings
instanceKlass org/gradle/internal/resource/transport/http/DefaultHttpSettings
instanceKlass org/gradle/api/internal/artifacts/repositories/transport/RepositoryTransportFactory$DefaultResourceConnectorSpecification
instanceKlass org/gradle/internal/verifier/HttpRedirectVerifierFactory$$Lambda$344
instanceKlass org/gradle/internal/verifier/HttpRedirectVerifierFactory
instanceKlass org/gradle/api/internal/artifacts/repositories/DefaultUrlArtifactRepository$$Lambda$343
instanceKlass org/gradle/api/internal/artifacts/repositories/DefaultUrlArtifactRepository$$Lambda$342
instanceKlass org/gradle/api/internal/artifacts/ivyservice/ivyresolve/ResolveIvyFactory$ParentModuleLookupResolver
instanceKlass org/gradle/internal/resolve/result/BuildableComponentArtifactsResolveResult
instanceKlass org/gradle/internal/resolve/result/BuildableTypedResolveResult
instanceKlass org/gradle/internal/resolve/result/ErroringResolveResult
instanceKlass org/gradle/internal/resolve/result/ResolveResult
instanceKlass org/gradle/api/internal/artifacts/ivyservice/ivyresolve/RepositoryChainArtifactResolver
instanceKlass org/gradle/internal/resolve/result/ResourceAwareResolveResult
instanceKlass org/gradle/api/internal/artifacts/ivyservice/ivyresolve/RepositoryChainComponentMetaDataResolver
instanceKlass org/gradle/api/internal/artifacts/ivyservice/ivyresolve/DynamicVersionResolver
instanceKlass org/gradle/api/internal/artifacts/ivyservice/ivyresolve/RepositoryChainDependencyToComponentIdResolver
instanceKlass org/gradle/api/internal/artifacts/ivyservice/ivyresolve/UserResolverChain$ModuleTransformer
instanceKlass org/gradle/api/internal/artifacts/ivyservice/ivyresolve/ComponentSelectionRulesProcessor$$Lambda$341
instanceKlass org/gradle/api/internal/artifacts/ivyservice/ivyresolve/ComponentSelectionRulesProcessor
instanceKlass org/gradle/api/internal/artifacts/ComponentSelectionInternal
instanceKlass org/gradle/api/artifacts/ComponentSelection
instanceKlass org/gradle/api/internal/artifacts/ivyservice/ivyresolve/MetadataProvider
instanceKlass org/gradle/api/internal/artifacts/ivyservice/ivyresolve/Versioned
instanceKlass org/gradle/api/internal/artifacts/ivyservice/ivyresolve/DefaultVersionedComponentChooser
instanceKlass org/gradle/api/internal/artifacts/ivyservice/ivyresolve/VersionedComponentChooser
instanceKlass org/gradle/api/internal/artifacts/ivyservice/ivyresolve/UserResolverChain
instanceKlass org/gradle/api/internal/artifacts/ivyservice/resolveengine/graph/CompositeDependencyArtifactsVisitor
instanceKlass org/gradle/api/internal/artifacts/ivyservice/resolveengine/artifact/ValidatingArtifactsVisitor
instanceKlass org/gradle/api/internal/artifacts/ivyservice/resolveengine/graph/CompositeDependencyGraphVisitor
instanceKlass org/gradle/api/internal/artifacts/ivyservice/resolveengine/oldresult/ResolutionFailureCollector
instanceKlass org/gradle/api/internal/artifacts/ivyservice/resolveengine/artifact/VisitedFileDependencyResults
instanceKlass org/gradle/api/internal/artifacts/ivyservice/resolveengine/result/FileDependencyCollectingGraphVisitor
instanceKlass org/gradle/api/internal/artifacts/ivyservice/resolveengine/artifact/ArtifactSet
instanceKlass org/gradle/api/internal/artifacts/ivyservice/resolveengine/artifact/VisitedArtifactsResults
instanceKlass org/gradle/api/internal/artifacts/ivyservice/resolveengine/artifact/DefaultResolvedArtifactsBuilder
instanceKlass org/gradle/api/internal/artifacts/ivyservice/resolveengine/result/DefaultComponentSelectionDescriptor
instanceKlass org/gradle/api/internal/artifacts/ivyservice/resolveengine/result/ComponentSelectionReasonInternal
instanceKlass org/gradle/api/internal/artifacts/ivyservice/resolveengine/result/ComponentSelectionDescriptorInternal
instanceKlass org/gradle/api/internal/artifacts/ivyservice/resolveengine/result/ComponentSelectionReasons
instanceKlass org/gradle/api/internal/artifacts/ivyservice/dependencysubstitution/DefaultDependencySubstitutions$ProjectPathConverter
instanceKlass org/gradle/api/artifacts/DependencySubstitutions$Substitution
instanceKlass org/gradle/api/internal/artifacts/ivyservice/dependencysubstitution/DefaultDependencySubstitutions
instanceKlass org/gradle/api/internal/artifacts/ivyservice/resolutionstrategy/DefaultCachePolicy$$Lambda$340
instanceKlass org/gradle/api/internal/artifacts/ivyservice/resolutionstrategy/DefaultCachePolicy$$Lambda$339
instanceKlass org/gradle/api/internal/artifacts/cache/ArtifactResolutionControl
instanceKlass org/gradle/api/internal/artifacts/ivyservice/resolutionstrategy/DefaultCachePolicy$$Lambda$338
instanceKlass org/gradle/api/internal/artifacts/cache/ModuleResolutionControl
instanceKlass java/lang/invoke/LambdaForm$MH
instanceKlass java/lang/invoke/LambdaForm$DMH
instanceKlass java/lang/invoke/LambdaForm$DMH
instanceKlass org/gradle/api/internal/artifacts/ivyservice/resolutionstrategy/DefaultCachePolicy$$Lambda$337
instanceKlass java/lang/invoke/LambdaForm$DMH
instanceKlass org/gradle/api/internal/artifacts/cache/DependencyResolutionControl
instanceKlass org/gradle/api/internal/artifacts/cache/ResolutionControl
instanceKlass org/gradle/api/internal/artifacts/configurations/MutationValidator$$Lambda$336
instanceKlass org/gradle/internal/typeconversion/FlatteningNotationParser
instanceKlass org/gradle/api/artifacts/DependencySubstitution
instanceKlass org/gradle/api/internal/artifacts/ivyservice/resolutionstrategy/DefaultComponentSelectionRules
instanceKlass org/gradle/api/internal/artifacts/ivyservice/resolutionstrategy/DefaultCachePolicy
instanceKlass org/gradle/api/internal/artifacts/ComponentSelectionRulesInternal
instanceKlass org/gradle/api/artifacts/ComponentSelectionRules
instanceKlass org/gradle/api/internal/artifacts/ivyservice/resolutionstrategy/DefaultResolutionStrategy
instanceKlass org/gradle/api/internal/artifacts/ivyservice/resolveengine/graph/conflicts/UpgradeCapabilityResolver
instanceKlass org/gradle/internal/component/external/model/DefaultComponentVariantIdentifier
instanceKlass org/gradle/api/artifacts/ComponentVariantIdentifier
instanceKlass org/gradle/internal/component/external/model/ImmutableCapability
instanceKlass org/gradle/api/internal/artifacts/ivyservice/resolveengine/graph/conflicts/CapabilitiesConflictHandler$CandidateDetails
instanceKlass org/gradle/api/internal/artifacts/ivyservice/resolutionstrategy/DefaultCapabilitiesResolution$DefaultCapabilityResolutionDetails
instanceKlass org/gradle/api/artifacts/CapabilityResolutionDetails
instanceKlass org/gradle/api/internal/artifacts/ivyservice/resolveengine/graph/conflicts/CapabilitiesConflictHandler$ResolutionDetails
instanceKlass org/gradle/api/internal/artifacts/ivyservice/resolveengine/graph/conflicts/ConflictResolutionResult
instanceKlass org/gradle/api/internal/artifacts/ivyservice/resolutionstrategy/DefaultCapabilitiesResolution
instanceKlass org/gradle/api/internal/artifacts/ivyservice/resolutionstrategy/CapabilitiesResolutionInternal
instanceKlass org/gradle/api/artifacts/CapabilitiesResolution
instanceKlass org/gradle/api/internal/artifacts/ivyservice/resolveengine/projectresult/ResolvedLocalComponentsResultGraphVisitor
instanceKlass org/gradle/api/internal/artifacts/ivyservice/resolveengine/result/ComponentResultSerializer
instanceKlass org/gradle/api/internal/artifacts/ivyservice/resolveengine/graph/ResolvedGraphDependency
instanceKlass org/gradle/api/internal/artifacts/ivyservice/resolveengine/result/DependencyResultSerializer
instanceKlass org/gradle/api/internal/artifacts/ivyservice/resolveengine/graph/ResolvedGraphComponent
instanceKlass org/gradle/api/internal/artifacts/ivyservice/resolveengine/result/StreamingResolutionResultBuilder
instanceKlass org/gradle/api/internal/artifacts/ivyservice/resolveengine/graph/DependencyGraphNode
instanceKlass org/gradle/api/internal/artifacts/ivyservice/resolveengine/oldresult/ResolvedConfigurationDependencyGraphVisitor
instanceKlass org/gradle/api/internal/artifacts/ivyservice/resolveengine/oldresult/ResolvedGraphResults
instanceKlass org/gradle/api/internal/artifacts/ivyservice/resolveengine/oldresult/DefaultResolvedConfigurationBuilder
instanceKlass org/gradle/api/internal/artifacts/ResolvedConfigurationIdentifierSerializer
instanceKlass org/gradle/api/artifacts/ResolvedDependency
instanceKlass org/gradle/api/internal/artifacts/ivyservice/resolveengine/oldresult/TransientConfigurationResults
instanceKlass org/gradle/api/internal/artifacts/ivyservice/resolveengine/oldresult/TransientConfigurationResultsBuilder
instanceKlass org/gradle/api/internal/artifacts/ivyservice/resolveengine/store/CachedStoreFactory$SimpleStore
instanceKlass org/gradle/api/internal/artifacts/ivyservice/resolveengine/store/CachedStoreFactory$Stats
instanceKlass org/gradle/cache/internal/Store
instanceKlass org/gradle/api/internal/artifacts/ivyservice/resolveengine/store/CachedStoreFactory
instanceKlass org/gradle/cache/internal/BinaryStore$BinaryData
instanceKlass org/gradle/api/internal/artifacts/ivyservice/resolveengine/store/DefaultBinaryStore
instanceKlass java/io/DeleteOnExitHook$1
instanceKlass java/io/DeleteOnExitHook
instanceKlass org/gradle/cache/internal/BinaryStore
instanceKlass org/gradle/api/internal/artifacts/ivyservice/resolveengine/store/ResolutionResultsStoreFactory$1
instanceKlass org/gradle/api/internal/CompositeDomainObjectSet$2
instanceKlass org/gradle/api/internal/CompositeDomainObjectSet$1
instanceKlass org/gradle/api/internal/CompositeDomainObjectSet$ItemNotInCompositeSpec
instanceKlass org/gradle/api/internal/CompositeDomainObjectSet$ItemIsUniqueInCompositeSpec
instanceKlass org/gradle/api/internal/CompositeDomainObjectSet$DomainObjectCompositeCollection
instanceKlass org/gradle/api/internal/artifacts/DefaultResolverResults
instanceKlass org/gradle/api/internal/attributes/ImmutableAttributeContainerWithErrorMessage
instanceKlass org/gradle/api/internal/artifacts/repositories/AbstractAuthenticationSupportedRepository$$Lambda$335
instanceKlass org/gradle/api/internal/artifacts/repositories/descriptor/UrlRepositoryDescriptor$Builder
instanceKlass org/gradle/api/internal/artifacts/configurations/ResolveConfigurationResolutionBuildOperationDetails$RepositoryImpl$$Lambda$334
instanceKlass org/gradle/api/internal/artifacts/configurations/ResolveConfigurationResolutionBuildOperationDetails$RepositoryImpl
instanceKlass org/gradle/api/internal/artifacts/configurations/ResolveConfigurationDependenciesBuildOperationType$Repository
instanceKlass org/gradle/api/internal/artifacts/DefaultDependencyManagementServices$DependencyResolutionScopeServices$$Lambda$333
instanceKlass org/gradle/api/internal/artifacts/configurations/ResolveConfigurationResolutionBuildOperationDetails
instanceKlass org/gradle/api/internal/artifacts/configurations/ResolveConfigurationDependenciesBuildOperationType$Details
instanceKlass org/gradle/api/internal/artifacts/configurations/DefaultConfiguration$1
instanceKlass org/gradle/api/internal/artifacts/configurations/DefaultConfiguration$$Lambda$332
instanceKlass org/gradle/api/internal/artifacts/dependencies/AbstractExternalModuleDependency$$Lambda$331
instanceKlass org/gradle/api/internal/initialization/RootScriptDomainObjectContext$CalculatedModelValueImpl
instanceKlass org/gradle/api/artifacts/ConfigurationVariant
instanceKlass org/gradle/api/internal/artifacts/configurations/DefaultConfigurationPublications$ConfigurationVariantFactory
instanceKlass org/gradle/api/internal/artifacts/DefaultPublishArtifactSet$ArtifactsFileCollection
instanceKlass org/gradle/api/internal/tasks/AbstractTaskDependency$1
instanceKlass org/gradle/api/internal/tasks/AbstractTaskDependency
instanceKlass org/gradle/api/internal/file/collections/MinimalFileSet
instanceKlass org/gradle/api/internal/tasks/TaskDependencyInternal
instanceKlass org/gradle/api/internal/artifacts/DefaultDependencySet$MutationValidationAction
instanceKlass org/gradle/api/internal/artifacts/configurations/DefaultConfiguration$$Lambda$330
instanceKlass org/gradle/api/internal/artifacts/configurations/DefaultConfiguration$ConfigurationDescription
instanceKlass org/gradle/api/internal/artifacts/configurations/DefaultConfiguration$ArtifactSetResult
instanceKlass org/gradle/api/internal/artifacts/configurations/DefaultConfiguration$ArtifactCollectionResolvedArtifactsFactory
instanceKlass org/gradle/api/internal/artifacts/configurations/DefaultConfiguration$AllArtifactsProvider
instanceKlass org/gradle/api/internal/artifacts/configurations/PublishArtifactSetProvider
instanceKlass org/gradle/api/internal/artifacts/configurations/DefaultConfiguration$ArtifactViewConfiguration
instanceKlass org/gradle/api/artifacts/ArtifactView$ViewConfiguration
instanceKlass org/gradle/api/internal/artifacts/configurations/DefaultConfiguration$DefaultResolutionHost
instanceKlass org/gradle/api/internal/artifacts/configurations/DefaultConfiguration$SelectedArtifactsProvider
instanceKlass org/gradle/api/internal/attributes/DefaultMutableAttributeContainer
instanceKlass org/gradle/api/internal/artifacts/configurations/DefaultConfiguration$$Lambda$329
instanceKlass org/gradle/internal/lazy/Lazy$$Lambda$328
instanceKlass org/gradle/internal/lazy/UnsafeLazy
instanceKlass org/gradle/api/internal/artifacts/configurations/DefaultConfiguration$$Lambda$327
instanceKlass org/gradle/api/internal/artifacts/configurations/DefaultConfiguration$$Lambda$326
instanceKlass org/gradle/api/artifacts/DependencyConstraint
instanceKlass org/gradle/api/artifacts/ExcludeRule
instanceKlass org/gradle/api/internal/file/collections/FileSystemMirroringFileTree
instanceKlass org/gradle/api/internal/artifacts/configurations/DefaultConfigurationPublications
instanceKlass org/gradle/api/internal/artifacts/configurations/DefaultConfiguration$ConfigurationResolvableDependencies
instanceKlass org/gradle/api/internal/artifacts/configurations/ResolvableDependenciesInternal
instanceKlass org/gradle/api/internal/DelegatingDomainObjectSet
instanceKlass org/gradle/internal/logging/text/TreeFormatter
instanceKlass org/gradle/internal/deprecation/DeprecationMessageBuilder$WithDocumentation
instanceKlass org/gradle/api/internal/artifacts/configurations/OutgoingVariant
instanceKlass org/gradle/api/internal/artifacts/configurations/DefaultConfiguration$ConfigurationArtifactCollection
instanceKlass org/gradle/api/internal/artifacts/configurations/ArtifactCollectionInternal
instanceKlass org/gradle/api/artifacts/ArtifactCollection
instanceKlass org/gradle/api/artifacts/ResolvableDependencies
instanceKlass org/gradle/api/artifacts/ArtifactView
instanceKlass org/gradle/api/internal/artifacts/ResolverResults
instanceKlass org/gradle/api/artifacts/ConfigurationPublications
instanceKlass org/gradle/api/artifacts/DependencySet
instanceKlass org/gradle/api/artifacts/DependencyConstraintSet
instanceKlass org/gradle/api/artifacts/PublishArtifactSet
instanceKlass org/gradle/api/internal/artifacts/configurations/DefaultConfiguration$ResolveState
instanceKlass org/gradle/api/internal/artifacts/configurations/ResolutionHost
instanceKlass org/gradle/api/internal/artifacts/configurations/ResolutionResultProvider
instanceKlass org/gradle/api/internal/artifacts/ivyservice/resolveengine/projectresult/ResolvedProjectConfiguration
instanceKlass org/gradle/api/internal/artifacts/configurations/DetachedConfigurationsProvider
instanceKlass org/gradle/internal/locking/NoOpDependencyLockingProvider
instanceKlass org/gradle/api/internal/artifacts/dependencies/AbstractVersionConstraint
instanceKlass org/gradle/api/internal/artifacts/VersionConstraintInternal
instanceKlass org/gradle/api/artifacts/MutableVersionConstraint
instanceKlass org/gradle/api/internal/artifacts/DefaultExcludeRuleContainer
instanceKlass org/gradle/api/artifacts/ExcludeRuleContainer
instanceKlass org/gradle/api/internal/artifacts/dependencies/ModuleDependencyCapabilitiesInternal
instanceKlass org/gradle/api/artifacts/ModuleDependencyCapabilitiesHandler
instanceKlass org/gradle/api/artifacts/DependencyArtifact
instanceKlass org/gradle/api/internal/artifacts/dependencies/AbstractDependency
instanceKlass org/gradle/api/internal/artifacts/ResolvableDependency
instanceKlass org/gradle/api/artifacts/ExternalModuleDependency
instanceKlass org/gradle/api/artifacts/ExternalDependency
instanceKlass org/gradle/internal/composite/DefaultBuildIncluder$$Lambda$325
instanceKlass org/gradle/plugin/use/internal/DefaultPluginRequestApplicator$NotFound
instanceKlass org/gradle/api/publish/maven/plugins/MavenPublishPlugin$MavenPublicationFactory
instanceKlass org/gradle/api/publish/maven/plugins/MavenPublishPlugin
instanceKlass org/gradle/plugin/use/resolve/internal/SimplePluginResolution
instanceKlass org/gradle/plugins/ide/internal/IdePlugin
instanceKlass org/gradle/api/internal/artifacts/dsl/ModuleVersionSelectorParsers$StringConverter
instanceKlass org/gradle/api/internal/artifacts/dsl/ModuleVersionSelectorParsers
instanceKlass org/gradle/plugin/management/internal/DefaultPluginResolveDetails
instanceKlass org/gradle/plugin/use/internal/DefaultPluginRequestApplicator$$Lambda$324
instanceKlass org/gradle/plugin/use/internal/DefaultPluginRequestApplicator$Result
instanceKlass org/gradle/plugin/use/resolve/internal/AlreadyOnClasspathPluginResolver
instanceKlass org/gradle/plugin/use/resolve/internal/ArtifactRepositoriesPluginResolver
instanceKlass org/gradle/plugin/use/internal/PluginResolverFactory$$Lambda$323
instanceKlass org/gradle/plugin/use/resolve/internal/CorePluginResolver
instanceKlass org/gradle/plugin/use/resolve/internal/PluginResolution
instanceKlass org/gradle/plugin/use/resolve/internal/NoopPluginResolver
instanceKlass org/gradle/plugin/use/resolve/internal/CompositePluginResolver
instanceKlass org/gradle/api/internal/artifacts/repositories/DefaultMavenArtifactRepository$$Lambda$322
instanceKlass org/gradle/api/internal/artifacts/repositories/DefaultRepositoryContentDescriptor
instanceKlass org/gradle/plugin/use/internal/PluginDependencyResolutionServices$DefaultPluginRepositoriesProvider$$Lambda$321
instanceKlass org/gradle/plugin/use/internal/PluginDependencyResolutionServices$PluginArtifactRepository
instanceKlass java/util/Spliterators$IteratorSpliterator
instanceKlass org/gradle/plugin/management/internal/MultiPluginRequests
instanceKlass org/gradle/plugin/use/internal/PluginRequestCollector$2
instanceKlass org/gradle/plugin/use/internal/PluginRequestCollector$1
instanceKlass com/google/common/base/Strings
instanceKlass org/gradle/plugin/use/internal/PluginRequestCollector$PluginDependencySpecImpl
instanceKlass org/gradle/plugin/use/PluginDependency
instanceKlass org/gradle/api/provider/ProviderConvertible
instanceKlass org/gradle/plugin/use/internal/PluginRequestCollector$PluginDependenciesSpecImpl
instanceKlass org/gradle/internal/service/scopes/ProjectScopeServices$$Lambda$320
instanceKlass org/gradle/api/artifacts/VersionCatalogsExtension
instanceKlass org/gradle/configuration/ProjectScriptTarget
instanceKlass org/gradle/internal/build/event/types/DefaultScriptPluginIdentifier
instanceKlass org/gradle/configuration/project/BuildScriptProcessor$$Lambda$319
instanceKlass org/gradle/internal/service/scopes/ProjectScopeServices$ScriptScopedContext
instanceKlass org/gradle/internal/service/scopes/ProjectScopeServices$ProjectBackedModuleMetaDataProvider
instanceKlass org/gradle/internal/service/scopes/ProjectBackedPropertyHost
instanceKlass org/gradle/nativeplatform/internal/CompilerOutputFileNamingScheme
instanceKlass org/gradle/api/artifacts/type/ArtifactTypeContainer
instanceKlass org/gradle/buildinit/plugins/WrapperPlugin$$Lambda$318
instanceKlass org/gradle/buildinit/plugins/WrapperPlugin
instanceKlass org/gradle/buildinit/plugins/BuildInitPlugin$$Lambda$317
instanceKlass org/gradle/api/internal/collections/AbstractIterationOrderRetainingElementSource$ValuePointer
instanceKlass org/gradle/buildinit/plugins/BuildInitPlugin$InitBuildOnlyIfSpec
instanceKlass org/gradle/buildinit/plugins/BuildInitPlugin$InitBuildDependsOnCallable
instanceKlass org/gradle/buildinit/plugins/BuildInitPlugin$FileDetails
instanceKlass org/gradle/buildinit/plugins/BuildInitPlugin
instanceKlass org/gradle/kotlin/dsl/tooling/builders/KotlinDslScriptsModelBuilder
instanceKlass kotlin/collections/ArraysUtilJVM
instanceKlass kotlin/collections/ArraysKt__ArraysJVMKt
instanceKlass kotlin/collections/CollectionsKt__CollectionsJVMKt
instanceKlass org/gradle/kotlin/dsl/tooling/builders/KotlinBuildScriptTemplateModelBuilder
instanceKlass org/gradle/kotlin/dsl/tooling/builders/KotlinBuildScriptModelBuilder
instanceKlass org/gradle/tooling/internal/protocol/cpp/InternalCppTestSuite
instanceKlass org/gradle/tooling/internal/protocol/cpp/InternalCppLibrary
instanceKlass org/gradle/tooling/internal/protocol/cpp/InternalCppApplication
instanceKlass org/gradle/language/cpp/internal/tooling/DefaultCppComponentModel
instanceKlass org/gradle/language/cpp/CppComponent
instanceKlass org/gradle/language/ComponentWithTargetMachines
instanceKlass org/gradle/language/ComponentWithDependencies
instanceKlass org/gradle/language/ComponentWithBinaries
instanceKlass org/gradle/api/component/SoftwareComponent
instanceKlass org/gradle/language/cpp/internal/tooling/CppModelBuilder
instanceKlass org/gradle/plugins/ide/internal/tooling/BuildEnvironmentBuilder
instanceKlass org/gradle/plugins/ide/internal/tooling/PublicationsBuilder
instanceKlass org/gradle/plugins/ide/internal/tooling/model/TaskNameComparator
instanceKlass org/gradle/plugins/ide/internal/tooling/BuildInvocationsBuilder
instanceKlass org/gradle/plugins/ide/internal/tooling/BasicIdeaModelBuilder
instanceKlass org/gradle/plugins/ide/internal/tooling/model/PartialBasicGradleProject
instanceKlass org/gradle/plugins/ide/internal/tooling/GradleBuildBuilder
instanceKlass org/gradle/tooling/provider/model/internal/BuildScopeModelBuilder
instanceKlass org/gradle/plugins/ide/internal/configurer/HierarchicalElementAdapter
instanceKlass org/gradle/plugins/ide/internal/configurer/EclipseModelAwareUniqueProjectNameProvider
instanceKlass org/gradle/plugins/ide/eclipse/model/AbstractClasspathEntry
instanceKlass org/gradle/plugins/ide/eclipse/model/ClasspathEntry
instanceKlass org/objectweb/asm/Opcodes
instanceKlass org/gradle/plugins/ide/internal/tooling/EclipseModelBuilder
instanceKlass org/gradle/plugins/ide/internal/tooling/RunEclipseTasksBuilder
instanceKlass org/gradle/plugins/ide/internal/tooling/RunBuildDependenciesTaskBuilder
instanceKlass org/gradle/tooling/provider/model/ParameterizedToolingModelBuilder
instanceKlass org/gradle/tooling/model/idea/IdeaCompilerOutput
instanceKlass org/gradle/tooling/model/GradleModuleVersion
instanceKlass org/gradle/tooling/model/idea/IdeaDependencyScope
instanceKlass org/gradle/tooling/model/idea/IdeaLanguageLevel
instanceKlass org/gradle/plugins/ide/internal/tooling/IdeaModelBuilder
instanceKlass org/gradle/plugins/ide/internal/tooling/model/LaunchableGradleTask
instanceKlass org/gradle/tooling/internal/protocol/InternalLaunchable
instanceKlass org/gradle/tooling/internal/gradle/GradleProjectIdentity
instanceKlass org/gradle/tooling/internal/gradle/GradleBuildIdentity
instanceKlass org/gradle/plugins/ide/internal/tooling/GradleProjectBuilder
instanceKlass org/gradle/internal/service/scopes/BuildScopeServices$$Lambda$316
instanceKlass org/gradle/tooling/provider/model/internal/DefaultToolingModelBuilderRegistry$RegistrationImpl
instanceKlass org/gradle/tooling/provider/model/internal/DefaultToolingModelBuilderRegistry$VoidToolingModelBuilder
instanceKlass org/gradle/tooling/provider/model/internal/ToolingModelBuilderLookup$Registration
instanceKlass org/gradle/tooling/provider/model/internal/ToolingModelBuilderLookup$Builder
instanceKlass org/gradle/plugins/ide/internal/tooling/ToolingModelServices$BuildScopeToolingServices$1
instanceKlass org/gradle/api/internal/artifacts/ivyservice/projectmodule/DefaultProjectPublicationRegistry
instanceKlass org/gradle/api/internal/project/DefaultProjectTaskLister
instanceKlass org/gradle/jvm/toolchain/internal/task/ShowToolchainsTaskConfigurator$$Lambda$315
instanceKlass org/gradle/api/internal/collections/FilteredCollection$FilteringIterator
instanceKlass org/gradle/api/internal/collections/CollectionFilter$1
instanceKlass org/gradle/api/plugins/HelpTasksPlugin$$Lambda$314
instanceKlass org/gradle/api/internal/DefaultNamedDomainObjectCollection$FilteredIndex
instanceKlass org/gradle/api/internal/collections/DefaultCollectionEventRegister$FilteredEventRegister
instanceKlass org/gradle/api/internal/collections/FilteredCollection
instanceKlass org/gradle/api/specs/Specs$2
instanceKlass org/gradle/api/specs/Specs$1
instanceKlass org/gradle/api/specs/Specs
instanceKlass org/gradle/api/internal/tasks/DefaultRealizableTaskCollection
instanceKlass org/gradle/api/plugins/HelpTasksPlugin$$Lambda$313
instanceKlass org/apache/commons/lang/text/StrTokenizer
instanceKlass org/apache/commons/lang/text/StrBuilder
instanceKlass org/objectweb/asm/Handle
instanceKlass org/objectweb/asm/Context
instanceKlass org/objectweb/asm/ClassReader
instanceKlass org/gradle/api/internal/provider/Collectors$ElementFromProvider
instanceKlass org/gradle/api/internal/provider/ChangingValue
instanceKlass org/gradle/configuration/internal/DefaultUserCodeApplicationContext$CurrentApplication$1
instanceKlass org/gradle/api/internal/DefaultCollectionCallbackActionDecorator$BuildOperationEmittingAction
instanceKlass org/gradle/api/internal/DefaultMutationGuard$2
instanceKlass org/gradle/api/internal/tasks/DefaultTaskContainer$RealizeDetails
instanceKlass com/google/common/reflect/Reflection
instanceKlass com/google/common/reflect/Types$TypeVariableInvocationHandler
instanceKlass com/google/common/reflect/Types$TypeVariableImpl
instanceKlass com/google/common/reflect/Types$NativeTypeVariableEquals
instanceKlass org/gradle/tooling/internal/provider/runner/PluginApplicationTracker$$Lambda$312
instanceKlass org/gradle/tooling/internal/provider/runner/TaskOriginTracker$$Lambda$311
instanceKlass org/gradle/api/internal/tasks/DefaultTaskContainer$RegisterDetails
instanceKlass org/gradle/api/internal/tasks/DefaultTaskContainer$3
instanceKlass org/gradle/model/internal/registry/RuleBindings$ScopeIndex
instanceKlass org/gradle/model/internal/registry/RuleBindings$PredicateMatches
instanceKlass org/gradle/internal/service/scopes/ProjectScopeServices$$Lambda$310
instanceKlass org/gradle/model/internal/registry/DefaultModelRegistry$$Lambda$309
instanceKlass org/gradle/model/internal/registry/DefaultModelRegistry$5
instanceKlass org/gradle/model/internal/registry/NodeAtState
instanceKlass org/gradle/model/internal/registry/DefaultModelRegistry$GoalGraph
instanceKlass org/gradle/model/internal/registry/RuleBindings$NodeAtStateIndex
instanceKlass org/gradle/model/internal/registry/RuleBindings$TypePredicateIndex
instanceKlass org/gradle/model/internal/registry/RuleBindings$PathPredicateIndex
instanceKlass org/gradle/model/internal/registry/RuleBindings
instanceKlass org/gradle/model/internal/registry/ModelGraph
instanceKlass org/gradle/model/internal/core/DefaultModelRegistration
instanceKlass org/gradle/model/internal/core/AbstractModelAction
instanceKlass org/gradle/model/internal/core/EmptyModelProjection
instanceKlass org/gradle/model/internal/core/ModelProjection
instanceKlass org/gradle/model/internal/core/ModelAdapter
instanceKlass org/gradle/model/internal/core/ModelPromise
instanceKlass org/gradle/model/internal/core/ModelRegistrations$Builder$DescriptorReference
instanceKlass org/gradle/model/internal/core/ModelRegistration
instanceKlass org/gradle/model/internal/core/ModelAction
instanceKlass org/gradle/model/internal/core/ModelRegistrations$Builder
instanceKlass org/gradle/model/internal/core/ModelRegistrations
instanceKlass org/gradle/internal/service/scopes/ProjectScopeServices$$Lambda$308
instanceKlass org/gradle/model/internal/registry/BoringProjectState
instanceKlass org/gradle/model/internal/registry/ModelNodeInternal
instanceKlass org/gradle/model/internal/registry/DefaultModelRegistry$ModelGoal
instanceKlass org/gradle/model/internal/core/ModelPredicate
instanceKlass org/gradle/model/internal/registry/DefaultModelRegistry
instanceKlass org/gradle/model/internal/registry/ModelRegistryInternal
instanceKlass org/gradle/tooling/internal/provider/runner/PluginApplicationTracker$PluginApplication
instanceKlass org/gradle/internal/build/event/types/DefaultBinaryPluginIdentifier
instanceKlass org/gradle/tooling/internal/provider/runner/PluginApplicationTracker$$Lambda$307
instanceKlass org/gradle/api/internal/plugins/DefaultPluginManager$OperationDetails
instanceKlass org/gradle/api/internal/plugins/DefaultPluginManager$AddPluginBuildOperation
instanceKlass org/gradle/api/internal/plugins/DefaultPluginManager$$Lambda$306
instanceKlass org/gradle/api/internal/plugins/DefaultPluginManager$1
instanceKlass org/gradle/api/internal/plugins/DefaultPotentialPluginWithId
instanceKlass org/gradle/api/internal/plugins/PluginInspector$PotentialImperativeClassPlugin
instanceKlass com/google/common/collect/TransformedIterator
instanceKlass com/google/common/base/Predicates
instanceKlass org/gradle/model/internal/inspect/ModelRuleSourceDetector$3
instanceKlass org/gradle/api/plugins/HelpTasksPlugin$HelpAction
instanceKlass org/gradle/api/plugins/HelpTasksPlugin$ProjectReportTaskAction
instanceKlass org/gradle/api/plugins/HelpTasksPlugin$TaskReportTaskAction
instanceKlass org/gradle/api/plugins/HelpTasksPlugin$PropertyReportTaskAction
instanceKlass org/gradle/api/plugins/HelpTasksPlugin$DependencyInsightReportTaskAction
instanceKlass org/gradle/api/plugins/HelpTasksPlugin$DependencyReportTaskAction
instanceKlass org/gradle/api/plugins/HelpTasksPlugin$BuildEnvironmentReportTaskAction
instanceKlass org/gradle/api/plugins/HelpTasksPlugin$ComponentReportAction
instanceKlass org/gradle/api/plugins/HelpTasksPlugin$ModelReportAction
instanceKlass org/gradle/api/plugins/HelpTasksPlugin$DependentComponentsReportAction
instanceKlass org/gradle/api/plugins/HelpTasksPlugin
instanceKlass org/gradle/api/internal/plugins/PluginDescriptor
instanceKlass org/gradle/api/internal/plugins/ClassloaderBackedPluginDescriptorLocator
instanceKlass org/gradle/api/internal/plugins/DefaultPluginRegistry$PluginIdLookupCacheKey
instanceKlass com/google/common/base/Optional
instanceKlass com/google/common/collect/FluentIterable
instanceKlass org/gradle/model/internal/inspect/ModelRuleExtractor$CachedRuleSource
instanceKlass org/gradle/model/internal/inspect/MethodModelRuleExtractionContext
instanceKlass org/gradle/model/Rules
instanceKlass org/gradle/model/Validate
instanceKlass org/gradle/model/Finalize
instanceKlass org/gradle/model/Mutate
instanceKlass org/gradle/model/Defaults
instanceKlass org/gradle/model/internal/core/NodeInitializerRegistry
instanceKlass org/gradle/model/Model
instanceKlass org/gradle/model/internal/inspect/MethodModelRuleExtractors
instanceKlass org/gradle/model/internal/manage/instance/ManagedInstance
instanceKlass org/gradle/model/internal/manage/schema/extract/ManagedProxyClassGenerator$GeneratedView
instanceKlass org/gradle/model/internal/manage/instance/ModelElementState
instanceKlass org/gradle/model/internal/manage/instance/GeneratedViewState
instanceKlass org/gradle/internal/reflect/Types$TypeVisitor
instanceKlass org/gradle/model/internal/manage/binding/StructMethodBinding
instanceKlass org/gradle/model/internal/manage/binding/StructBindings
instanceKlass org/gradle/model/internal/manage/binding/StructBindingValidationProblemCollector
instanceKlass org/gradle/model/internal/manage/binding/DefaultStructBindingsStore
instanceKlass org/gradle/platform/base/BinaryTasks
instanceKlass org/gradle/model/internal/core/ModelPath$Cache
instanceKlass org/gradle/platform/base/BinaryContainer
instanceKlass org/gradle/platform/base/ComponentBinaries
instanceKlass org/gradle/platform/base/ComponentType
instanceKlass org/gradle/platform/base/VariantComponentSpec
instanceKlass org/gradle/platform/base/VariantComponent
instanceKlass org/gradle/platform/base/SourceComponentSpec
instanceKlass org/gradle/language/base/LanguageSourceSet
instanceKlass org/gradle/model/internal/typeregistration/BaseInstanceFactory
instanceKlass org/gradle/model/internal/typeregistration/InstanceFactory
instanceKlass org/gradle/model/internal/inspect/ExtractedModelRule
instanceKlass org/gradle/model/internal/inspect/RuleSourceValidationProblemCollector
instanceKlass org/gradle/model/internal/inspect/AbstractAnnotationDrivenModelRuleExtractor
instanceKlass org/gradle/model/internal/manage/schema/cache/ModelSchemaCache
instanceKlass org/gradle/model/internal/manage/schema/extract/DefaultModelSchemaStore
instanceKlass org/gradle/model/RuleSource
instanceKlass org/gradle/model/internal/manage/schema/extract/StructSchemaExtractionStrategySupport
instanceKlass org/gradle/model/internal/manage/schema/extract/JavaUtilCollectionStrategy
instanceKlass org/gradle/model/ModelMap
instanceKlass org/gradle/model/internal/manage/schema/extract/ModelMapStrategy
instanceKlass org/gradle/model/internal/manage/schema/extract/AbstractProxyClassGenerator
instanceKlass org/gradle/model/internal/manage/schema/extract/SpecializedMapStrategy
instanceKlass org/gradle/model/internal/type/WildcardTypeWrapper
instanceKlass org/gradle/model/internal/type/WildcardWrapper
instanceKlass org/gradle/model/internal/type/ParameterizedTypeWrapper
instanceKlass org/gradle/model/ModelSet
instanceKlass org/gradle/model/internal/manage/schema/CompositeSchema
instanceKlass org/gradle/model/internal/manage/schema/AbstractModelSchema
instanceKlass org/gradle/model/internal/manage/schema/ManagedImplSchema
instanceKlass org/gradle/model/internal/manage/schema/extract/ModelSetStrategy
instanceKlass org/gradle/model/internal/manage/schema/extract/JdkValueTypeStrategy
instanceKlass org/gradle/model/internal/manage/schema/extract/EnumStrategy
instanceKlass org/gradle/model/internal/manage/schema/ModelSchema
instanceKlass org/gradle/model/internal/manage/schema/extract/PrimitiveStrategy
instanceKlass org/gradle/model/internal/manage/schema/extract/ModelSchemaExtractionContext
instanceKlass org/gradle/model/internal/manage/schema/extract/DefaultModelSchemaExtractor
instanceKlass org/gradle/model/internal/manage/schema/extract/ModelSchemaAspect
instanceKlass org/gradle/platform/base/internal/VariantAspectExtractionStrategy
instanceKlass org/gradle/api/internal/plugins/RuleBasedPluginTarget
instanceKlass org/gradle/configuration/project/NotifyProjectBeforeEvaluatedBuildOperationType$1
instanceKlass org/gradle/configuration/project/NotifyProjectBeforeEvaluatedBuildOperationType$Result
instanceKlass org/gradle/configuration/project/NotifyProjectBeforeEvaluatedBuildOperationType
instanceKlass org/gradle/internal/operations/BuildOperationType
instanceKlass org/gradle/util/internal/NameValidator
instanceKlass org/gradle/configuration/project/LifecycleProjectEvaluator$NotifyProjectBeforeEvaluatedDetails
instanceKlass org/gradle/configuration/project/NotifyProjectBeforeEvaluatedBuildOperationType$Details
instanceKlass org/gradle/configuration/project/LifecycleProjectEvaluator$NotifyBeforeEvaluate
instanceKlass org/gradle/internal/work/DefaultWorkerLeaseService$2
instanceKlass org/gradle/api/internal/project/DefaultProjectStateRegistry$ProjectStateImpl$$Lambda$305
instanceKlass org/gradle/api/internal/project/DefaultProjectStateRegistry$ProjectStateImpl$$Lambda$304
instanceKlass org/gradle/configuration/project/LifecycleProjectEvaluator$EvaluateProject$$Lambda$303
instanceKlass org/gradle/configuration/project/LifecycleProjectEvaluator$ConfigureProjectDetails
instanceKlass org/gradle/configuration/project/LifecycleProjectEvaluator$EvaluateProject
instanceKlass org/gradle/configuration/project/LifecycleProjectEvaluator
instanceKlass org/gradle/configuration/project/DelayedConfigurationActions
instanceKlass org/gradle/configuration/project/BuildScriptProcessor
instanceKlass org/gradle/buildinit/plugins/internal/action/WrapperPluginAutoApplyAction
instanceKlass org/gradle/buildinit/plugins/internal/action/BuildInitAutoApplyAction
instanceKlass org/gradle/kotlin/dsl/tooling/builders/KotlinScriptingModelBuildersRegistrationAction
instanceKlass org/gradle/jvm/toolchain/internal/task/ShowToolchainsTaskConfigurator
instanceKlass org/gradle/api/plugins/internal/HelpTasksAutoApplyAction
instanceKlass org/gradle/configuration/project/ConfigureActionsProjectEvaluator
instanceKlass java/util/concurrent/CopyOnWriteArrayList$COWIterator
instanceKlass org/gradle/initialization/NotifyingBuildLoader$3$1
instanceKlass org/gradle/initialization/NotifyProjectsLoadedBuildOperationType$Details
instanceKlass org/gradle/initialization/NotifyingBuildLoader$3
instanceKlass org/gradle/initialization/NotifyingBuildLoader$BuildStructureOperationResult
instanceKlass org/gradle/initialization/LoadProjectsBuildOperationType$Result
instanceKlass org/gradle/initialization/NotifyingBuildLoader$BuildStructureOperationProject
instanceKlass org/gradle/api/internal/project/DefaultProjectStateRegistry$ProjectStateImpl$$Lambda$302
instanceKlass org/apache/commons/lang/reflect/MethodUtils
instanceKlass org/gradle/internal/Pair
instanceKlass org/gradle/initialization/ProjectPropertySettingBuildLoader$CachingPropertyApplicator
instanceKlass org/gradle/api/internal/project/ProjectFactory$$Lambda$301
instanceKlass org/gradle/api/internal/project/DefaultProject$$Lambda$300
instanceKlass org/gradle/internal/extensibility/ExtensibleDynamicObject$2
instanceKlass org/gradle/internal/BiAction
instanceKlass org/gradle/api/internal/tasks/DefaultTaskContainerFactory$1
instanceKlass org/gradle/api/internal/tasks/DefaultTaskContainer$7
instanceKlass org/gradle/api/internal/tasks/DefaultTaskContainer$6
instanceKlass org/gradle/api/Task$Namer
instanceKlass org/gradle/model/internal/core/MutableModelNode
instanceKlass org/gradle/model/internal/core/ModelNode
instanceKlass org/gradle/model/internal/core/ModelPath
instanceKlass org/gradle/api/tasks/TaskProvider
instanceKlass org/gradle/api/internal/project/taskfactory/TaskIdentity
instanceKlass org/gradle/api/internal/tasks/RealizeTaskBuildOperationType$Result
instanceKlass org/gradle/api/internal/tasks/RegisterTaskBuildOperationType$Result
instanceKlass org/gradle/api/internal/project/taskfactory/TaskFactory
instanceKlass org/gradle/api/internal/project/taskfactory/AnnotationProcessingTaskFactory
instanceKlass org/gradle/api/internal/project/taskfactory/DefaultTaskClassInfoStore$$Lambda$299
instanceKlass org/gradle/api/internal/project/taskfactory/TaskClassInfo
instanceKlass org/gradle/api/internal/project/taskfactory/DefaultTaskClassInfoStore$AbstractIncrementalTaskActionFactory
instanceKlass org/gradle/api/internal/project/taskfactory/TaskActionFactory
instanceKlass org/gradle/api/internal/project/taskfactory/DefaultTaskClassInfoStore
instanceKlass org/gradle/model/internal/core/rule/describe/SimpleModelRuleDescriptor$1
instanceKlass org/gradle/internal/Factories$2
instanceKlass org/gradle/model/internal/core/rule/describe/AbstractModelRuleDescriptor
instanceKlass org/gradle/model/internal/core/rule/describe/ModelRuleDescriptor
instanceKlass org/gradle/model/internal/core/ModelReference
instanceKlass org/gradle/api/internal/tasks/DefaultTaskContainerFactory
instanceKlass org/gradle/internal/service/scopes/WorkerSharedProjectScopeServices
instanceKlass org/gradle/nativeplatform/internal/CompilerOutputFileNamingSchemeFactory
instanceKlass org/gradle/nativeplatform/internal/services/NativeBinaryServices$ProjectCompilerServices
instanceKlass org/gradle/language/internal/DefaultNativeComponentFactory
instanceKlass org/gradle/language/internal/NativeComponentFactory
instanceKlass org/gradle/language/nativeplatform/internal/toolchains/ToolChainSelector$Result
instanceKlass org/gradle/language/nativeplatform/internal/toolchains/DefaultToolChainSelector
instanceKlass org/gradle/language/nativeplatform/internal/toolchains/ToolChainSelector
instanceKlass org/gradle/language/nativeplatform/internal/incremental/IncrementalCompilerBuilder$IncrementalCompiler
instanceKlass org/gradle/language/nativeplatform/internal/incremental/DefaultIncrementalCompilerBuilder
instanceKlass org/gradle/language/nativeplatform/internal/incremental/IncrementalCompilerBuilder
instanceKlass org/gradle/plugins/ide/internal/DefaultIdeArtifactRegistry
instanceKlass org/gradle/plugins/ide/internal/IdeArtifactRegistry
instanceKlass org/gradle/internal/snapshot/Snapshot
instanceKlass org/gradle/internal/snapshot/impl/DefaultSnapshottingService
instanceKlass org/gradle/internal/snapshot/SnapshottingService
instanceKlass org/gradle/internal/enterprise/test/TestTaskFilters
instanceKlass org/gradle/internal/enterprise/test/TestTaskForkOptions
instanceKlass org/gradle/internal/enterprise/test/TestTaskProperties
instanceKlass org/gradle/internal/enterprise/test/impl/DefaultTestTaskPropertiesService
instanceKlass org/gradle/internal/enterprise/test/TestTaskPropertiesService
instanceKlass org/gradle/buildinit/plugins/internal/ProjectLayoutSetupRegistry
instanceKlass org/gradle/buildinit/plugins/internal/services/BuildInitServices$ProjectScopeBuildInitServices
instanceKlass org/gradle/api/publish/maven/internal/publisher/MavenDuplicatePublicationTracker
instanceKlass org/gradle/api/tasks/SourceSetContainer
instanceKlass org/gradle/api/plugins/jvm/internal/JvmPluginServices
instanceKlass org/gradle/api/plugins/jvm/internal/JvmModelingServices
instanceKlass org/gradle/api/plugins/jvm/internal/JvmEcosystemUtilities
instanceKlass org/gradle/api/plugins/internal/PluginAuthorServices$ProjectScopeServices
instanceKlass org/gradle/jvm/toolchain/JavaToolchainSpec
instanceKlass org/gradle/jvm/toolchain/internal/DefaultJavaToolchainService
instanceKlass org/gradle/jvm/toolchain/JavaToolchainService
instanceKlass org/gradle/jvm/toolchain/internal/JavaToolchainQueryService
instanceKlass org/gradle/jvm/toolchain/install/internal/AdoptOpenJdkDownloader
instanceKlass org/gradle/jvm/toolchain/install/internal/AdoptOpenJdkRemoteBinary
instanceKlass org/gradle/jvm/toolchain/install/internal/DefaultJavaToolchainProvisioningService
instanceKlass org/gradle/jvm/toolchain/install/internal/JavaToolchainProvisioningService
instanceKlass org/gradle/jvm/toolchain/internal/JavaToolchainFactory
instanceKlass org/gradle/jvm/toolchain/internal/ToolchainToolFactory
instanceKlass org/gradle/language/java/internal/JavaLanguagePluginServiceRegistry$JavaProjectScopeServices
instanceKlass org/gradle/jvm/toolchain/internal/JavaCompilerFactory
instanceKlass org/gradle/language/java/internal/JavaToolChainServiceRegistry$ProjectScopeCompileServices
instanceKlass org/gradle/api/internal/tasks/compile/GroovyCompilerFactory
instanceKlass org/gradle/language/base/internal/compile/CompilerFactory
instanceKlass org/gradle/api/internal/tasks/compile/GroovyServices$ProjectServices
instanceKlass org/gradle/api/publish/ivy/internal/publisher/IvyDuplicatePublicationTracker
instanceKlass org/gradle/workers/internal/BuildOperationAwareWorker
instanceKlass org/gradle/workers/internal/IsolatedClassloaderWorkerFactory
instanceKlass org/gradle/workers/internal/WorkerDaemonFactory
instanceKlass org/gradle/workers/internal/WorkerFactory
instanceKlass org/gradle/workers/WorkerExecutor
instanceKlass org/gradle/workers/internal/WorkersServices$ProjectScopeServices
instanceKlass org/gradle/internal/service/scopes/ProjectScopeServices$$Lambda$298
instanceKlass org/gradle/api/internal/project/taskfactory/TaskInstantiator
instanceKlass org/gradle/api/internal/component/ComponentRegistry
instanceKlass org/gradle/normalization/internal/RuntimeClasspathNormalizationInternal
instanceKlass org/gradle/normalization/RuntimeClasspathNormalization
instanceKlass org/gradle/normalization/InputNormalization
instanceKlass org/gradle/internal/typeconversion/TypeConverter
instanceKlass org/gradle/api/internal/project/ant/AntLoggingAdapterFactory
instanceKlass org/gradle/api/internal/file/SourceDirectorySetFactory
instanceKlass org/gradle/api/internal/project/DeferredProjectConfiguration
instanceKlass org/gradle/api/internal/file/DefaultProjectLayout
instanceKlass org/gradle/api/internal/file/TaskFileVarFactory
instanceKlass org/gradle/internal/service/scopes/GradleScopeServices$1
instanceKlass org/gradle/initialization/NotifyingBuildLoader$2$1
instanceKlass org/gradle/initialization/LoadProjectsBuildOperationType$Details
instanceKlass org/gradle/initialization/NotifyingBuildLoader$2
instanceKlass org/gradle/api/internal/catalog/DefaultDependenciesAccessors$$Lambda$297
instanceKlass org/gradle/api/internal/catalog/DefaultVersionCatalog
instanceKlass org/gradle/api/internal/DefaultDomainObjectCollection$IteratorImpl
instanceKlass org/gradle/internal/serialization/Cached
instanceKlass org/gradle/internal/instantiation/generator/ManagedObjectFactory$$Lambda$296
instanceKlass org/gradle/internal/instantiation/generator/ManagedObjectFactory$ManagedPropertyName
instanceKlass org/gradle/api/internal/catalog/DefaultDependenciesAccessors
instanceKlass org/gradle/api/artifacts/ProjectDependency
instanceKlass org/gradle/api/artifacts/SelfResolvingDependency
instanceKlass org/gradle/api/artifacts/ModuleDependency
instanceKlass org/gradle/internal/execution/workspace/impl/DefaultImmutableWorkspaceProvider$$Lambda$295
instanceKlass org/gradle/internal/execution/workspace/impl/DefaultImmutableWorkspaceProvider$$Lambda$294
instanceKlass org/gradle/api/internal/DependencyClassPathProvider
instanceKlass org/gradle/configuration/BuildOperationFiringProjectsPreparer$ConfigureBuild$1
instanceKlass org/gradle/initialization/ConfigureBuildBuildOperationType$Details
instanceKlass org/gradle/configuration/BuildOperationFiringProjectsPreparer$ConfigureBuild
instanceKlass org/gradle/initialization/VintageBuildModelController$$Lambda$293
instanceKlass org/gradle/internal/resources/TaskExecutionLockRegistry$2
instanceKlass org/gradle/internal/resources/ProjectLockRegistry$1
instanceKlass org/gradle/api/internal/project/DefaultProjectStateRegistry$ProjectStateImpl
instanceKlass org/gradle/api/internal/artifacts/DefaultProjectComponentIdentifier
instanceKlass org/gradle/api/internal/project/DefaultProjectStateRegistry$DefaultBuildProjectRegistry
instanceKlass org/gradle/internal/build/BuildProjectRegistry
instanceKlass org/gradle/initialization/AbstractProjectSpec
instanceKlass org/gradle/initialization/ProjectSpec
instanceKlass org/gradle/initialization/ProjectSpecs
instanceKlass org/gradle/initialization/DefaultSettingsLoader$$Lambda$292
instanceKlass org/gradle/caching/internal/controller/RootBuildCacheControllerRef$CloseShieldBuildCacheController
instanceKlass org/gradle/caching/internal/controller/NoOpBuildCacheController
instanceKlass org/gradle/caching/internal/services/BuildCacheControllerFactory$ResultImpl
instanceKlass org/gradle/caching/internal/FinalizeBuildCacheConfigurationBuildOperationType$Result
instanceKlass org/gradle/caching/internal/services/BuildCacheControllerFactory$DetailsImpl
instanceKlass org/gradle/caching/internal/FinalizeBuildCacheConfigurationBuildOperationType$Details
instanceKlass org/gradle/caching/internal/FinalizeBuildCacheConfigurationBuildOperationType$Result$BuildCacheDescription
instanceKlass org/gradle/caching/internal/services/BuildCacheControllerFactory$1
instanceKlass org/gradle/caching/BuildCacheServiceFactory$Describer
instanceKlass org/gradle/caching/internal/services/BuildCacheControllerFactory
instanceKlass org/gradle/caching/configuration/internal/DefaultBuildCacheConfiguration
instanceKlass org/gradle/caching/local/internal/DirectoryBuildCacheServiceFactory
instanceKlass org/gradle/internal/management/DefaultDependencyResolutionManagement$$Lambda$291
instanceKlass org/gradle/internal/management/DefaultDependencyResolutionManagement$$Lambda$290
instanceKlass org/gradle/internal/time/TimeFormatting
instanceKlass org/gradle/plugin/management/PluginResolveDetails
instanceKlass org/gradle/api/artifacts/repositories/MavenRepositoryContentDescriptor
instanceKlass org/gradle/api/artifacts/ComponentMetadataSupplier
instanceKlass org/gradle/api/artifacts/ComponentMetadataVersionLister
instanceKlass org/gradle/api/internal/artifacts/repositories/DefaultMavenArtifactRepository$DefaultDescriber
instanceKlass org/gradle/api/internal/provider/Collectors$SingleElement
instanceKlass org/gradle/api/internal/provider/Collectors$TypedCollector
instanceKlass org/gradle/api/internal/provider/Collectors$ProvidedCollector
instanceKlass org/gradle/api/internal/artifacts/repositories/DefaultBaseRepositoryFactory$$Lambda$289
instanceKlass java/lang/invoke/LambdaForm$DMH
instanceKlass org/gradle/api/internal/artifacts/repositories/DefaultMavenArtifactRepository$$Lambda$288
instanceKlass org/gradle/api/internal/artifacts/repositories/AbstractArtifactRepository$$Lambda$287
instanceKlass com/google/common/base/Suppliers$MemoizingSupplier
instanceKlass com/google/common/base/Suppliers$NonSerializableMemoizingSupplier
instanceKlass org/gradle/api/internal/artifacts/repositories/AbstractArtifactRepository$$Lambda$286
instanceKlass org/gradle/api/internal/artifacts/repositories/DefaultMavenArtifactRepository$$Lambda$285
instanceKlass java/lang/invoke/LambdaForm$DMH
instanceKlass org/gradle/api/internal/artifacts/repositories/ArtifactResolutionDetails
instanceKlass org/gradle/internal/resolve/caching/ImplicitInputsCapturingInstantiator
instanceKlass org/gradle/api/internal/artifacts/repositories/AuthenticationSupporter
instanceKlass org/gradle/api/artifacts/repositories/PasswordCredentials
instanceKlass org/gradle/api/credentials/PasswordCredentials
instanceKlass org/gradle/api/credentials/Credentials
instanceKlass org/gradle/api/internal/artifacts/repositories/DefaultMavenArtifactRepository$MavenMetadataSources
instanceKlass org/gradle/api/internal/artifacts/repositories/DefaultUrlArtifactRepository
instanceKlass org/gradle/api/internal/artifacts/repositories/metadata/DefaultMavenPomMetadataSource$MavenMetadataValidator
instanceKlass org/gradle/api/internal/artifacts/repositories/metadata/AbstractMetadataSource
instanceKlass org/gradle/api/internal/artifacts/repositories/maven/MavenMetadataLoader
instanceKlass org/gradle/api/internal/artifacts/repositories/resolver/ExternalResourceResolver
instanceKlass org/gradle/api/internal/artifacts/repositories/resolver/ExternalResourceArtifactResolver
instanceKlass org/gradle/api/internal/artifacts/repositories/metadata/ImmutableMetadataSources
instanceKlass org/gradle/api/internal/artifacts/repositories/metadata/MetadataSource
instanceKlass org/gradle/api/internal/artifacts/repositories/metadata/MetadataArtifactProvider
instanceKlass org/gradle/api/internal/artifacts/ivyservice/ivyresolve/ConfiguredModuleComponentRepository
instanceKlass org/gradle/api/internal/artifacts/ModuleVersionPublisher
instanceKlass org/gradle/api/internal/artifacts/repositories/descriptor/RepositoryDescriptor
instanceKlass org/gradle/api/artifacts/repositories/MavenArtifactRepository$MetadataSources
instanceKlass org/gradle/api/artifacts/repositories/RepositoryResourceAccessor
instanceKlass org/gradle/api/internal/artifacts/repositories/RepositoryContentDescriptorInternal
instanceKlass org/gradle/api/internal/DefaultPolymorphicDomainObjectContainer$2
instanceKlass org/gradle/api/internal/DefaultPolymorphicNamedEntityInstantiator
instanceKlass org/gradle/api/internal/PolymorphicNamedEntityInstantiator
instanceKlass org/gradle/model/internal/core/NamedEntityInstantiator
instanceKlass org/gradle/api/internal/artifacts/repositories/AbstractArtifactRepository
instanceKlass org/gradle/api/internal/artifacts/repositories/ContentFilteringRepository
instanceKlass org/gradle/api/internal/artifacts/repositories/ArtifactRepositoryInternal
instanceKlass org/gradle/internal/artifacts/repositories/AuthenticationSupportedInternal
instanceKlass org/gradle/api/internal/artifacts/repositories/PublicationAwareRepository
instanceKlass org/gradle/api/internal/artifacts/repositories/ResolutionAwareRepository
instanceKlass org/gradle/api/internal/artifacts/repositories/DefaultBaseRepositoryFactory$NamedMavenRepositoryDescriber
instanceKlass org/gradle/api/artifacts/repositories/ExclusiveContentRepository
instanceKlass org/gradle/api/internal/DefaultNamedDomainObjectCollection$ObjectBackedElementInfo
instanceKlass org/gradle/api/internal/DefaultNamedDomainObjectCollection$ProviderBackedElementInfo
instanceKlass org/gradle/api/internal/DefaultNamedDomainObjectCollection$ElementInfo
instanceKlass sun/reflect/generics/reflectiveObjects/GenericArrayTypeImpl
instanceKlass sun/reflect/generics/tree/BooleanSignature
instanceKlass org/gradle/api/internal/provider/ValueSupplier$ValueProducer
instanceKlass org/gradle/api/internal/provider/ValueSupplier$ExecutionTimeValue
instanceKlass org/gradle/api/initialization/ConfigurableIncludedPluginBuild
instanceKlass org/gradle/plugin/use/PluginDependencySpec
instanceKlass org/gradle/plugin/management/internal/DefaultPluginManagementSpec$PluginDependenciesSpecImpl
instanceKlass org/gradle/plugin/use/PluginDependenciesSpec
instanceKlass org/gradle/plugin/use/internal/PluginDependencyResolutionServices$$Lambda$284
instanceKlass org/gradle/plugin/use/internal/PluginRepositoryHandlerProvider
instanceKlass org/gradle/plugin/management/internal/DefaultPluginManagementSpec
instanceKlass org/gradle/plugin/management/internal/PluginManagementSpecInternal
instanceKlass org/gradle/api/initialization/ConfigurableIncludedBuild
instanceKlass org/codehaus/groovy/runtime/metaclass/ClosureMetaClass$StandardClosureChooser
instanceKlass org/gradle/plugin/use/internal/PluginRequestCollector
instanceKlass org/gradle/internal/event/BroadcastDispatch$ActionInvocationHandler
instanceKlass org/gradle/internal/operations/notify/BuildOperationNotificationBridge$2$$Lambda$283
instanceKlass org/gradle/vcs/VcsMappings
instanceKlass org/gradle/vcs/internal/services/VersionControlServices$VersionControlSettingsServices
instanceKlass org/gradle/plugin/internal/PluginUsePluginServiceRegistry$SettingsScopeServices
instanceKlass org/gradle/internal/service/scopes/SettingsScopeServices$1
instanceKlass org/gradle/initialization/IncludedBuildSpec
instanceKlass org/gradle/initialization/BuildOperationSettingsProcessor$2$1
instanceKlass org/gradle/initialization/EvaluateSettingsBuildOperationType$Details
instanceKlass org/gradle/initialization/BuildOperationSettingsProcessor$2
instanceKlass org/gradle/internal/logging/sink/ProgressLogEventGenerator$1
instanceKlass org/gradle/configuration/internal/DefaultListenerBuildOperationDecorator$BuildOperationEmittingInvocationHandler
instanceKlass org/gradle/configuration/internal/DefaultListenerBuildOperationDecorator$1
instanceKlass org/gradle/listener/ClosureBackedMethodInvocationDispatch
instanceKlass org/apache/groovy/util/Maps
instanceKlass org/codehaus/groovy/ast/ClassNode$$Lambda$282
instanceKlass org/codehaus/groovy/ast/ClassNode$MapOfLists
instanceKlass org/codehaus/groovy/util/AbstractConcurrentMap$Entry
instanceKlass org/codehaus/groovy/util/AbstractConcurrentMapBase$Entry
instanceKlass org/codehaus/groovy/ast/ClassHelper$ClassHelperCache
instanceKlass org/codehaus/groovy/runtime/GeneratedLambda
instanceKlass org/codehaus/groovy/ast/ClassHelper
instanceKlass org/codehaus/groovy/classgen/asm/util/TypeUtil
instanceKlass org/gradle/execution/ProjectExecutionServiceRegistry
instanceKlass org/gradle/api/tasks/TaskState
instanceKlass org/gradle/api/tasks/TaskDestroyables
instanceKlass org/gradle/api/tasks/TaskOutputs
instanceKlass org/gradle/api/tasks/TaskLocalState
instanceKlass org/gradle/api/tasks/TaskInputs
instanceKlass org/codehaus/groovy/runtime/metaclass/ClosureMetaClass$$Lambda$281
instanceKlass org/gradle/execution/plan/ExecutionPlan$1
instanceKlass org/gradle/execution/taskgraph/DefaultTaskExecutionGraph
instanceKlass org/gradle/execution/plan/DefaultPlanExecutor
instanceKlass org/gradle/api/internal/tasks/TaskExecutionContext
instanceKlass org/codehaus/groovy/reflection/AccessPermissionChecker
instanceKlass org/codehaus/groovy/reflection/ReflectionUtils$$Lambda$280
instanceKlass org/gradle/internal/snapshot/SearchUtil
instanceKlass org/gradle/internal/snapshot/AbstractListChildMap$$Lambda$279
instanceKlass org/codehaus/groovy/runtime/ScriptBytecodeAdapter
instanceKlass org/codehaus/groovy/runtime/metaclass/ClosureMetaClass$$Lambda$278
instanceKlass org/codehaus/groovy/runtime/metaclass/ClosureMetaClass$MethodChooser
instanceKlass org/codehaus/groovy/runtime/callsite/BooleanClosureWrapper
instanceKlass org/codehaus/groovy/reflection/ClassLoaderForClassArtifacts$$Lambda$277
instanceKlass org/codehaus/groovy/runtime/typehandling/DefaultTypeTransformation
instanceKlass org/codehaus/groovy/classgen/asm/BytecodeHelper
instanceKlass groovyjarjarasm/asm/Edge
instanceKlass org/codehaus/groovy/reflection/CachedClass$5$$Lambda$276
instanceKlass org/codehaus/groovy/classgen/GeneratorContext
instanceKlass org/codehaus/groovy/reflection/android/AndroidSupport
instanceKlass groovyjarjarasm/asm/Attribute
instanceKlass groovyjarjarasm/asm/Handler
instanceKlass groovyjarjarasm/asm/Label
instanceKlass groovyjarjarasm/asm/Type
instanceKlass groovyjarjarasm/asm/Frame
instanceKlass groovyjarjarasm/asm/ByteVector
instanceKlass groovyjarjarasm/asm/Symbol
instanceKlass groovyjarjarasm/asm/SymbolTable
instanceKlass groovyjarjarasm/asm/FieldVisitor
instanceKlass groovyjarjarasm/asm/MethodVisitor
instanceKlass groovyjarjarasm/asm/AnnotationVisitor
instanceKlass groovyjarjarasm/asm/RecordComponentVisitor
instanceKlass groovyjarjarasm/asm/ModuleVisitor
instanceKlass org/codehaus/groovy/reflection/SunClassLoader$$Lambda$275
instanceKlass org/codehaus/groovy/runtime/callsite/CallSiteGenerator
instanceKlass org/codehaus/groovy/runtime/metaclass/MetaMethodIndex$CacheEntry
instanceKlass org/codehaus/groovy/runtime/wrappers/Wrapper
instanceKlass groovy/lang/AdaptingMetaClass
instanceKlass groovy/lang/GroovyInterceptable
instanceKlass org/codehaus/groovy/runtime/ArrayUtil
instanceKlass org/codehaus/groovy/syntax/Types
instanceKlass org/codehaus/groovy/syntax/CSTNode
instanceKlass org/codehaus/groovy/ast/tools/GeneralUtils
instanceKlass org/gradle/api/component/SoftwareComponentContainer
instanceKlass org/gradle/api/NamedDomainObjectFactory
instanceKlass org/gradle/api/internal/project/ProjectStateInternal
instanceKlass org/gradle/internal/model/RuleBasedPluginListener
instanceKlass org/gradle/api/internal/project/ProjectInternal$DetachedResolver
instanceKlass org/gradle/configuration/project/ProjectConfigurationActionContainer
instanceKlass org/gradle/normalization/internal/InputNormalizationHandlerInternal
instanceKlass org/gradle/model/internal/registry/ModelRegistry
instanceKlass org/gradle/api/internal/tasks/TaskContainerInternal
instanceKlass org/gradle/plugin/management/PluginManagementSpec
instanceKlass org/gradle/vcs/SourceControl
instanceKlass org/gradle/initialization/DefaultProjectDescriptor
instanceKlass org/gradle/api/initialization/ProjectDescriptor
instanceKlass org/gradle/internal/metaobject/DynamicInvokeResult
instanceKlass org/gradle/cache/internal/DefaultFileContentCacheFactory$DefaultFileContentCache
instanceKlass org/gradle/internal/jvm/JavaModuleDetector$ModuleInfoLocator
instanceKlass org/gradle/internal/jvm/JavaModuleDetector$$Lambda$274
instanceKlass org/gradle/internal/jvm/JavaModuleDetector$$Lambda$273
instanceKlass org/gradle/cache/internal/FileContentCache
instanceKlass org/gradle/cache/internal/DefaultFileContentCacheFactory
instanceKlass org/gradle/api/internal/model/InstantiatorBackedObjectFactory
instanceKlass org/gradle/process/internal/ExecAction
instanceKlass org/gradle/process/internal/ExecHandleBuilder
instanceKlass org/gradle/process/internal/JavaForkOptionsInternal
instanceKlass org/gradle/process/JavaDebugOptions
instanceKlass org/gradle/process/internal/JavaExecAction
instanceKlass org/gradle/process/internal/DefaultExecActionFactory
instanceKlass org/gradle/api/internal/file/copy/CopyAction
instanceKlass org/gradle/api/internal/file/copy/CopySpecInternal
instanceKlass org/gradle/api/internal/file/copy/FileCopier
instanceKlass org/gradle/api/internal/resources/DefaultResourceHandler
instanceKlass org/gradle/api/internal/resources/DefaultTextResourceFactory
instanceKlass org/gradle/api/internal/resources/DefaultResourceResolver
instanceKlass org/gradle/api/internal/resources/ResourceResolver
instanceKlass org/gradle/api/resources/TextResourceFactory
instanceKlass org/gradle/api/internal/resources/DefaultResourceHandler$Factory$FactoryImpl
instanceKlass org/gradle/api/internal/artifacts/DependencyManagementBuildScopeServices$$Lambda$272
instanceKlass org/gradle/internal/extensibility/ExtensionsStorage$ExtensionHolder
instanceKlass org/gradle/api/plugins/ExtensionsSchema$ExtensionSchema
instanceKlass org/gradle/api/NamedDomainObjectCollectionSchema$NamedDomainObjectSchema
instanceKlass org/gradle/internal/extensibility/ExtensionsStorage
instanceKlass org/gradle/api/plugins/ExtraPropertiesExtension
instanceKlass org/gradle/internal/extensibility/DefaultConvention
instanceKlass org/gradle/api/internal/plugins/ExtensionContainerInternal
instanceKlass org/gradle/internal/metaobject/DynamicObjectUtil
instanceKlass org/gradle/api/internal/coerce/StringToEnumTransformer
instanceKlass org/gradle/api/internal/coerce/PropertySetTransformer
instanceKlass org/gradle/api/internal/coerce/MethodArgumentsTransformer
instanceKlass org/gradle/internal/metaobject/BeanDynamicObject$MetaClassAdapter
instanceKlass org/gradle/process/ExecSpec
instanceKlass org/gradle/process/JavaExecSpec
instanceKlass org/gradle/process/BaseExecSpec
instanceKlass org/gradle/process/JavaForkOptions
instanceKlass org/gradle/process/ProcessForkOptions
instanceKlass org/codehaus/groovy/runtime/memoize/UnlimitedConcurrentCache
instanceKlass org/codehaus/groovy/runtime/memoize/EvictableCache
instanceKlass org/codehaus/groovy/ast/expr/MethodCall
instanceKlass org/codehaus/groovy/ast/stmt/LoopingStatement
instanceKlass org/codehaus/groovy/control/messages/Message
instanceKlass org/codehaus/groovy/ast/CodeVisitorSupport
instanceKlass org/codehaus/groovy/ast/GroovyClassVisitor
instanceKlass org/codehaus/groovy/transform/ErrorCollecting
instanceKlass org/codehaus/groovy/ast/expr/ExpressionTransformer
instanceKlass java/util/concurrent/locks/ReentrantReadWriteLock$WriteLock
instanceKlass java/util/concurrent/locks/ReentrantReadWriteLock$ReadLock
instanceKlass org/apache/groovy/plugin/GroovyRunnerRegistry
instanceKlass org/codehaus/groovy/runtime/metaclass/MetaClassRegistryImpl$$Lambda$271
instanceKlass groovy/lang/MetaClassImpl$$Lambda$270
instanceKlass org/codehaus/groovy/runtime/GroovyCategorySupport
instanceKlass java/util/concurrent/locks/ReentrantReadWriteLock
instanceKlass org/codehaus/groovy/util/ComplexKeyHashMap$1
instanceKlass org/codehaus/groovy/reflection/CachedClass$1$$Lambda$269
instanceKlass org/codehaus/groovy/reflection/CachedClass$1$$Lambda$268
instanceKlass org/codehaus/groovy/reflection/CachedClass$1$$Lambda$267
instanceKlass org/codehaus/groovy/reflection/CachedClass$1$$Lambda$266
instanceKlass java/beans/SimpleBeanInfo
instanceKlass com/sun/beans/WildcardTypeImpl
instanceKlass com/sun/beans/TypeResolver
instanceKlass java/beans/MethodRef
instanceKlass com/sun/beans/util/Cache$CacheEntry
instanceKlass com/sun/beans/util/Cache
instanceKlass com/sun/beans/finder/AbstractFinder
instanceKlass java/util/zip/ZipFile$ZipEntryIterator
instanceKlass java/util/jar/JarFile$JarEntryIterator
instanceKlass com/sun/beans/finder/ClassFinder
instanceKlass com/sun/beans/finder/InstanceFinder
instanceKlass java/beans/WeakIdentityMap
instanceKlass java/beans/ThreadGroupContext
instanceKlass groovy/lang/MetaClassImpl$$Lambda$265
instanceKlass java/beans/BeanInfo
instanceKlass org/codehaus/groovy/reflection/CachedClass$CachedMethodComparatorWithString
instanceKlass org/codehaus/groovy/util/AbstractConcurrentMapBase
instanceKlass java/lang/reflect/AnnotatedType
instanceKlass groovyjarjarasm/asm/ClassVisitor
instanceKlass org/codehaus/groovy/runtime/MetaClassHelper
instanceKlass org/codehaus/groovy/reflection/CachedClass$2$$Lambda$264
instanceKlass org/codehaus/groovy/reflection/CachedClass$2$$Lambda$263
instanceKlass org/codehaus/groovy/reflection/CachedClass$2$$Lambda$262
instanceKlass org/codehaus/groovy/reflection/CachedClass$2$$Lambda$261
instanceKlass org/codehaus/groovy/runtime/MethodKey
instanceKlass groovy/lang/ClosureInvokingMethod
instanceKlass groovy/lang/ExpandoMetaClass$Callable
instanceKlass org/codehaus/groovy/reflection/CachedClass$2$$Lambda$260
instanceKlass org/codehaus/groovy/runtime/metaclass/MetaMethodIndex$Header
instanceKlass org/codehaus/groovy/runtime/metaclass/MetaMethodIndex$Entry
instanceKlass org/codehaus/groovy/runtime/metaclass/MetaMethodIndex$EntryIterator
instanceKlass org/codehaus/groovy/runtime/metaclass/MetaMethodIndex
instanceKlass groovy/lang/MetaClassImpl$$Lambda$259
instanceKlass groovy/lang/MetaClassImpl$$Lambda$258
instanceKlass org/codehaus/groovy/util/SingleKeyHashMap$Copier
instanceKlass groovy/lang/MetaClassImpl$$Lambda$257
instanceKlass groovy/lang/MetaClassImpl$MethodIndexAction
instanceKlass org/codehaus/groovy/runtime/GeneratedClosure
instanceKlass groovy/lang/MetaClassImpl
instanceKlass groovy/lang/MutableMetaClass
instanceKlass org/gradle/api/internal/provider/MapPropertyExtensions
instanceKlass org/w3c/dom/NamedNodeMap
instanceKlass org/w3c/dom/Document
instanceKlass org/w3c/dom/UserDataHandler
instanceKlass org/w3c/dom/TypeInfo
instanceKlass org/w3c/dom/Attr
instanceKlass org/w3c/dom/NodeList
instanceKlass org/w3c/dom/Element
instanceKlass org/w3c/dom/Node
instanceKlass org/apache/groovy/xml/extensions/XmlExtensions
instanceKlass javax/swing/event/TableColumnModelListener
instanceKlass javax/swing/ListSelectionModel
instanceKlass javax/swing/event/TableModelListener
instanceKlass sun/awt/RequestFocusController
instanceKlass java/awt/Toolkit
instanceKlass java/awt/im/InputMethodRequests
instanceKlass java/awt/im/InputContext
instanceKlass java/awt/dnd/DropTarget
instanceKlass java/awt/dnd/DropTargetListener
instanceKlass java/awt/Cursor
instanceKlass java/awt/image/ColorModel
instanceKlass java/awt/image/BufferStrategy
instanceKlass javax/accessibility/AccessibleStateSet
instanceKlass java/awt/ImageCapabilities
instanceKlass java/awt/image/ImageProducer
instanceKlass java/awt/BufferCapabilities
instanceKlass java/awt/event/MouseWheelListener
instanceKlass java/awt/event/MouseMotionListener
instanceKlass java/awt/event/MouseListener
instanceKlass java/awt/event/KeyListener
instanceKlass java/awt/event/InputMethodListener
instanceKlass java/awt/event/HierarchyListener
instanceKlass java/awt/event/HierarchyBoundsListener
instanceKlass java/awt/event/FocusListener
instanceKlass sun/java2d/pipe/Region
instanceKlass java/awt/GraphicsConfiguration
instanceKlass java/awt/PointerInfo
instanceKlass java/awt/ComponentOrientation
instanceKlass java/awt/peer/ComponentPeer
instanceKlass java/awt/MenuComponent
instanceKlass java/awt/Event
instanceKlass javax/swing/AbstractButton$Handler
instanceKlass java/awt/Image
instanceKlass java/awt/LayoutManager
instanceKlass javax/swing/ButtonModel
instanceKlass javax/swing/Icon
instanceKlass javax/swing/event/ChangeListener
instanceKlass java/awt/event/ItemListener
instanceKlass java/awt/Color
instanceKlass java/awt/Paint
instanceKlass java/awt/Transparency
instanceKlass java/awt/geom/Dimension2D
instanceKlass java/awt/Insets
instanceKlass javax/swing/InputVerifier
instanceKlass java/awt/FontMetrics
instanceKlass java/awt/Font
instanceKlass java/awt/Graphics
instanceKlass javax/swing/ArrayTable
instanceKlass javax/swing/border/Border
instanceKlass javax/swing/AncestorNotifier
instanceKlass java/beans/PropertyChangeListener
instanceKlass java/awt/event/ComponentListener
instanceKlass javax/swing/ActionMap
instanceKlass javax/swing/TransferHandler$DropLocation
instanceKlass java/awt/geom/Point2D
instanceKlass javax/swing/InputMap
instanceKlass java/beans/VetoableChangeListener
instanceKlass javax/swing/plaf/ComponentUI
instanceKlass java/awt/AWTKeyStroke
instanceKlass javax/swing/event/AncestorListener
instanceKlass java/awt/geom/RectangularShape
instanceKlass java/awt/Shape
instanceKlass javax/swing/TransferHandler
instanceKlass javax/swing/MenuSelectionManager
instanceKlass java/util/EventObject
instanceKlass javax/accessibility/AccessibleContext
instanceKlass javax/swing/table/TableColumn
instanceKlass javax/swing/table/TableColumnModel
instanceKlass javax/swing/ButtonGroup
instanceKlass javax/swing/tree/TreePath
instanceKlass javax/swing/tree/DefaultMutableTreeNode
instanceKlass javax/swing/table/AbstractTableModel
instanceKlass javax/swing/table/TableModel
instanceKlass javax/swing/AbstractListModel
instanceKlass javax/swing/Action
instanceKlass javax/swing/MutableComboBoxModel
instanceKlass javax/swing/ComboBoxModel
instanceKlass javax/swing/SwingConstants
instanceKlass javax/swing/MenuElement
instanceKlass java/awt/Component
instanceKlass java/awt/MenuContainer
instanceKlass java/awt/image/ImageObserver
instanceKlass javax/swing/TransferHandler$HasGetTransferHandler
instanceKlass javax/accessibility/Accessible
instanceKlass java/awt/event/ActionListener
instanceKlass javax/swing/event/ListDataListener
instanceKlass java/awt/ItemSelectable
instanceKlass javax/swing/ListModel
instanceKlass javax/swing/tree/MutableTreeNode
instanceKlass javax/swing/tree/TreeNode
instanceKlass org/apache/groovy/swing/extensions/SwingExtensions
instanceKlass java/sql/Ref
instanceKlass java/sql/SQLType
instanceKlass java/sql/Array
instanceKlass java/sql/Statement
instanceKlass java/sql/SQLXML
instanceKlass java/sql/RowId
instanceKlass java/sql/NClob
instanceKlass java/sql/Clob
instanceKlass java/sql/Blob
instanceKlass java/sql/ResultSetMetaData
instanceKlass groovy/sql/GroovyResultSet
instanceKlass java/sql/ResultSet
instanceKlass java/sql/Wrapper
instanceKlass org/apache/groovy/sql/extensions/SqlExtensions
instanceKlass java/nio/file/WatchKey
instanceKlass java/nio/file/WatchEvent$Modifier
instanceKlass java/nio/file/WatchEvent$Kind
instanceKlass java/nio/file/WatchService
instanceKlass org/apache/groovy/dateutil/extensions/DateUtilStaticExtensions
instanceKlass org/apache/groovy/dateutil/extensions/DateUtilExtensions
instanceKlass org/codehaus/groovy/runtime/metaclass/MetaClassRegistryImpl$DefaultModuleListener$$Lambda$256
instanceKlass org/codehaus/groovy/runtime/metaclass/MethodHelper
instanceKlass java/time/chrono/Era
instanceKlass java/time/zone/ZoneRules
instanceKlass java/time/format/DateTimeFormatter
instanceKlass java/time/chrono/Chronology
instanceKlass java/time/temporal/ValueRange
instanceKlass java/time/temporal/TemporalQuery
instanceKlass java/time/MonthDay
instanceKlass java/time/Period
instanceKlass java/time/ZonedDateTime
instanceKlass java/time/chrono/ChronoZonedDateTime
instanceKlass java/time/OffsetDateTime
instanceKlass java/time/Instant
instanceKlass java/time/LocalTime
instanceKlass java/time/LocalDateTime
instanceKlass java/time/chrono/ChronoLocalDateTime
instanceKlass java/time/YearMonth
instanceKlass java/time/Year
instanceKlass java/time/Duration
instanceKlass java/time/LocalDate
instanceKlass java/time/chrono/ChronoLocalDate
instanceKlass java/time/OffsetTime
instanceKlass java/time/temporal/TemporalAdjuster
instanceKlass java/time/temporal/TemporalUnit
instanceKlass java/time/chrono/ChronoPeriod
instanceKlass java/time/temporal/TemporalAmount
instanceKlass java/time/temporal/TemporalField
instanceKlass java/time/temporal/Temporal
instanceKlass java/time/temporal/TemporalAccessor
instanceKlass org/apache/groovy/datetime/extensions/DateTimeStaticExtensions
instanceKlass org/apache/groovy/datetime/extensions/DateTimeExtensions
instanceKlass org/codehaus/groovy/runtime/m12n/ExtensionModule
instanceKlass org/codehaus/groovy/runtime/m12n/PropertiesModuleFactory
instanceKlass org/codehaus/groovy/util/URLStreams
instanceKlass org/codehaus/groovy/runtime/metaclass/MetaClassRegistryImpl$DefaultModuleListener
instanceKlass org/codehaus/groovy/runtime/m12n/ExtensionModuleScanner
instanceKlass java/time/ZoneId
instanceKlass org/codehaus/groovy/runtime/DefaultGroovyStaticMethods
instanceKlass org/codehaus/groovy/runtime/metaclass/MetaClassRegistryImpl$$Lambda$255
instanceKlass org/codehaus/groovy/runtime/RangeInfo
instanceKlass java/util/function/IntPredicate
instanceKlass java/util/function/LongPredicate
instanceKlass java/util/function/DoublePredicate
instanceKlass java/util/stream/LongStream
instanceKlass java/util/stream/DoubleStream
instanceKlass java/util/function/LongFunction
instanceKlass java/util/function/DoubleFunction
instanceKlass java/util/OptionalLong
instanceKlass java/util/function/ToLongFunction
instanceKlass java/util/OptionalInt
instanceKlass java/util/function/ToIntFunction
instanceKlass java/util/OptionalDouble
instanceKlass java/util/function/ToDoubleFunction
instanceKlass org/codehaus/groovy/runtime/metaclass/MetaClassRegistryImpl$$Lambda$254
instanceKlass org/codehaus/groovy/runtime/NumberAwareComparator
instanceKlass org/codehaus/groovy/runtime/EncodingGroovyMethods
instanceKlass org/codehaus/groovy/reflection/CachedClass$CachedMethodComparatorByName
instanceKlass org/codehaus/groovy/reflection/CachedMethod$MyComparator
instanceKlass org/codehaus/groovy/runtime/DefaultGroovyMethodsSupport
instanceKlass org/codehaus/groovy/ast/Variable
instanceKlass groovyjarjarasm/asm/Opcodes
instanceKlass org/codehaus/groovy/vmplugin/v8/Java8
instanceKlass org/codehaus/groovy/vmplugin/VMPluginFactory$$Lambda$253
instanceKlass org/codehaus/groovy/vmplugin/VMPlugin
instanceKlass org/codehaus/groovy/vmplugin/VMPluginFactory
instanceKlass org/codehaus/groovy/reflection/ReflectionUtils
instanceKlass java/util/stream/AbstractSpinedBuffer
instanceKlass org/codehaus/groovy/reflection/CachedClass$3$$Lambda$252
instanceKlass org/codehaus/groovy/reflection/CachedClass$3$$Lambda$251
instanceKlass org/codehaus/groovy/reflection/CachedClass$3$$Lambda$250
instanceKlass org/codehaus/groovy/reflection/CachedClass$3$$Lambda$249
instanceKlass org/codehaus/groovy/runtime/memoize/MemoizeCache
instanceKlass org/codehaus/groovy/reflection/CachedClass$3$$Lambda$248
instanceKlass org/codehaus/groovy/reflection/stdclasses/CachedSAMClass$$Lambda$247
instanceKlass org/codehaus/groovy/reflection/stdclasses/CachedSAMClass$$Lambda$246
instanceKlass java/lang/invoke/LambdaForm$BMH
instanceKlass java/lang/invoke/LambdaForm$BMH
instanceKlass java/lang/invoke/LambdaForm$MH
instanceKlass java/lang/invoke/LambdaForm$BMH
instanceKlass java/lang/invoke/LambdaForm$BMH
instanceKlass java/lang/invoke/LambdaForm$BMH
instanceKlass java/lang/invoke/LambdaForm$BMH
instanceKlass java/lang/invoke/LambdaForm$BMH
instanceKlass sun/invoke/util/ValueConversions$WrapperCache
instanceKlass java/lang/invoke/LambdaForm$MH
instanceKlass java/lang/invoke/MethodHandleImpl$BindCaller$T
instanceKlass java/lang/invoke/LambdaForm$BMH
instanceKlass java/lang/invoke/LambdaForm$BMH
instanceKlass java/lang/invoke/MethodHandleImpl$BindCaller$T
instanceKlass java/lang/invoke/MethodHandleImpl$BindCaller$2
instanceKlass java/lang/invoke/MethodHandleImpl$BindCaller
instanceKlass org/codehaus/groovy/runtime/metaclass/MetaClassRegistryImpl$$Lambda$245
instanceKlass org/codehaus/groovy/transform/trait/Traits$Implemented
instanceKlass org/codehaus/groovy/util/ReferenceType$HardRef
instanceKlass org/codehaus/groovy/util/ManagedReference
instanceKlass org/codehaus/groovy/reflection/ClassInfo$GlobalClassSet
instanceKlass org/apache/groovy/util/SystemUtil
instanceKlass org/codehaus/groovy/reflection/GroovyClassValue
instanceKlass org/codehaus/groovy/reflection/GroovyClassValueFactory
instanceKlass org/codehaus/groovy/reflection/ClassInfo$1
instanceKlass org/codehaus/groovy/reflection/GroovyClassValue$ComputeValue
instanceKlass org/codehaus/groovy/reflection/CachedClass
instanceKlass org/codehaus/groovy/util/ComplexKeyHashMap$Entry
instanceKlass org/codehaus/groovy/util/ComplexKeyHashMap$EntryIterator
instanceKlass org/codehaus/groovy/util/ComplexKeyHashMap
instanceKlass org/codehaus/groovy/reflection/ReflectionCache
instanceKlass java/lang/Process
instanceKlass java/util/Timer
instanceKlass java/util/TimerTask
instanceKlass groovy/lang/groovydoc/Groovydoc
instanceKlass groovy/lang/ListWithDefault
instanceKlass groovy/lang/Range
instanceKlass groovy/util/BufferedIterator
instanceKlass org/codehaus/groovy/reflection/GeneratedMetaMethod$DgmMethodRecord
instanceKlass groovy/lang/MetaClassRegistry$MetaClassCreationHandle
instanceKlass org/codehaus/groovy/runtime/m12n/ExtensionModuleRegistry
instanceKlass org/codehaus/groovy/util/Reference
instanceKlass org/codehaus/groovy/util/ReferenceManager
instanceKlass org/codehaus/groovy/util/ReferenceBundle
instanceKlass org/codehaus/groovy/util/ManagedConcurrentLinkedQueue
instanceKlass org/codehaus/groovy/util/FastArray
instanceKlass groovy/lang/MetaClassRegistryChangeEventListener
instanceKlass org/codehaus/groovy/reflection/ParameterTypes
instanceKlass org/codehaus/groovy/runtime/m12n/ExtensionModuleScanner$ExtensionModuleListener
instanceKlass org/codehaus/groovy/runtime/metaclass/MetaClassRegistryImpl
instanceKlass org/codehaus/groovy/runtime/InvokerHelper
instanceKlass org/gradle/internal/classpath/Instrumented$1
instanceKlass java/util/stream/Sink$ChainedInt
instanceKlass java/util/stream/Sink$OfInt
instanceKlass java/util/function/IntConsumer
instanceKlass java/util/stream/Nodes$ArrayNode
instanceKlass java/util/stream/Node$Builder
instanceKlass java/util/stream/Node$OfDouble
instanceKlass java/util/stream/Node$OfLong
instanceKlass java/util/stream/Node$OfInt
instanceKlass java/util/stream/Node$OfPrimitive
instanceKlass java/util/stream/Nodes$EmptyNode
instanceKlass java/util/stream/Node
instanceKlass java/util/stream/Nodes
instanceKlass org/codehaus/groovy/runtime/callsite/CallSiteArray$$Lambda$244
instanceKlass org/codehaus/groovy/runtime/callsite/CallSiteArray$$Lambda$243
instanceKlass java/util/function/IntFunction
instanceKlass org/codehaus/groovy/runtime/callsite/AbstractCallSite
instanceKlass java/util/stream/Streams$RangeIntSpliterator
instanceKlass java/util/stream/IntStream
instanceKlass org/gradle/internal/instantiation/generator/AsmBackedClassGenerator$NoOpBuilder
instanceKlass groovy/transform/Internal
instanceKlass java/beans/Transient
instanceKlass org/gradle/api/resources/ResourceHandler
instanceKlass org/gradle/process/ExecResult
instanceKlass org/codehaus/groovy/reflection/ClassInfo
instanceKlass org/codehaus/groovy/util/Finalizable
instanceKlass org/codehaus/groovy/runtime/callsite/CallSite
instanceKlass com/google/common/collect/MapMakerInternalMap$AbstractStrongKeyEntry
instanceKlass com/google/common/collect/MapMakerInternalMap$WeakValueEntry
instanceKlass com/google/common/collect/Count
instanceKlass org/gradle/api/internal/initialization/loadercache/DefaultClassLoaderCache$CachedClassLoader
instanceKlass org/gradle/api/internal/initialization/loadercache/DefaultClassLoaderCache$$Lambda$242
instanceKlass org/gradle/groovy/scripts/internal/DefaultScriptCompilationHandler$ClassesDirCompiledScript$$Lambda$241
instanceKlass org/gradle/configuration/DefaultScriptPluginFactory$ScriptPluginImpl$$Lambda$240
instanceKlass org/gradle/groovy/scripts/internal/BuildScriptData
instanceKlass org/gradle/internal/snapshot/AbstractIncompleteFileSystemNode$2$$Lambda$239
instanceKlass org/gradle/internal/snapshot/AbstractIncompleteFileSystemNode$$Lambda$238
instanceKlass org/gradle/internal/snapshot/AbstractIncompleteFileSystemNode$2$$Lambda$237
instanceKlass org/gradle/internal/snapshot/PathUtil$1
instanceKlass org/gradle/internal/snapshot/AbstractStorePathRelationshipHandler
instanceKlass org/gradle/internal/snapshot/AbstractIncompleteFileSystemNode$2
instanceKlass org/gradle/internal/snapshot/AbstractListChildMap
instanceKlass org/gradle/api/internal/changedetection/state/CachingFileHasher$FileInfo
instanceKlass org/gradle/cache/internal/DefaultMultiProcessSafePersistentIndexedCache$$Lambda$236
instanceKlass org/gradle/cache/internal/btree/BTreePersistentIndexedCache$DataBlockUpdateResult
instanceKlass org/gradle/cache/internal/CacheAccessWorker$1
instanceKlass org/gradle/cache/internal/AsyncCacheAccessDecoratedCache$$Lambda$235
instanceKlass org/gradle/internal/io/StreamByteBuffer$StreamByteBufferChunk
instanceKlass org/gradle/cache/internal/InMemoryDecoratedCache$$Lambda$234
instanceKlass org/gradle/cache/internal/CrossProcessSynchronizingCache$$Lambda$233
instanceKlass org/gradle/internal/io/StreamByteBuffer
instanceKlass org/gradle/internal/snapshot/SnapshotUtil$1
instanceKlass org/gradle/cache/internal/btree/BTreePersistentIndexedCache$Lookup
instanceKlass org/gradle/internal/snapshot/AbstractIncompleteFileSystemNode$$Lambda$232
instanceKlass org/gradle/cache/internal/btree/BTreePersistentIndexedCache$IndexEntry
instanceKlass org/gradle/cache/internal/DefaultMultiProcessSafePersistentIndexedCache$$Lambda$231
instanceKlass org/gradle/cache/internal/btree/BTreePersistentIndexedCache$IndexRoot
instanceKlass org/gradle/api/internal/initialization/ClassLoaderScopeIdentifier$Id
instanceKlass com/google/common/primitives/Longs
instanceKlass org/gradle/model/dsl/internal/transform/ClosureCreationInterceptingVerifier
instanceKlass org/gradle/cache/internal/btree/FreeListBlockStore$FreeListEntry
instanceKlass org/gradle/groovy/scripts/internal/FactoryBackedCompileOperation
instanceKlass org/gradle/groovy/scripts/internal/BuildScriptTransformer$1
instanceKlass org/gradle/cache/internal/btree/BlockPointer
instanceKlass org/gradle/groovy/scripts/internal/BuildScriptTransformer
instanceKlass org/gradle/api/internal/collections/IterationOrderRetainingSetElementSource$1
instanceKlass org/gradle/cache/internal/btree/ByteInput
instanceKlass org/gradle/cache/internal/btree/ByteOutput
instanceKlass org/gradle/api/internal/plugins/DefaultPluginManager$3
instanceKlass org/gradle/cache/internal/btree/FreeListBlockStore$2
instanceKlass org/gradle/cache/internal/btree/FreeListBlockStore$1
instanceKlass org/gradle/cache/internal/btree/BTreePersistentIndexedCache$2
instanceKlass org/gradle/cache/internal/btree/BTreePersistentIndexedCache$1
instanceKlass org/gradle/cache/internal/btree/FreeListBlockStore
instanceKlass org/gradle/cache/internal/btree/StateCheckBlockStore
instanceKlass org/gradle/api/plugins/AppliedPlugin
instanceKlass org/gradle/api/internal/plugins/ApplyPluginBuildOperationType$Result
instanceKlass org/gradle/cache/internal/btree/Block
instanceKlass org/gradle/cache/internal/btree/FileBackedBlockStore
instanceKlass org/gradle/api/internal/plugins/DefaultPluginManager
instanceKlass org/gradle/cache/internal/btree/CachingBlockStore
instanceKlass org/gradle/api/internal/plugins/ImperativeOnlyPluginTarget
instanceKlass org/gradle/api/internal/plugins/PluginTarget
instanceKlass org/gradle/cache/internal/btree/KeyHasher
instanceKlass org/gradle/groovy/scripts/internal/DefaultScriptRunnerFactory$ScriptRunnerImpl
instanceKlass org/gradle/groovy/scripts/internal/CrossBuildInMemoryCachingScriptClassCache$CachedCompiledScript
instanceKlass org/gradle/cache/internal/btree/BlockPayload
instanceKlass org/gradle/cache/internal/btree/BlockStore
instanceKlass org/gradle/internal/classloader/ImplementationHashAware
instanceKlass org/gradle/cache/internal/btree/BlockStore$Factory
instanceKlass org/gradle/cache/internal/DefaultMultiProcessSafePersistentIndexedCache$$Lambda$230
instanceKlass org/gradle/groovy/scripts/internal/DefaultScriptCompilationHandler$ClassesDirCompiledScript
instanceKlass org/gradle/cache/internal/CacheAccessWorker$2
instanceKlass org/gradle/cache/internal/CacheAccessWorker$FlushOperationsCommand
instanceKlass org/gradle/cache/internal/CacheAccessWorker$ShutdownOperationsCommand
instanceKlass org/gradle/internal/classpath/DefaultCachedClasspathTransformer$$Lambda$229
instanceKlass org/gradle/cache/internal/AsyncCacheAccessDecoratedCache$$Lambda$228
instanceKlass sun/nio/fs/WindowsPath$1
instanceKlass org/gradle/internal/classpath/DefaultCachedClasspathTransformer$$Lambda$227
instanceKlass java/lang/invoke/LambdaForm$MH
instanceKlass java/lang/invoke/LambdaForm$DMH
instanceKlass org/gradle/internal/classpath/DefaultCachedClasspathTransformer$$Lambda$226
instanceKlass java/lang/invoke/LambdaForm$DMH
instanceKlass org/gradle/internal/classpath/DefaultCachedClasspathTransformer$$Lambda$225
instanceKlass org/gradle/internal/classpath/DefaultCachedClasspathTransformer$$Lambda$224
instanceKlass org/gradle/internal/classpath/DefaultCachedClasspathTransformer$$Lambda$223
instanceKlass org/gradle/internal/Either
instanceKlass org/gradle/internal/classpath/DefaultCachedClasspathTransformer$$Lambda$222
instanceKlass org/gradle/internal/snapshot/ReadOnlyFileSystemNode$1
instanceKlass org/gradle/internal/snapshot/ChildMap$Entry$$Lambda$221
instanceKlass org/gradle/internal/snapshot/SnapshotUtil$2
instanceKlass org/gradle/internal/snapshot/SnapshotUtil
instanceKlass org/gradle/internal/watch/registry/impl/HierarchicalFileWatcherUpdater$$Lambda$220
instanceKlass org/gradle/internal/watch/vfs/impl/WatchingVirtualFileSystem$$Lambda$219
instanceKlass org/gradle/internal/snapshot/SnapshotHierarchy$SnapshotDiffListener
instanceKlass org/gradle/internal/watch/vfs/impl/WatchingVirtualFileSystem$$Lambda$218
instanceKlass org/gradle/internal/watch/vfs/impl/WatchingVirtualFileSystem$$Lambda$217
instanceKlass org/gradle/internal/watch/registry/impl/SnapshotCollectingDiffListener$$Lambda$216
instanceKlass org/gradle/internal/snapshot/AbstractIncompleteFileSystemNode$$Lambda$215
instanceKlass org/gradle/internal/snapshot/AbstractIncompleteFileSystemNode$$Lambda$214
instanceKlass java/util/stream/Streams$AbstractStreamBuilderImpl
instanceKlass java/util/stream/Stream$Builder
instanceKlass org/gradle/internal/snapshot/AbstractIncompleteFileSystemNode
instanceKlass org/gradle/internal/snapshot/ChildMap$Entry$PathRelationshipHandler
instanceKlass org/gradle/internal/snapshot/SingletonChildMap
instanceKlass org/gradle/internal/snapshot/PathUtil$$Lambda$213
instanceKlass org/gradle/internal/snapshot/PathUtil$$Lambda$212
instanceKlass org/gradle/internal/snapshot/VfsRelativePath
instanceKlass org/gradle/internal/watch/registry/impl/SnapshotCollectingDiffListener
instanceKlass org/gradle/internal/vfs/impl/AbstractVirtualFileSystem$$Lambda$211
instanceKlass org/gradle/internal/vfs/impl/AbstractVirtualFileSystem$UpdateFunction
instanceKlass org/gradle/internal/vfs/impl/AbstractVirtualFileSystem$$Lambda$210
instanceKlass org/gradle/internal/snapshot/ChildMapFactory
instanceKlass org/gradle/internal/snapshot/DirectorySnapshot$$Lambda$209
instanceKlass org/gradle/internal/snapshot/ChildMap$Entry
instanceKlass org/gradle/internal/snapshot/ChildMap$InvalidationHandler
instanceKlass java/util/Comparator$$Lambda$208
instanceKlass java/lang/invoke/LambdaForm$DMH
instanceKlass org/gradle/internal/snapshot/FileSystemLocationSnapshot$$Lambda$207
instanceKlass org/gradle/internal/snapshot/PathUtil
instanceKlass org/gradle/internal/snapshot/FileSystemLocationSnapshot$$Lambda$206
instanceKlass org/gradle/internal/snapshot/MerkleDirectorySnapshotBuilder$Directory
instanceKlass java/nio/file/Files$3
instanceKlass java/nio/file/FileTreeWalker$Event
instanceKlass java/nio/file/FileTreeWalker$DirectoryNode
instanceKlass java/nio/file/FileTreeWalker
instanceKlass org/gradle/internal/snapshot/MerkleDirectorySnapshotBuilder
instanceKlass org/gradle/internal/snapshot/RelativePathTracker
instanceKlass org/gradle/internal/RelativePathSupplier
instanceKlass org/gradle/internal/snapshot/impl/DirectorySnapshotterStatistics$CollectingFileVisitor
instanceKlass java/nio/file/Paths
instanceKlass org/gradle/internal/vfs/impl/DefaultFileSystemAccess$1
instanceKlass org/gradle/internal/file/impl/DefaultFileMetadata$1
instanceKlass org/gradle/internal/file/impl/DefaultFileMetadata
instanceKlass org/gradle/internal/file/FileMetadata
instanceKlass org/gradle/internal/nativeintegration/filesystem/services/NativePlatformBackedFileMetadataAccessor$1
instanceKlass net/rubygrapefruit/platform/internal/WindowsFileTime
instanceKlass net/rubygrapefruit/platform/internal/jni/WindowsFileFunctions
instanceKlass net/rubygrapefruit/platform/internal/WindowsFileStat
instanceKlass org/gradle/internal/snapshot/SnapshottingFilter$1
instanceKlass org/gradle/internal/snapshot/SnapshottingFilter
instanceKlass org/gradle/internal/vfs/impl/DefaultFileSystemAccess$$Lambda$205
instanceKlass org/gradle/internal/vfs/impl/DefaultFileSystemAccess$$Lambda$204
instanceKlass org/gradle/internal/snapshot/SnapshotHierarchy$$Lambda$203
instanceKlass org/gradle/internal/snapshot/SnapshotHierarchy$$Lambda$202
instanceKlass java/util/function/Function$$Lambda$201
instanceKlass org/gradle/internal/vfs/impl/DefaultFileSystemAccess$$Lambda$200
instanceKlass org/gradle/internal/classpath/DefaultCachedClasspathTransformer$$Lambda$199
instanceKlass org/gradle/internal/classpath/DefaultCachedClasspathTransformer$$Lambda$198
instanceKlass org/gradle/internal/classpath/DefaultCachedClasspathTransformer$$Lambda$197
instanceKlass org/gradle/internal/classpath/DefaultCachedClasspathTransformer$ValueOrTransformProvider
instanceKlass org/gradle/internal/classpath/InstrumentingClasspathFileTransformer
instanceKlass org/codehaus/groovy/runtime/callsite/CallSiteArray
instanceKlass java/lang/invoke/SerializedLambda
instanceKlass org/gradle/internal/classpath/Instrumented
instanceKlass org/gradle/internal/classpath/InstrumentingTransformer
instanceKlass org/gradle/internal/classpath/CompositeTransformer
instanceKlass org/gradle/groovy/scripts/internal/FileCacheBackedScriptClassCompiler$1
instanceKlass org/gradle/cache/internal/DefaultPersistentDirectoryCache$Initializer
instanceKlass org/gradle/groovy/scripts/internal/FileCacheBackedScriptClassCompiler$CompileToCrossBuildCacheAction
instanceKlass org/gradle/groovy/scripts/internal/FileCacheBackedScriptClassCompiler$ProgressReportingInitializer
instanceKlass com/google/common/io/ByteArrayDataInput
instanceKlass com/google/common/io/ByteArrayDataOutput
instanceKlass com/google/common/io/ByteStreams
instanceKlass java/math/MutableBigInteger
instanceKlass org/gradle/groovy/scripts/internal/ScriptCacheKey
instanceKlass org/gradle/internal/scripts/GradleScript
instanceKlass org/gradle/api/Script
instanceKlass org/gradle/groovy/scripts/internal/NoDataCompileOperation
instanceKlass com/google/common/collect/MapMakerInternalMap$StrongValueEntry
instanceKlass org/codehaus/groovy/control/CompilationUnit$SourceUnitOperation
instanceKlass org/codehaus/groovy/control/CompilationUnit$ISourceUnitOperation
instanceKlass org/codehaus/groovy/control/CompilationUnit$PhaseOperation
instanceKlass org/gradle/groovy/scripts/internal/Permits
instanceKlass org/codehaus/groovy/ast/GroovyCodeVisitor
instanceKlass org/gradle/plugin/use/internal/PluginUseScriptBlockMetadataCompiler
instanceKlass org/codehaus/groovy/ast/ASTNode
instanceKlass org/codehaus/groovy/ast/NodeMetaDataHandler
instanceKlass groovy/lang/groovydoc/GroovydocHolder
instanceKlass org/gradle/groovy/scripts/internal/InitialPassStatementTransformer
instanceKlass org/gradle/internal/resource/CachingTextResource
instanceKlass org/gradle/groovy/scripts/DelegatingScriptSource
instanceKlass org/gradle/groovy/scripts/DefaultScriptCompilerFactory$ScriptCompilerImpl
instanceKlass org/gradle/configuration/DefaultScriptTarget
instanceKlass org/gradle/tooling/internal/provider/runner/PluginApplicationTracker$$Lambda$196
instanceKlass org/gradle/util/internal/TextUtil$1
instanceKlass org/gradle/util/internal/TextUtil
instanceKlass org/gradle/configuration/BuildOperationScriptPlugin$OperationDetails
instanceKlass org/gradle/configuration/BuildOperationScriptPlugin$1
instanceKlass org/gradle/configuration/internal/DefaultUserCodeApplicationContext$CurrentApplication
instanceKlass org/gradle/configuration/internal/UserCodeApplicationContext$Application
instanceKlass org/gradle/configuration/BuildOperationScriptPlugin$$Lambda$195
instanceKlass org/gradle/configuration/internal/UserCodeApplicationId
instanceKlass org/gradle/configuration/BuildOperationScriptPlugin$2
instanceKlass org/gradle/configuration/ApplyScriptPluginBuildOperationType$Result
instanceKlass org/gradle/configuration/BuildOperationScriptPlugin
instanceKlass org/gradle/configuration/ScriptTarget
instanceKlass org/gradle/configuration/DefaultScriptPluginFactory$ScriptPluginImpl
instanceKlass org/gradle/api/ProjectState
instanceKlass org/gradle/normalization/InputNormalizationHandler
instanceKlass org/gradle/api/attributes/DocsType
instanceKlass org/gradle/api/internal/artifacts/JavaEcosystemAttributesDescriber
instanceKlass org/gradle/api/internal/artifacts/JavaEcosystemSupport$TargetJvmEnvironmentDisambiguationRules
instanceKlass org/gradle/api/internal/artifacts/JavaEcosystemSupport$TargetJvmEnvironmentCompatibilityRules
instanceKlass org/gradle/api/attributes/java/TargetJvmEnvironment
instanceKlass org/gradle/api/internal/attributes/DefaultOrderedDisambiguationRule
instanceKlass org/gradle/api/internal/attributes/DefaultOrderedCompatibilityRule
instanceKlass org/gradle/api/internal/attributes/AttributeMatchingRules
instanceKlass org/gradle/api/attributes/java/TargetJvmVersion
instanceKlass org/gradle/api/internal/artifacts/JavaEcosystemSupport$BundlingDisambiguationRules
instanceKlass org/gradle/api/internal/artifacts/JavaEcosystemSupport$BundlingCompatibilityRules
instanceKlass org/gradle/api/attributes/Bundling
instanceKlass org/gradle/api/internal/artifacts/JavaEcosystemSupport$$Lambda$194
instanceKlass org/gradle/api/internal/artifacts/JavaEcosystemSupport$LibraryElementsDisambiguationRules
instanceKlass org/gradle/api/internal/artifacts/JavaEcosystemSupport$LibraryElementsCompatibilityRules
instanceKlass org/gradle/api/internal/artifacts/JavaEcosystemSupport$1
instanceKlass org/gradle/api/internal/artifacts/JavaEcosystemSupport$UsageDisambiguationRules
instanceKlass org/gradle/api/internal/artifacts/JavaEcosystemSupport$UsageCompatibilityRules
instanceKlass org/gradle/api/internal/artifacts/JavaEcosystemSupport
instanceKlass org/gradle/internal/locking/DefaultDependencyLockingHandler$$Lambda$193
instanceKlass org/gradle/internal/locking/DefaultDependencyLockingHandler$$Lambda$192
instanceKlass org/gradle/api/internal/artifacts/DefaultDependencyManagementServices$DependencyResolutionScopeServices$$Lambda$191
instanceKlass org/gradle/internal/locking/DefaultDependencyLockingHandler
instanceKlass org/gradle/api/internal/artifacts/ivyservice/moduleconverter/DefaultRootComponentMetadataBuilder$MetadataHolder
instanceKlass org/gradle/internal/component/local/model/DefaultLocalComponentMetadata
instanceKlass org/gradle/api/internal/artifacts/configurations/DefaultConfigurationContainer$$Lambda$190
instanceKlass org/gradle/api/artifacts/Configuration$Namer
instanceKlass org/gradle/api/internal/artifacts/configurations/MutationValidator
instanceKlass org/gradle/api/internal/artifacts/configurations/ConfigurationInternal
instanceKlass org/gradle/internal/deprecation/DeprecatableConfiguration
instanceKlass org/gradle/api/internal/artifacts/configurations/ConfigurationsProvider
instanceKlass org/gradle/api/internal/file/copy/CopySpecSource
instanceKlass org/gradle/api/file/CopySpec
instanceKlass org/gradle/api/file/CopyProcessingSpec
instanceKlass org/gradle/api/file/ContentFilterable
instanceKlass org/gradle/api/file/CopySourceSpec
instanceKlass org/gradle/api/artifacts/ConfigurablePublishArtifact
instanceKlass org/gradle/api/internal/attributes/AttributeDesugaring
instanceKlass org/gradle/api/internal/artifacts/transform/ConsumerProvidedVariantFinder
instanceKlass org/gradle/api/internal/artifacts/transform/VariantSelector
instanceKlass org/gradle/api/internal/artifacts/transform/DefaultArtifactTransforms
instanceKlass org/gradle/api/internal/artifacts/ivyservice/DefaultConfigurationResolver$$Lambda$189
instanceKlass org/gradle/api/internal/artifacts/ivyservice/resolveengine/oldresult/ResolvedConfigurationBuilder
instanceKlass org/gradle/api/internal/artifacts/ivyservice/resolveengine/artifact/DependencyArtifactsVisitor
instanceKlass org/gradle/api/internal/artifacts/ivyservice/DefaultConfigurationResolver
instanceKlass org/gradle/api/internal/artifacts/ivyservice/resolveengine/projectresult/ResolvedLocalComponentsResult
instanceKlass org/gradle/api/internal/artifacts/ivyservice/ShortCircuitEmptyConfigurationResolver
instanceKlass org/gradle/api/artifacts/result/ResolutionResult
instanceKlass org/gradle/api/artifacts/ResolvedConfiguration
instanceKlass org/gradle/api/internal/artifacts/ivyservice/resolveengine/artifact/VisitedArtifactSet
instanceKlass org/gradle/api/internal/artifacts/ResolveContext
instanceKlass org/gradle/api/internal/artifacts/ivyservice/ErrorHandlingConfigurationResolver
instanceKlass org/gradle/api/internal/artifacts/ivyservice/resolveengine/artifact/ResolvedArtifactSet$TransformSourceVisitor
instanceKlass org/gradle/api/internal/artifacts/transform/DefaultTransformationNodeFactory
instanceKlass org/gradle/api/internal/artifacts/transform/DefaultTransformedVariantFactory$$Lambda$188
instanceKlass org/gradle/api/internal/artifacts/transform/TransformedProjectArtifactSet
instanceKlass org/gradle/api/internal/artifacts/ivyservice/resolveengine/artifact/ResolvedArtifactSet$Artifacts
instanceKlass org/gradle/api/internal/artifacts/transform/DefaultTransformedVariantFactory$$Lambda$187
instanceKlass org/gradle/api/internal/artifacts/transform/DefaultTransformedVariantFactory$Factory
instanceKlass org/gradle/api/internal/artifacts/transform/AbstractTransformedArtifactSet
instanceKlass org/gradle/api/internal/artifacts/ivyservice/resolveengine/artifact/ResolvedArtifactSet
instanceKlass org/gradle/api/internal/artifacts/transform/ExtraExecutionGraphDependenciesResolverFactory
instanceKlass org/gradle/api/internal/artifacts/transform/VariantDefinition
instanceKlass org/gradle/api/internal/artifacts/ivyservice/resolveengine/artifact/ResolvedVariant
instanceKlass org/gradle/api/internal/artifacts/type/DefaultArtifactTypeRegistry
instanceKlass org/gradle/api/artifacts/transform/TransformParameters$None
instanceKlass org/gradle/api/artifacts/transform/TransformParameters
instanceKlass org/gradle/api/artifacts/transform/TransformAction
instanceKlass org/gradle/api/artifacts/transform/TransformSpec
instanceKlass org/gradle/api/artifacts/transform/VariantTransform
instanceKlass org/gradle/api/internal/artifacts/transform/DefaultVariantTransformRegistry$RecordingRegistration
instanceKlass org/gradle/api/internal/artifacts/transform/DefaultVariantTransformRegistry
instanceKlass org/gradle/api/internal/artifacts/ArtifactTransformRegistration
instanceKlass org/gradle/api/internal/artifacts/transform/Transformer
instanceKlass org/gradle/api/internal/tasks/properties/PropertyVisitor
instanceKlass org/gradle/api/internal/artifacts/transform/DefaultTransformationRegistrationFactory
instanceKlass org/gradle/api/reflect/InjectionPointQualifier
instanceKlass org/gradle/api/internal/tasks/properties/AbstractPropertyNode
instanceKlass org/gradle/api/internal/tasks/properties/bean/RuntimeBeanNodeFactory
instanceKlass org/gradle/api/internal/tasks/properties/DefaultPropertyWalker
instanceKlass org/gradle/api/internal/tasks/properties/DefaultTypeMetadataStore$$Lambda$186
instanceKlass org/gradle/api/internal/tasks/properties/DefaultTypeMetadataStore$$Lambda$185
instanceKlass org/gradle/api/internal/tasks/properties/TypeMetadata
instanceKlass org/gradle/internal/reflect/PropertyMetadata
instanceKlass org/gradle/api/internal/tasks/properties/DefaultTypeMetadataStore
instanceKlass org/gradle/api/internal/tasks/properties/TypeMetadataStore
instanceKlass org/gradle/api/internal/tasks/properties/InspectionSchemeFactory$InspectionSchemeImpl
instanceKlass org/gradle/api/internal/tasks/properties/InspectionScheme
instanceKlass org/apache/commons/lang/builder/HashCodeBuilder
instanceKlass com/google/common/base/Equivalence$Wrapper
instanceKlass org/gradle/internal/reflect/Methods
instanceKlass java/util/stream/Collectors$$Lambda$184
instanceKlass java/util/stream/Collectors$$Lambda$183
instanceKlass java/util/stream/Collectors$$Lambda$182
instanceKlass java/util/stream/Collectors$$Lambda$181
instanceKlass org/gradle/internal/reflect/annotations/impl/DefaultTypeAnnotationMetadataStore$$Lambda$180
instanceKlass org/gradle/internal/service/scopes/ExecutionGlobalServices$$Lambda$179
instanceKlass org/gradle/internal/scripts/ScriptOrigin
instanceKlass org/gradle/api/internal/PolymorphicDomainObjectContainerInternal
instanceKlass org/gradle/api/ExtensiblePolymorphicDomainObjectContainer
instanceKlass org/gradle/api/internal/rules/NamedDomainObjectFactoryRegistry
instanceKlass org/gradle/util/internal/ConfigureUtil$WrappedConfigureAction
instanceKlass org/gradle/util/internal/ClosureBackedAction
instanceKlass org/gradle/internal/reflect/AnnotationCategory$1
instanceKlass org/gradle/work/NormalizeLineEndings
instanceKlass org/gradle/api/tasks/IgnoreEmptyDirectories
instanceKlass org/gradle/api/tasks/Optional
instanceKlass org/gradle/api/tasks/PathSensitive
instanceKlass org/gradle/api/tasks/CompileClasspath
instanceKlass org/gradle/api/tasks/Classpath
instanceKlass org/gradle/api/tasks/SkipWhenEmpty
instanceKlass org/gradle/work/Incremental
instanceKlass org/gradle/api/tasks/UntrackedTask
instanceKlass org/gradle/work/DisableCachingByDefault
instanceKlass org/gradle/api/artifacts/transform/CacheableTransform
instanceKlass org/gradle/api/tasks/CacheableTask
instanceKlass org/gradle/internal/reflect/annotations/impl/DefaultTypeAnnotationMetadataStore$1
instanceKlass org/gradle/internal/reflect/annotations/TypeAnnotationMetadata
instanceKlass org/gradle/internal/reflect/validation/TypeValidationContext
instanceKlass org/gradle/internal/reflect/annotations/impl/DefaultTypeAnnotationMetadataStore
instanceKlass org/gradle/internal/service/scopes/ExecutionGlobalServices$$Lambda$178
instanceKlass org/gradle/api/internal/AbstractTask
instanceKlass org/gradle/api/internal/TaskInternal
instanceKlass org/gradle/internal/service/scopes/ExecutionGlobalServices$$Lambda$177
instanceKlass org/gradle/internal/execution/caching/CachingDisabledReason
instanceKlass org/gradle/internal/execution/DeferredExecutionHandler
instanceKlass org/gradle/internal/execution/UnitOfWork
instanceKlass org/gradle/api/internal/artifacts/transform/DefaultTransformerInvocationFactory
instanceKlass org/gradle/api/internal/artifacts/DefaultDependencyManagementServices$ArtifactTransformResolutionGradleUserHomeServices$1
instanceKlass org/gradle/internal/execution/workspace/impl/DefaultImmutableWorkspaceProvider$$Lambda$176
instanceKlass org/gradle/internal/execution/workspace/impl/DefaultImmutableWorkspaceProvider
instanceKlass org/gradle/cache/ManualEvictionInMemoryCache
instanceKlass org/gradle/cache/internal/DefaultCrossBuildInMemoryCacheFactory$CrossBuildCacheRetainingDataFromPreviousBuild
instanceKlass org/gradle/api/internal/artifacts/DependencyManagementGradleUserHomeScopeServices$$Lambda$175
instanceKlass org/gradle/internal/Try
instanceKlass org/gradle/internal/snapshot/impl/ImplementationSnapshotSerializer
instanceKlass org/gradle/internal/execution/history/impl/FileSystemSnapshotSerializer
instanceKlass org/gradle/internal/execution/history/impl/FileCollectionFingerprintSerializer
instanceKlass org/gradle/internal/execution/history/PreviousExecutionState
instanceKlass org/gradle/internal/execution/history/impl/DefaultExecutionHistoryStore
instanceKlass org/gradle/api/internal/changedetection/state/DefaultExecutionHistoryCacheAccess
instanceKlass org/gradle/internal/execution/ExecutionResult
instanceKlass org/gradle/internal/execution/UnitOfWork$ExecutionRequest
instanceKlass org/gradle/internal/execution/steps/ExecuteStep
instanceKlass org/gradle/internal/execution/steps/RemovePreviousOutputsStep
instanceKlass org/gradle/internal/execution/steps/ResolveInputChangesStep
instanceKlass org/gradle/internal/execution/steps/TimeoutStep
instanceKlass org/gradle/internal/execution/steps/CreateOutputsStep
instanceKlass org/gradle/internal/execution/steps/StoreExecutionStateStep
instanceKlass org/gradle/internal/execution/steps/BroadcastChangingOutputsStep
instanceKlass org/gradle/internal/execution/history/AfterExecutionState
instanceKlass org/gradle/internal/execution/history/OutputExecutionState
instanceKlass org/gradle/internal/execution/steps/SkipUpToDateStep
instanceKlass org/gradle/internal/execution/steps/IncrementalChangesContext
instanceKlass org/gradle/internal/execution/steps/CachingContext
instanceKlass org/gradle/internal/execution/steps/ValidationFinishedContext
instanceKlass org/gradle/internal/execution/steps/BeforeExecutionContext
instanceKlass org/gradle/internal/execution/steps/PreviousExecutionContext
instanceKlass org/gradle/internal/execution/steps/WorkspaceContext
instanceKlass org/gradle/internal/execution/history/changes/IncrementalInputProperties
instanceKlass org/gradle/internal/execution/fingerprint/InputFingerprinter$InputVisitor
instanceKlass org/gradle/internal/execution/steps/ResolveChangesStep
instanceKlass org/gradle/internal/execution/steps/CachingResult
instanceKlass org/gradle/internal/execution/ExecutionEngine$Result
instanceKlass org/gradle/internal/execution/steps/UpToDateResult
instanceKlass org/gradle/internal/execution/steps/AfterExecutionResult
instanceKlass org/gradle/api/internal/artifacts/DependencyManagementBuildScopeServices$NoOpCachingStateStep
instanceKlass org/gradle/internal/reflect/validation/ValidationProblemBuilder
instanceKlass org/gradle/internal/execution/steps/ValidateStep
instanceKlass org/gradle/internal/execution/history/BeforeExecutionState
instanceKlass org/gradle/internal/execution/history/InputExecutionState
instanceKlass org/gradle/internal/execution/history/ExecutionState
instanceKlass org/gradle/internal/execution/UnitOfWork$ImplementationVisitor
instanceKlass org/gradle/internal/execution/steps/BuildOperationStep
instanceKlass org/gradle/internal/execution/steps/Result
instanceKlass org/gradle/internal/execution/steps/RemoveUntrackedExecutionStateStep
instanceKlass org/gradle/internal/execution/steps/LoadPreviousExecutionStateStep
instanceKlass org/gradle/internal/execution/steps/AssignWorkspaceStep
instanceKlass org/gradle/internal/execution/steps/IdentityCacheStep
instanceKlass org/gradle/internal/execution/steps/IdentityContext
instanceKlass org/gradle/internal/execution/steps/ExecutionRequestContext
instanceKlass org/gradle/internal/execution/steps/Context
instanceKlass org/gradle/internal/execution/steps/IdentifyStep
instanceKlass org/gradle/internal/execution/ExecutionEngine$Request
instanceKlass org/gradle/internal/execution/impl/DefaultExecutionEngine
instanceKlass org/gradle/internal/id/UniqueId$1
instanceKlass com/google/common/base/Ascii
instanceKlass com/google/common/io/BaseEncoding$Alphabet
instanceKlass com/google/common/io/BaseEncoding
instanceKlass org/gradle/internal/id/UniqueId
instanceKlass org/gradle/internal/execution/timeout/Timeout
instanceKlass org/gradle/internal/execution/timeout/impl/DefaultTimeoutHandler
instanceKlass org/gradle/internal/execution/history/impl/DefaultOverlappingOutputDetector
instanceKlass org/gradle/internal/execution/UnitOfWork$OutputVisitor
instanceKlass org/gradle/internal/execution/impl/DefaultOutputSnapshotter
instanceKlass org/gradle/internal/execution/fingerprint/impl/DefaultInputFingerprinter
instanceKlass org/gradle/internal/execution/fingerprint/impl/DefaultFileCollectionFingerprinterRegistry$$Lambda$174
instanceKlass org/gradle/internal/execution/fingerprint/impl/DefaultFileCollectionFingerprinterRegistry
instanceKlass org/gradle/api/internal/changedetection/state/CachingFileSystemLocationSnapshotHasher
instanceKlass org/gradle/api/internal/changedetection/state/LineEndingNormalizingInputStreamHasher
instanceKlass org/gradle/api/tasks/CompileClasspathNormalizer
instanceKlass org/gradle/api/tasks/ClasspathNormalizer
instanceKlass org/gradle/internal/fingerprint/IgnoredPathInputNormalizer
instanceKlass org/gradle/internal/fingerprint/NameOnlyInputNormalizer
instanceKlass org/gradle/internal/fingerprint/RelativePathInputNormalizer
instanceKlass org/gradle/internal/execution/fingerprint/impl/DefaultFileNormalizationSpec
instanceKlass org/gradle/internal/execution/fingerprint/FileNormalizationSpec
instanceKlass org/gradle/internal/fingerprint/AbsolutePathInputNormalizer
instanceKlass org/gradle/api/tasks/FileNormalizer
instanceKlass org/gradle/internal/fingerprint/impl/FileCollectionFingerprinterRegistrations$$Lambda$173
instanceKlass org/gradle/internal/execution/fingerprint/impl/FingerprinterRegistration
instanceKlass org/gradle/internal/fingerprint/impl/FileCollectionFingerprinterRegistrations$$Lambda$172
instanceKlass org/gradle/internal/fingerprint/FileSystemLocationFingerprint
instanceKlass org/gradle/internal/fingerprint/impl/AbstractDirectorySensitiveFingerprintingStrategy$$Lambda$171
instanceKlass org/gradle/internal/fingerprint/DirectorySensitivity$$Lambda$170
instanceKlass org/gradle/internal/fingerprint/DirectorySensitivity$$Lambda$169
instanceKlass org/gradle/internal/fingerprint/DirectorySensitivity$$Lambda$168
instanceKlass java/lang/invoke/LambdaForm$MH
instanceKlass org/gradle/internal/fingerprint/impl/FileCollectionFingerprinterRegistrations$$Lambda$167
instanceKlass org/gradle/internal/snapshot/FileSystemLocationSnapshot$FileSystemLocationSnapshotVisitor
instanceKlass org/gradle/internal/fingerprint/impl/FileCollectionFingerprinterRegistrations$1
instanceKlass org/gradle/api/internal/changedetection/state/LineEndingNormalizingFileSystemLocationSnapshotHasher$1
instanceKlass org/gradle/api/internal/changedetection/state/LineEndingNormalizingFileSystemLocationSnapshotHasher
instanceKlass org/gradle/internal/fingerprint/hashing/FileSystemLocationSnapshotHasher$1
instanceKlass java/util/Spliterators$ArraySpliterator
instanceKlass java/lang/invoke/LambdaForm$MH
instanceKlass org/gradle/internal/fingerprint/impl/FileCollectionFingerprinterRegistrations$$Lambda$166
instanceKlass org/gradle/internal/normalization/java/ApiClassExtractor$$Lambda$165
instanceKlass org/gradle/internal/normalization/java/ApiMemberWriterFactory
instanceKlass org/gradle/internal/normalization/java/impl/ApiMemberWriter
instanceKlass org/gradle/internal/normalization/java/ApiClassExtractor
instanceKlass org/gradle/api/internal/changedetection/state/AbiExtractingClasspathResourceHasher
instanceKlass org/gradle/internal/fingerprint/classpath/CompileClasspathFingerprinter
instanceKlass org/gradle/internal/fingerprint/hashing/FileSystemLocationSnapshotHasher
instanceKlass org/gradle/api/internal/changedetection/state/SplitResourceSnapshotterCacheService
instanceKlass org/gradle/internal/service/scopes/VirtualFileSystemServices$BuildSessionServices$$Lambda$164
instanceKlass org/gradle/internal/execution/history/changes/InputFileChanges
instanceKlass org/gradle/internal/execution/history/changes/ChangeVisitor
instanceKlass org/gradle/internal/execution/history/changes/ChangeContainer
instanceKlass org/gradle/internal/execution/history/changes/DefaultExecutionStateChangeDetector
instanceKlass org/gradle/api/internal/artifacts/dsl/dependencies/GradlePluginVariantsSupport$TargetGradleVersionDisambiguationRule
instanceKlass org/gradle/api/internal/attributes/DefaultCompatibilityRuleChain$ExceptionHandler
instanceKlass org/gradle/api/internal/artifacts/dsl/dependencies/GradlePluginVariantsSupport$TargetGradleVersionCompatibilityRule
instanceKlass org/gradle/api/attributes/AttributeCompatibilityRule
instanceKlass org/gradle/api/attributes/plugin/GradlePluginApiVersion
instanceKlass org/gradle/api/internal/artifacts/dsl/dependencies/GradlePluginVariantsSupport
instanceKlass org/gradle/api/internal/attributes/DefaultDisambiguationRuleChain$ExceptionHandler
instanceKlass org/gradle/internal/action/DefaultConfigurableRules
instanceKlass org/gradle/internal/action/ConfigurableRules
instanceKlass org/gradle/api/artifacts/CacheableRule
instanceKlass org/gradle/internal/snapshot/impl/AbstractArraySnapshot
instanceKlass org/gradle/internal/snapshot/impl/AbstractScalarValueSnapshot
instanceKlass org/gradle/api/internal/DefaultActionConfiguration
instanceKlass org/gradle/internal/action/DefaultConfigurableRule
instanceKlass org/gradle/internal/action/InstantiatingAction
instanceKlass org/gradle/api/internal/artifacts/dsl/dependencies/PlatformSupport$$Lambda$163
instanceKlass org/gradle/api/ActionConfiguration
instanceKlass org/gradle/api/internal/artifacts/dsl/dependencies/PlatformSupport$ComponentCategoryDisambiguationRule
instanceKlass org/gradle/api/internal/ReusableAction
instanceKlass org/gradle/api/attributes/AttributeDisambiguationRule
instanceKlass org/gradle/api/internal/attributes/MultipleCandidatesResult
instanceKlass org/gradle/api/attributes/MultipleCandidatesDetails
instanceKlass org/gradle/api/internal/attributes/DefaultDisambiguationRuleChain
instanceKlass org/gradle/internal/action/InstantiatingAction$ExceptionHandler
instanceKlass org/gradle/api/internal/attributes/DefaultCompatibilityRuleChain
instanceKlass org/gradle/api/attributes/DisambiguationRuleChain
instanceKlass org/gradle/api/attributes/CompatibilityRuleChain
instanceKlass org/gradle/api/internal/attributes/DefaultAttributeMatchingStrategy
instanceKlass org/gradle/api/internal/attributes/CompatibilityCheckResult
instanceKlass org/gradle/api/attributes/CompatibilityCheckDetails
instanceKlass org/gradle/api/internal/attributes/DefaultAttributesSchema$MergedSchema
instanceKlass org/gradle/api/internal/attributes/DefaultAttributesSchema$DefaultAttributeMatcher
instanceKlass org/gradle/api/internal/attributes/AttributeDescriber
instanceKlass org/gradle/api/attributes/AttributeMatchingStrategy
instanceKlass org/gradle/internal/component/model/AttributeSelectionSchema
instanceKlass org/gradle/internal/component/model/AttributeMatcher
instanceKlass org/gradle/internal/component/model/ComponentAttributeMatcher
instanceKlass org/gradle/api/internal/attributes/DefaultAttributesSchema
instanceKlass org/gradle/api/internal/artifacts/ivyservice/resolveengine/store/StoreSet
instanceKlass org/gradle/api/internal/artifacts/DefaultDependencyManagementServices$DependencyResolutionScopeServices$$Lambda$162
instanceKlass org/gradle/api/internal/artifacts/DefaultArtifactRepositoryContainer$$Lambda$161
instanceKlass org/gradle/api/internal/artifacts/DefaultArtifactRepositoryContainer$$Lambda$160
instanceKlass org/gradle/api/internal/collections/AbstractIterationOrderRetainingElementSource$RealizedElementCollectionIterator
instanceKlass org/gradle/api/internal/collections/ListElementSource$1
instanceKlass org/gradle/api/internal/collections/AbstractIterationOrderRetainingElementSource
instanceKlass org/gradle/api/internal/artifacts/DefaultArtifactRepositoryContainer$RepositoryNamer
instanceKlass org/gradle/api/artifacts/repositories/IvyArtifactRepository
instanceKlass org/gradle/api/artifacts/repositories/FlatDirectoryArtifactRepository
instanceKlass org/gradle/api/artifacts/repositories/MavenArtifactRepository
instanceKlass org/gradle/api/artifacts/repositories/MetadataSupplierAware
instanceKlass org/gradle/api/artifacts/repositories/AuthenticationSupported
instanceKlass org/gradle/api/artifacts/repositories/UrlArtifactRepository
instanceKlass org/gradle/api/artifacts/repositories/RepositoryContentDescriptor
instanceKlass org/gradle/api/artifacts/repositories/InclusiveRepositoryContentDescriptor
instanceKlass org/gradle/api/internal/collections/IndexedElementSource
instanceKlass org/gradle/api/internal/artifacts/dsl/RepositoryHandlerInternal
instanceKlass org/gradle/api/internal/artifacts/ivyservice/ivyresolve/parser/GradleModuleMetadataParser
instanceKlass org/gradle/api/internal/artifacts/ivyservice/ivyresolve/strategy/MavenVersionSelectorScheme
instanceKlass org/gradle/api/internal/artifacts/ivyservice/ivyresolve/parser/PomParent
instanceKlass org/gradle/api/internal/artifacts/ivyservice/ivyresolve/parser/AbstractModuleDescriptorParser
instanceKlass org/gradle/api/artifacts/repositories/AuthenticationContainer
instanceKlass org/gradle/api/internal/artifacts/repositories/DefaultBaseRepositoryFactory
instanceKlass org/apache/ivy/util/MessageLogger
instanceKlass org/gradle/api/internal/artifacts/ivyservice/DefaultIvyContextManager
instanceKlass org/gradle/internal/resource/local/CompositeLocallyAvailableResourceFinder
instanceKlass org/gradle/internal/resource/local/ivy/PatternBasedLocallyAvailableResourceFinder$1
instanceKlass org/gradle/util/internal/MavenUtil
instanceKlass org/gradle/api/internal/artifacts/repositories/resolver/AbstractResourcePattern
instanceKlass org/gradle/internal/resource/local/LocallyAvailableResourceFinderSearchableFileStoreAdapter$$Lambda$159
instanceKlass org/gradle/internal/resource/local/ivy/LocallyAvailableResourceFinderFactory$$Lambda$158
instanceKlass org/gradle/internal/resource/local/LocallyAvailableResourceCandidates
instanceKlass org/gradle/internal/resource/local/AbstractLocallyAvailableResourceFinder
instanceKlass org/gradle/internal/resource/local/ivy/LocallyAvailableResourceFinderFactory$$Lambda$157
instanceKlass org/gradle/api/internal/artifacts/repositories/resolver/ResourcePattern
instanceKlass org/gradle/internal/resource/local/ivy/LocallyAvailableResourceFinderFactory
instanceKlass org/gradle/api/internal/artifacts/mvnsettings/DefaultLocalMavenRepositoryLocator$CurrentSystemPropertyAccess
instanceKlass org/gradle/api/internal/artifacts/mvnsettings/DefaultLocalMavenRepositoryLocator$SystemPropertyAccess
instanceKlass org/gradle/api/internal/artifacts/mvnsettings/DefaultLocalMavenRepositoryLocator
instanceKlass org/gradle/api/internal/artifacts/mvnsettings/DefaultMavenFileLocations
instanceKlass org/apache/maven/settings/building/SettingsBuildingRequest
instanceKlass org/apache/maven/settings/io/SettingsReader
instanceKlass org/gradle/api/internal/artifacts/mvnsettings/DefaultMavenSettingsProvider
instanceKlass org/gradle/api/internal/artifacts/ivyservice/resolveengine/graph/DependencyGraphVisitor
instanceKlass org/gradle/api/internal/artifacts/ivyservice/resolveengine/graph/conflicts/CapabilitiesConflictHandler$Resolver
instanceKlass org/gradle/api/internal/artifacts/ivyservice/dependencysubstitution/DependencySubstitutionApplicator
instanceKlass org/gradle/api/internal/artifacts/ivyservice/resolveengine/graph/conflicts/ModuleConflictHandler
instanceKlass org/gradle/api/internal/artifacts/ivyservice/resolveengine/graph/conflicts/CapabilitiesConflictHandler
instanceKlass org/gradle/api/internal/artifacts/ivyservice/resolveengine/graph/conflicts/ConflictHandler
instanceKlass org/gradle/internal/resolve/resolver/ResolveContextToComponentResolver
instanceKlass org/gradle/api/internal/artifacts/ivyservice/resolveengine/DefaultArtifactDependencyResolver
instanceKlass org/gradle/internal/resolve/caching/ComponentMetadataSupplierRuleExecutor$$Lambda$156
instanceKlass org/gradle/internal/resolve/caching/ComponentMetadataSupplierRuleExecutor$$Lambda$155
instanceKlass org/gradle/api/internal/artifacts/DependencyManagementBuildScopeServices$1
instanceKlass org/gradle/api/artifacts/ComponentMetadata
instanceKlass org/gradle/api/internal/artifacts/ivyservice/resolveengine/excludes/simple/DefaultExcludeNothing
instanceKlass org/gradle/api/internal/artifacts/ivyservice/resolveengine/excludes/specs/ExcludeNothing
instanceKlass org/gradle/api/internal/artifacts/ivyservice/resolveengine/excludes/factories/Unions
instanceKlass org/gradle/api/internal/artifacts/ivyservice/resolveengine/excludes/factories/Intersections
instanceKlass org/gradle/api/internal/artifacts/ivyservice/resolveengine/excludes/specs/ModuleSetExclude
instanceKlass org/gradle/api/internal/artifacts/ivyservice/resolveengine/excludes/specs/GroupSetExclude
instanceKlass org/gradle/api/internal/artifacts/ivyservice/resolveengine/excludes/simple/DefaultExcludeFactory
instanceKlass org/gradle/api/internal/artifacts/ivyservice/resolveengine/excludes/factories/DelegatingExcludeFactory
instanceKlass org/gradle/api/internal/artifacts/ivyservice/resolveengine/excludes/factories/CachingExcludeFactory$ConcurrentCache
instanceKlass org/gradle/api/internal/artifacts/ivyservice/resolveengine/excludes/factories/CachingExcludeFactory$MergeCaches
instanceKlass org/gradle/api/internal/artifacts/ivyservice/resolveengine/excludes/factories/ExcludeFactory
instanceKlass org/gradle/api/internal/artifacts/ivyservice/resolveengine/excludes/specs/ExcludeSpec
instanceKlass org/gradle/api/internal/artifacts/ivyservice/ivyresolve/ChangingValueDependencyResolutionListener$1
instanceKlass org/gradle/api/internal/artifacts/configurations/dynamicversion/Expiry
instanceKlass org/gradle/api/artifacts/component/ModuleComponentSelector
instanceKlass org/gradle/api/internal/artifacts/ivyservice/ivyresolve/ChangingValueDependencyResolutionListener
instanceKlass org/gradle/api/artifacts/result/ResolvedArtifactResult
instanceKlass org/gradle/api/artifacts/result/ArtifactResult
instanceKlass org/gradle/api/internal/artifacts/ivyservice/ivyresolve/ConnectionFailureRepositoryDisabler
instanceKlass org/gradle/api/internal/artifacts/DependencyManagementBuildScopeServices$2
instanceKlass org/gradle/api/internal/artifacts/ivyservice/ivyresolve/verification/DependencyVerificationOverride$$Lambda$154
instanceKlass java/lang/invoke/LambdaForm$DMH
instanceKlass org/gradle/api/internal/artifacts/configurations/ResolutionStrategyInternal
instanceKlass org/gradle/api/artifacts/ResolutionStrategy
instanceKlass org/gradle/api/internal/artifacts/DependencyManagementBuildScopeServices$$Lambda$153
instanceKlass org/gradle/api/internal/artifacts/verification/signatures/SignatureVerificationService
instanceKlass org/gradle/security/internal/PublicKeyService
instanceKlass org/gradle/api/internal/artifacts/verification/signatures/DefaultSignatureVerificationServiceFactory
instanceKlass org/gradle/api/internal/changedetection/state/SplitFileHasher
instanceKlass org/gradle/api/internal/artifacts/ivyservice/resolutionstrategy/ExternalResourceCachePolicy
instanceKlass org/gradle/internal/resource/connector/ResourceConnectorSpecification
instanceKlass org/gradle/api/internal/artifacts/repositories/transport/RepositoryTransport
instanceKlass org/gradle/api/internal/artifacts/DependencyManagementBuildScopeServices$$Lambda$152
instanceKlass org/gradle/internal/resource/local/LocallyAvailableExternalResource
instanceKlass org/gradle/internal/resource/ExternalResource
instanceKlass org/gradle/internal/resource/local/FileResourceConnector
instanceKlass org/gradle/api/internal/artifacts/ivyservice/modulecache/ResolvedArtifactCaches
instanceKlass org/gradle/api/internal/artifacts/ivyservice/modulecache/artifacts/InMemoryModuleArtifactCache
instanceKlass org/gradle/api/internal/artifacts/DependencyManagementBuildScopeServices$$Lambda$151
instanceKlass org/gradle/api/internal/artifacts/DependencyManagementBuildScopeServices$$Lambda$150
instanceKlass org/gradle/api/internal/artifacts/DependencyManagementBuildScopeServices$$Lambda$149
instanceKlass org/gradle/api/internal/artifacts/DependencyManagementBuildScopeServices$$Lambda$148
instanceKlass java/lang/invoke/LambdaForm$MH
instanceKlass org/gradle/api/internal/artifacts/DependencyManagementBuildScopeServices$$Lambda$147
instanceKlass java/lang/invoke/LambdaForm$DMH
instanceKlass org/gradle/api/internal/artifacts/ivyservice/modulecache/artifacts/DefaultModuleArtifactCache$CachedArtifactSerializer
instanceKlass org/gradle/api/internal/artifacts/ivyservice/modulecache/artifacts/DefaultModuleArtifactCache$ArtifactAtRepositoryKeySerializer
instanceKlass org/gradle/api/internal/artifacts/ivyservice/modulecache/artifacts/CachedArtifact
instanceKlass org/gradle/api/internal/artifacts/ivyservice/modulecache/artifacts/CachedArtifacts
instanceKlass org/gradle/api/internal/artifacts/ivyservice/modulecache/ModuleMetadataStore
instanceKlass org/gradle/api/internal/artifacts/ivyservice/modulecache/ModuleMetadataCache$CachedMetadata
instanceKlass org/gradle/api/internal/artifacts/ivyservice/modulecache/dynamicversions/ModuleVersionsCache$CachedModuleVersionList
instanceKlass java/lang/invoke/LambdaForm$MH
instanceKlass org/gradle/api/internal/artifacts/DependencyManagementBuildScopeServices$$Lambda$146
instanceKlass java/lang/invoke/LambdaForm$DMH
instanceKlass org/gradle/api/internal/artifacts/ivyservice/ivyresolve/StartParameterResolutionOverride$$Lambda$145
instanceKlass org/gradle/api/internal/artifacts/verification/signatures/BuildTreeDefinedKeys
instanceKlass org/gradle/api/internal/artifacts/ivyservice/ivyresolve/ModuleComponentRepository
instanceKlass org/gradle/api/internal/file/DefaultFileSystemLocation
instanceKlass org/gradle/api/resources/TextResource
instanceKlass org/gradle/internal/locking/LockFileReaderWriter
instanceKlass org/gradle/api/internal/provider/ValidatingValueCollector
instanceKlass org/gradle/api/internal/provider/AbstractCollectionProperty$EmptySupplier
instanceKlass org/gradle/api/internal/provider/DefaultListProperty$1
instanceKlass org/gradle/api/internal/provider/AbstractCollectionProperty$NoValueSupplier
instanceKlass org/gradle/api/internal/provider/CollectionSupplier
instanceKlass org/gradle/internal/locking/LockEntryFilterFactory$$Lambda$144
instanceKlass org/gradle/internal/locking/LockEntryFilterFactory$$Lambda$143
instanceKlass org/gradle/api/internal/artifacts/dsl/dependencies/LockEntryFilter
instanceKlass org/gradle/internal/locking/LockEntryFilterFactory
instanceKlass org/gradle/internal/locking/DependencyLockingNotationConverter
instanceKlass org/gradle/api/internal/artifacts/dsl/dependencies/DependencyLockingState
instanceKlass org/gradle/internal/locking/DefaultDependencyLockingProvider
instanceKlass org/gradle/api/internal/artifacts/DefaultComponentSelectorConverter
instanceKlass org/gradle/api/internal/artifacts/component/DefaultComponentIdentifierFactory
instanceKlass org/gradle/api/internal/artifacts/DefaultGlobalDependencyResolutionRules$CompositeDependencySubstitutionRules
instanceKlass org/gradle/api/internal/artifacts/DefaultGlobalDependencyResolutionRules
instanceKlass org/gradle/api/artifacts/ComponentModuleMetadataDetails
instanceKlass org/gradle/api/artifacts/ComponentModuleMetadata
instanceKlass org/gradle/api/internal/artifacts/dsl/ComponentModuleMetadataContainer
instanceKlass org/gradle/api/internal/artifacts/dsl/ModuleReplacementsData
instanceKlass org/gradle/api/internal/artifacts/DefaultDependencyManagementServices$DependencyResolutionScopeServices$$Lambda$142
instanceKlass com/google/common/collect/MapMakerInternalMap$StrongKeyDummyValueEntry$Helper
instanceKlass org/gradle/api/internal/DefaultNamedDomainObjectCollection$UnfilteredIndex
instanceKlass org/gradle/api/internal/DefaultDomainObjectCollection$1
instanceKlass org/gradle/api/internal/collections/DefaultCollectionEventRegister
instanceKlass org/gradle/api/internal/provider/Collector
instanceKlass org/gradle/api/internal/collections/DefaultPendingSource
instanceKlass org/gradle/api/Namer$Comparator
instanceKlass org/gradle/api/internal/collections/SortedSetElementSource
instanceKlass org/gradle/api/Named$Namer
instanceKlass org/gradle/internal/instantiation/generator/InjectUtil
instanceKlass com/google/common/reflect/Types$WildcardTypeImpl
instanceKlass sun/reflect/generics/tree/ArrayTypeSignature
instanceKlass sun/reflect/generics/tree/IntSignature
instanceKlass java/lang/Class$EnclosingMethodInfo
instanceKlass com/google/common/reflect/Types$ClassOwnership$1LocalClass
instanceKlass com/google/common/reflect/Types$ParameterizedTypeImpl
instanceKlass com/google/common/reflect/Types$1
instanceKlass com/google/common/reflect/Types
instanceKlass com/google/common/reflect/TypeResolver$TypeVariableKey
instanceKlass com/google/common/reflect/TypeResolver$TypeTable
instanceKlass com/google/common/reflect/TypeResolver
instanceKlass com/google/common/reflect/TypeVisitor
instanceKlass org/gradle/api/internal/collections/CollectionFilter
instanceKlass org/gradle/api/reflect/TypeOf
instanceKlass org/gradle/api/internal/DefaultNamedDomainObjectCollection$Index
instanceKlass org/gradle/api/Rule
instanceKlass org/gradle/api/NamedDomainObjectCollectionSchema
instanceKlass org/gradle/api/NamedDomainObjectProvider
instanceKlass org/gradle/api/internal/collections/CollectionEventRegister
instanceKlass org/gradle/api/internal/collections/ElementSource
instanceKlass org/gradle/api/internal/collections/PendingSource
instanceKlass org/gradle/internal/instantiation/generator/Jsr330ConstructorSelector$$Lambda$141
instanceKlass org/gradle/internal/instantiation/generator/Jsr330ConstructorSelector$CachedConstructor
instanceKlass groovy/lang/Buildable
instanceKlass groovy/lang/Writable
instanceKlass org/gradle/internal/management/DefaultDependencyResolutionManagement$$Lambda$140
instanceKlass org/gradle/api/internal/provider/ValueSupplier$Present
instanceKlass org/gradle/api/internal/provider/ValueSupplier$Missing
instanceKlass org/gradle/api/internal/provider/ValueSupplier$Value
instanceKlass org/gradle/api/internal/provider/Providers
instanceKlass org/gradle/api/internal/provider/ValueSanitizers$4
instanceKlass org/gradle/api/internal/provider/ValueSanitizers$3
instanceKlass org/gradle/api/internal/provider/ValueSanitizers$2
instanceKlass org/gradle/api/internal/provider/ValueSanitizers$1
instanceKlass org/gradle/api/internal/provider/ValueCollector
instanceKlass org/gradle/api/internal/provider/ValueSanitizer
instanceKlass org/gradle/api/internal/provider/ValueSanitizers
instanceKlass org/gradle/api/internal/provider/AbstractProperty$FinalizationState
instanceKlass org/gradle/internal/management/DefaultDependencyResolutionManagement$ComponentMetadataRulesRegistar
instanceKlass org/apache/groovy/util/BeanUtils
instanceKlass groovy/lang/MetaProperty
instanceKlass javax/annotation/meta/TypeQualifier
instanceKlass org/gradle/api/initialization/dsl/VersionCatalogBuilder
instanceKlass org/gradle/api/internal/WithEstimatedSize
instanceKlass org/gradle/internal/metaobject/PropertyMixIn
instanceKlass org/gradle/internal/metaobject/MethodMixIn
instanceKlass org/gradle/api/reflect/HasPublicType
instanceKlass org/gradle/api/artifacts/repositories/ArtifactRepository
instanceKlass org/gradle/api/initialization/resolve/MutableVersionCatalogContainer
instanceKlass org/gradle/internal/management/DefaultDependencyResolutionManagement
instanceKlass org/gradle/api/internal/DefaultCollectionCallbackActionDecorator
instanceKlass org/gradle/api/internal/provider/CredentialsProviderFactory
instanceKlass org/gradle/api/provider/ValueSourceSpec
instanceKlass org/gradle/api/file/FileContents
instanceKlass org/gradle/api/internal/provider/DefaultProviderFactory
instanceKlass org/gradle/api/internal/provider/ValueSourceProviderFactory$Listener
instanceKlass org/gradle/api/provider/ValueSourceParameters$None
instanceKlass org/gradle/api/provider/ValueSourceParameters
instanceKlass org/gradle/api/provider/ValueSource
instanceKlass org/gradle/internal/isolated/IsolationScheme
instanceKlass org/gradle/api/internal/provider/ValueSourceProviderFactory$Listener$ObtainedValue
instanceKlass org/gradle/api/internal/provider/DefaultValueSourceProviderFactory
instanceKlass org/gradle/api/capabilities/CapabilitiesMetadata
instanceKlass org/gradle/internal/component/external/model/AbstractStatelessDerivationStrategy
instanceKlass org/gradle/api/internal/artifacts/dsl/MetadataRuleWrapper
instanceKlass org/gradle/api/internal/notations/ComponentIdentifierParserFactory
instanceKlass org/gradle/api/artifacts/DependencyConstraintMetadata
instanceKlass org/gradle/api/internal/catalog/parser/StrictVersionParser
instanceKlass org/gradle/api/internal/notations/DependencyStringNotationConverter
instanceKlass org/gradle/api/internal/notations/DependencyMetadataNotationParser
instanceKlass org/gradle/api/internal/artifacts/repositories/resolver/AbstractDependencyImpl
instanceKlass org/gradle/api/artifacts/DirectDependencyMetadata
instanceKlass org/gradle/api/artifacts/DependencyMetadata
instanceKlass org/gradle/internal/rules/DefaultRuleActionAdapter
instanceKlass org/gradle/api/artifacts/maven/PomModuleDescriptor
instanceKlass org/gradle/api/artifacts/ivy/IvyModuleDescriptor
instanceKlass org/gradle/internal/rules/DefaultRuleActionValidator
instanceKlass org/gradle/api/internal/artifacts/dsl/ComponentMetadataRuleContainer
instanceKlass org/gradle/api/internal/artifacts/MetadataResolutionContext
instanceKlass org/gradle/internal/action/ConfigurableRule
instanceKlass org/gradle/internal/rules/SpecRuleAction
instanceKlass org/gradle/internal/rules/RuleAction
instanceKlass org/gradle/api/internal/artifacts/dsl/SpecConfigurableRule
instanceKlass org/gradle/api/internal/artifacts/ComponentMetadataProcessor
instanceKlass org/gradle/internal/rules/RuleActionAdapter
instanceKlass org/gradle/internal/rules/RuleActionValidator
instanceKlass org/gradle/api/attributes/Category$Impl
instanceKlass org/gradle/api/attributes/Category
instanceKlass org/gradle/internal/resolve/caching/CrossBuildCachingRuleExecutor$AnySerializer
instanceKlass org/gradle/internal/resolve/caching/ComponentMetadataRuleExecutor$$Lambda$139
instanceKlass org/gradle/internal/resolve/caching/ComponentMetadataRuleExecutor$$Lambda$138
instanceKlass org/gradle/internal/resolve/caching/CrossBuildCachingRuleExecutor$EntryValidator
instanceKlass org/gradle/internal/resolve/caching/CrossBuildCachingRuleExecutor$CachedEntry
instanceKlass org/gradle/api/internal/artifacts/configurations/dynamicversion/CachePolicy
instanceKlass org/gradle/api/artifacts/ResolvedModuleVersion
instanceKlass org/gradle/internal/resolve/caching/ImplicitInputRecorder
instanceKlass org/gradle/internal/component/external/model/ModuleDependencyMetadata
instanceKlass org/gradle/internal/component/model/ConfigurationMetadata
instanceKlass org/gradle/internal/component/external/model/CapabilityInternal
instanceKlass org/gradle/internal/component/external/model/AbstractRealisedModuleResolveMetadataSerializationHelper
instanceKlass org/gradle/api/internal/artifacts/ModuleComponentSelectorSerializer
instanceKlass org/gradle/api/internal/artifacts/ivyservice/modulecache/ModuleMetadataSerializer
instanceKlass org/gradle/internal/component/external/model/ModuleComponentResolveMetadata
instanceKlass org/gradle/internal/component/external/model/VirtualComponentIdentifier
instanceKlass org/gradle/internal/component/model/ModuleSources
instanceKlass org/gradle/api/internal/artifacts/ivyservice/ivyresolve/ModuleDescriptorHashCodec
instanceKlass org/gradle/api/internal/artifacts/repositories/metadata/MetadataFileSource
instanceKlass org/gradle/internal/component/model/PersistentModuleSource
instanceKlass org/gradle/internal/component/model/ModuleSource
instanceKlass org/gradle/api/internal/artifacts/repositories/metadata/DefaultMetadataFileSourceCodec
instanceKlass org/gradle/internal/component/model/PersistentModuleSource$Codec
instanceKlass org/gradle/api/internal/artifacts/DependencyManagementBuildScopeServices$$Lambda$137
instanceKlass org/gradle/api/internal/artifacts/DependencyManagementBuildScopeServices$$Lambda$136
instanceKlass org/gradle/api/internal/filestore/DefaultArtifactIdentifierFileStore$$Lambda$135
instanceKlass org/gradle/api/internal/filestore/DefaultArtifactIdentifierFileStore$1
instanceKlass org/gradle/api/internal/artifacts/DependencyManagementBuildScopeServices$$Lambda$134
instanceKlass org/gradle/internal/resource/cached/CachedExternalResource
instanceKlass org/gradle/internal/resource/metadata/ExternalResourceMetaData
instanceKlass org/gradle/internal/resource/cached/DefaultCachedExternalResourceIndex$CachedExternalResourceSerializer
instanceKlass org/gradle/internal/resource/cached/CachedItem
instanceKlass org/gradle/api/internal/artifacts/ivyservice/ArtifactCachesProvider$$Lambda$133
instanceKlass org/gradle/api/internal/artifacts/DependencyManagementBuildScopeServices$$Lambda$132
instanceKlass org/gradle/internal/resource/local/LocallyAvailableResource
instanceKlass org/gradle/internal/resource/local/DefaultPathKeyFileStore
instanceKlass org/gradle/internal/resource/cached/DefaultExternalResourceFileStore$$Lambda$131
instanceKlass org/gradle/api/Namer
instanceKlass org/gradle/internal/resource/cached/DefaultExternalResourceFileStore$1
instanceKlass org/gradle/internal/resource/local/GroupedAndNamedUniqueFileStore$Grouper
instanceKlass org/gradle/internal/resource/local/PathKeyFileStore
instanceKlass org/gradle/internal/hash/ChecksumHasher
instanceKlass org/gradle/internal/hash/DefaultChecksumService
instanceKlass org/gradle/internal/component/external/descriptor/Configuration
instanceKlass org/gradle/internal/component/external/model/ivy/MutableIvyModuleResolveMetadata
instanceKlass org/gradle/internal/component/model/IvyArtifactName
instanceKlass org/gradle/api/internal/artifacts/repositories/metadata/DefaultMavenImmutableAttributesFactory
instanceKlass org/gradle/api/internal/artifacts/repositories/metadata/MavenImmutableAttributesFactory
instanceKlass org/gradle/internal/component/external/model/maven/MutableMavenModuleResolveMetadata
instanceKlass org/gradle/internal/component/external/model/MutableModuleComponentResolveMetadata
instanceKlass org/gradle/internal/component/external/model/PreferJavaRuntimeVariant$PreferJarVariantUsageDisambiguationRule
instanceKlass org/gradle/internal/component/external/model/PreferJavaRuntimeVariant$PreferRuntimeVariantUsageDisambiguationRule
instanceKlass org/gradle/api/attributes/LibraryElements$Impl
instanceKlass org/gradle/api/attributes/Usage$Impl
instanceKlass org/gradle/model/internal/type/ClassTypeWrapper
instanceKlass org/gradle/model/internal/type/TypeWrapper
instanceKlass org/gradle/model/internal/type/ModelType
instanceKlass org/gradle/model/internal/inspect/FormattingValidationProblemCollector
instanceKlass org/gradle/api/attributes/LibraryElements
instanceKlass org/gradle/api/attributes/Usage
instanceKlass org/gradle/api/internal/attributes/EmptySchema$DoNothingDisambiguationRule
instanceKlass org/gradle/api/internal/attributes/EmptySchema$DoNothingCompatibilityRule
instanceKlass org/gradle/api/internal/attributes/DisambiguationRule
instanceKlass org/gradle/api/internal/attributes/CompatibilityRule
instanceKlass org/gradle/internal/snapshot/ValueSnapshot
instanceKlass org/gradle/internal/snapshot/impl/DefaultValueSnapshotter$ValueSnapshotVisitor
instanceKlass org/gradle/api/internal/tasks/properties/annotations/LocalStatePropertyAnnotationHandler
instanceKlass org/gradle/api/internal/tasks/properties/annotations/InputPropertyAnnotationHandler
instanceKlass org/gradle/api/internal/tasks/properties/annotations/NoOpPropertyAnnotationHandler
instanceKlass org/gradle/api/internal/tasks/properties/PropertyValue
instanceKlass org/gradle/api/internal/tasks/properties/annotations/NestedBeanAnnotationHandler
instanceKlass org/gradle/api/internal/tasks/properties/annotations/DestroysPropertyAnnotationHandler
instanceKlass org/gradle/api/internal/artifacts/transform/CacheableTransformTypeAnnotationHandler
instanceKlass org/gradle/api/internal/tasks/properties/annotations/UntrackedTaskTypeAnnotationHandler
instanceKlass org/gradle/api/internal/tasks/properties/annotations/DisableCachingByDefaultTypeAnnotationHandler
instanceKlass org/gradle/api/internal/tasks/properties/annotations/CacheableTaskTypeAnnotationHandler
instanceKlass org/gradle/vcs/internal/services/VersionControlServices$VcsResolverFactory
instanceKlass org/gradle/vcs/internal/resolver/OncePerBuildInvocationVcsVersionWorkingDirResolver
instanceKlass org/gradle/vcs/internal/resolver/DefaultVcsVersionWorkingDirResolver
instanceKlass org/gradle/vcs/internal/VersionRef
instanceKlass org/gradle/vcs/internal/resolver/PersistentVcsMetadataCache$VersionRefSerializer
instanceKlass org/gradle/api/internal/artifacts/ivyservice/ivyresolve/strategy/CachingVersionSelectorScheme
instanceKlass org/gradle/api/internal/artifacts/ivyservice/ivyresolve/strategy/VersionSelector
instanceKlass org/gradle/api/internal/artifacts/ivyservice/ivyresolve/strategy/DefaultVersionSelectorScheme
instanceKlass org/gradle/api/internal/artifacts/ivyservice/ivyresolve/strategy/Version
instanceKlass org/gradle/api/internal/artifacts/ivyservice/ivyresolve/strategy/StaticVersionComparator
instanceKlass org/gradle/api/internal/artifacts/ivyservice/ivyresolve/strategy/DefaultVersionComparator
instanceKlass org/gradle/cache/internal/CleanupActionFactory$BuildOperationCacheCleanupDecorator
instanceKlass org/gradle/internal/resource/local/ModificationTimeFileAccessTimeJournal
instanceKlass org/gradle/vcs/internal/VersionControlRepositoryConnection
instanceKlass org/gradle/vcs/internal/VersionControlSystem
instanceKlass org/gradle/vcs/internal/services/DefaultVersionControlRepositoryFactory
instanceKlass org/gradle/vcs/internal/DefaultVcsMappingsStore
instanceKlass org/gradle/vcs/internal/DefaultVcsMappingFactory
instanceKlass org/gradle/vcs/internal/services/DefaultVersionControlSpecFactory
instanceKlass org/gradle/internal/typeconversion/CharSequenceNotationConverter
instanceKlass org/gradle/api/internal/notations/ModuleIdentifierNotationConverter
instanceKlass org/gradle/api/internal/artifacts/ivyservice/projectmodule/DefaultLocalComponentRegistry
instanceKlass org/gradle/composite/internal/IncludedBuildDependencyMetadataBuilder
instanceKlass org/gradle/internal/component/local/model/LocalComponentMetadata
instanceKlass org/gradle/internal/component/local/model/BuildableLocalComponentMetadata
instanceKlass org/gradle/api/internal/artifacts/ivyservice/projectmodule/DefaultProjectLocalComponentProvider
instanceKlass org/gradle/api/artifacts/Configuration
instanceKlass org/gradle/api/attributes/HasConfigurableAttributes
instanceKlass org/gradle/api/internal/artifacts/configurations/ConfigurationInternal$VariantVisitor
instanceKlass org/gradle/api/internal/artifacts/ivyservice/moduleconverter/DefaultLocalComponentMetadataBuilder
instanceKlass org/gradle/internal/component/local/model/LocalFileDependencyMetadata
instanceKlass org/gradle/api/internal/artifacts/ivyservice/moduleconverter/dependencies/DefaultLocalConfigurationMetadataBuilder
instanceKlass org/gradle/util/internal/WrapUtil
instanceKlass org/gradle/api/internal/artifacts/ivyservice/moduleconverter/dependencies/DefaultDependencyDescriptorFactory
instanceKlass org/gradle/internal/component/model/LocalOriginDependencyMetadata
instanceKlass org/gradle/internal/component/model/ForcingDependencyMetadata
instanceKlass org/gradle/internal/component/model/DependencyMetadata
instanceKlass org/gradle/api/artifacts/Dependency
instanceKlass org/gradle/internal/component/model/ExcludeMetadata
instanceKlass org/gradle/api/internal/artifacts/ivyservice/moduleconverter/dependencies/DefaultExcludeRuleConverter
instanceKlass org/gradle/internal/model/CalculatedValueContainerFactory$$Lambda$130
instanceKlass org/gradle/api/internal/tasks/NodeExecutionContext
instanceKlass org/gradle/internal/resource/transport/sftp/SftpConnectorFactory
instanceKlass org/gradle/internal/resource/transport/sftp/LockableSftpClient
instanceKlass com/jcraft/jsch/HostKeyRepository
instanceKlass com/jcraft/jsch/Logger
instanceKlass org/gradle/internal/resource/transport/sftp/SftpClientFactory$SftpClientCreator
instanceKlass org/gradle/internal/resource/transport/aws/s3/S3ConnectorFactory
instanceKlass org/gradle/internal/resource/transport/gcp/gcs/GcsConnectorFactory
instanceKlass org/gradle/internal/resource/transfer/ExternalResourceConnector
instanceKlass org/gradle/internal/resource/transfer/ExternalResourceAccessor
instanceKlass org/gradle/internal/resource/transfer/ExternalResourceLister
instanceKlass org/gradle/internal/resource/transfer/ExternalResourceUploader
instanceKlass org/gradle/internal/resource/transport/http/HttpConnectorFactory
instanceKlass org/gradle/internal/resource/transport/http/HttpClientHelper$Factory$$Lambda$129
instanceKlass java/lang/invoke/LambdaForm$BMH
instanceKlass org/gradle/internal/resource/transport/http/HttpClientHelper
instanceKlass org/gradle/internal/resource/transport/http/HttpSettings
instanceKlass org/gradle/internal/resource/transport/http/DefaultSslContextFactory
instanceKlass org/gradle/internal/resource/transport/file/FileConnectorFactory
instanceKlass org/gradle/composite/internal/CompositeProjectComponentArtifactMetadataSerializer
instanceKlass org/gradle/composite/internal/CompositeProjectComponentArtifactMetadata
instanceKlass org/gradle/api/internal/artifacts/ivyservice/resolveengine/result/ResolvedComponentResultSerializer
instanceKlass org/gradle/api/internal/artifacts/ivyservice/resolveengine/result/ComponentSelectorSerializer$OptimizingAttributeContainerSerializer
instanceKlass org/gradle/api/internal/artifacts/ImmutableVersionConstraint
instanceKlass org/gradle/api/internal/artifacts/ivyservice/resolveengine/result/ComponentSelectionReasonSerializer
instanceKlass org/gradle/api/internal/artifacts/ivyservice/resolveengine/result/ComponentSelectionDescriptorSerializer
instanceKlass org/gradle/api/internal/artifacts/ivyservice/resolveengine/result/ResolvedVariantResultSerializer
instanceKlass org/gradle/internal/component/external/model/DefaultModuleComponentIdentifier
instanceKlass org/gradle/api/artifacts/component/ModuleComponentIdentifier
instanceKlass org/gradle/api/internal/artifacts/metadata/ModuleComponentFileArtifactIdentifierSerializer
instanceKlass org/gradle/api/internal/artifacts/metadata/ComponentArtifactIdentifierSerializer
instanceKlass org/gradle/api/internal/artifacts/DependencyManagementValueSnapshotterSerializerRegistry$OpaqueComponentArtifactIdentifierSerializer
instanceKlass org/gradle/api/artifacts/PublishArtifact
instanceKlass org/gradle/api/internal/artifacts/metadata/PublishArtifactLocalArtifactMetadataSerializer
instanceKlass org/gradle/api/internal/artifacts/ivyservice/resolveengine/result/CapabilitySerializer
instanceKlass org/gradle/api/internal/artifacts/ModuleVersionIdentifierSerializer
instanceKlass org/gradle/internal/resolve/caching/DesugaringAttributeContainerSerializer
instanceKlass org/gradle/api/artifacts/result/ResolvedComponentResult
instanceKlass org/gradle/api/artifacts/result/ComponentResult
instanceKlass org/gradle/api/artifacts/result/ComponentSelectionReason
instanceKlass org/gradle/api/artifacts/result/ResolvedVariantResult
instanceKlass org/gradle/internal/component/local/model/ComponentFileArtifactIdentifier
instanceKlass org/gradle/internal/component/external/model/DefaultModuleComponentArtifactIdentifier
instanceKlass org/gradle/internal/component/external/model/ModuleComponentArtifactIdentifier
instanceKlass org/gradle/internal/component/local/model/OpaqueComponentArtifactIdentifier
instanceKlass org/gradle/internal/component/local/model/PublishArtifactLocalArtifactMetadata
instanceKlass org/gradle/api/artifacts/component/ComponentArtifactIdentifier
instanceKlass org/gradle/internal/component/local/model/LocalComponentArtifactMetadata
instanceKlass org/gradle/api/artifacts/ModuleVersionIdentifier
instanceKlass org/gradle/api/artifacts/result/ComponentSelectionDescriptor
instanceKlass org/gradle/api/internal/artifacts/ivyservice/resolveengine/result/CachingComponentSelectionDescriptorFactory
instanceKlass org/gradle/api/internal/initialization/DefaultScriptHandler
instanceKlass org/gradle/api/internal/artifacts/DefaultDependencyManagementServices$DefaultDependencyResolutionServices
instanceKlass org/gradle/api/internal/artifacts/ivyservice/moduleconverter/DefaultRootComponentMetadataBuilder
instanceKlass org/gradle/api/internal/artifacts/ivyservice/moduleconverter/RootComponentMetadataBuilder
instanceKlass org/gradle/api/internal/artifacts/transform/TransformationNodeFactory
instanceKlass org/gradle/api/internal/artifacts/transform/DefaultTransformedVariantFactory$VariantKey
instanceKlass org/gradle/api/internal/artifacts/transform/DefaultTransformedVariantFactory
instanceKlass org/gradle/api/internal/artifacts/dsl/DefaultComponentModuleMetadataHandler
instanceKlass org/gradle/api/internal/artifacts/transform/MutableTransformationWorkspaceServices
instanceKlass org/gradle/internal/file/ReservedFileSystemLocation
instanceKlass org/gradle/api/file/ProjectLayout
instanceKlass org/gradle/api/internal/artifacts/configurations/DefaultConfigurationFactory
instanceKlass org/gradle/api/internal/artifacts/ivyservice/moduleconverter/DefaultRootComponentMetadataBuilder$Factory
instanceKlass org/gradle/api/internal/artifacts/repositories/DefaultUrlArtifactRepository$Factory
instanceKlass org/gradle/api/artifacts/dsl/DependencyHandler
instanceKlass org/gradle/api/artifacts/dsl/ComponentModuleMetadataHandler
instanceKlass org/gradle/api/artifacts/dsl/DependencyConstraintHandler
instanceKlass org/gradle/api/internal/artifacts/transform/TransformedVariantFactory
instanceKlass org/gradle/api/internal/artifacts/RepositoriesSupplier
instanceKlass org/gradle/api/artifacts/dsl/DependencyLockingHandler
instanceKlass org/gradle/api/internal/artifacts/ComponentModuleMetadataProcessor
instanceKlass org/gradle/api/internal/artifacts/ComponentMetadataProcessorFactory
instanceKlass org/gradle/api/artifacts/dsl/ArtifactHandler
instanceKlass org/gradle/api/internal/artifacts/dsl/PublishArtifactNotationParserFactory
instanceKlass org/gradle/api/internal/artifacts/configurations/ConfigurationContainerInternal
instanceKlass org/gradle/api/artifacts/ConfigurationContainer
instanceKlass org/gradle/api/internal/artifacts/dsl/DefaultComponentMetadataHandler
instanceKlass org/gradle/api/internal/artifacts/dsl/ComponentMetadataHandlerInternal
instanceKlass org/gradle/api/artifacts/dsl/ComponentMetadataHandler
instanceKlass org/gradle/api/artifacts/dsl/RepositoryHandler
instanceKlass org/gradle/api/artifacts/ArtifactRepositoryContainer
instanceKlass org/gradle/api/NamedDomainObjectList
instanceKlass org/gradle/api/internal/artifacts/query/ArtifactResolutionQueryFactory
instanceKlass org/gradle/api/internal/artifacts/ArtifactPublicationServices
instanceKlass org/gradle/api/internal/artifacts/transform/TransformationRegistrationFactory
instanceKlass org/gradle/api/internal/artifacts/transform/TransformerInvocationFactory
instanceKlass org/gradle/api/internal/tasks/TaskResolver
instanceKlass org/gradle/api/internal/artifacts/VariantTransformRegistry
instanceKlass org/gradle/api/internal/artifacts/type/ArtifactTypeRegistry
instanceKlass org/gradle/api/internal/artifacts/BaseRepositoryFactory
instanceKlass org/gradle/api/internal/artifacts/ivyservice/ivyresolve/parser/MetaDataParser
instanceKlass org/gradle/api/internal/artifacts/ConfigurationResolver
instanceKlass org/gradle/api/internal/artifacts/transform/ArtifactTransforms
instanceKlass org/gradle/api/internal/artifacts/GlobalDependencyResolutionRules
instanceKlass org/gradle/internal/component/external/model/VariantDerivationStrategy
instanceKlass org/gradle/api/internal/artifacts/dsl/dependencies/DependencyLockingProvider
instanceKlass org/gradle/api/internal/artifacts/DefaultDependencyManagementServices$DependencyResolutionScopeServices
instanceKlass org/gradle/api/internal/artifacts/DefaultDependencyManagementServices$ArtifactTransformResolutionGradleUserHomeServices
instanceKlass org/gradle/internal/model/CalculatedModelValue
instanceKlass org/gradle/api/internal/initialization/RootScriptDomainObjectContext
instanceKlass org/gradle/internal/resource/UriTextResource$UriResourceLocation
instanceKlass org/gradle/invocation/DefaultGradle$$Lambda$128
instanceKlass org/gradle/groovy/scripts/TextResourceScriptSource
instanceKlass org/gradle/internal/resource/ResourceLocation
instanceKlass org/gradle/internal/resource/UriTextResource
instanceKlass org/gradle/initialization/InitScriptHandler$1
instanceKlass org/gradle/initialization/DirectoryInitScriptFinder
instanceKlass org/gradle/initialization/CompositeInitScriptFinder
instanceKlass org/gradle/initialization/InitScriptFinder
instanceKlass org/gradle/initialization/DefaultGradleProperties
instanceKlass kotlin/text/StringsKt__AppendableKt
instanceKlass org/gradle/configurationcache/extensions/MapExtensionsKt
instanceKlass org/gradle/configurationcache/services/DefaultEnvironment$DefaultProperties
instanceKlass org/gradle/initialization/Environment$Properties
instanceKlass org/gradle/configurationcache/extensions/CastExtensionsKt
instanceKlass org/gradle/initialization/DefaultGradlePropertiesController$Loaded
instanceKlass org/gradle/initialization/DefaultSettingsLoader
instanceKlass org/gradle/initialization/SettingsAttachingSettingsLoader
instanceKlass org/gradle/internal/composite/CommandLineIncludedBuildSettingsLoader
instanceKlass org/gradle/internal/composite/ChildBuildRegisteringSettingsLoader
instanceKlass org/gradle/internal/composite/CompositeBuildSettingsLoader
instanceKlass org/gradle/initialization/InitScriptHandlingSettingsLoader
instanceKlass org/gradle/initialization/GradlePropertiesHandlingSettingsLoader
instanceKlass org/gradle/initialization/BuildOperationFiringSettingsPreparer$LoadBuild$1
instanceKlass org/gradle/initialization/LoadBuildBuildOperationType$Details
instanceKlass org/gradle/initialization/BuildOperationFiringSettingsPreparer$LoadBuild
instanceKlass org/gradle/internal/model/StateTransitionController$$Lambda$127
instanceKlass org/gradle/initialization/VintageBuildModelController$$Lambda$126
instanceKlass org/gradle/internal/model/StateTransitionController$$Lambda$125
instanceKlass org/gradle/internal/model/StateTransitionController$$Lambda$124
instanceKlass org/gradle/internal/build/DefaultBuildLifecycleController$$Lambda$123
instanceKlass java/lang/invoke/LambdaForm$DMH
instanceKlass org/gradle/composite/internal/DefaultBuildControllers$$Lambda$122
instanceKlass org/gradle/composite/internal/BuildController
instanceKlass org/gradle/composite/internal/DefaultBuildControllers
instanceKlass org/gradle/composite/internal/BuildControllers
instanceKlass org/gradle/composite/internal/DefaultIncludedBuildTaskGraph$DefaultBuildTreeWorkGraph
instanceKlass org/gradle/internal/buildtree/DefaultBuildTreeLifecycleController$$Lambda$121
instanceKlass org/gradle/internal/buildtree/BuildTreeWorkGraph
instanceKlass org/gradle/internal/model/StateTransitionController$$Lambda$120
instanceKlass org/gradle/internal/model/StateTransitionController$$Lambda$119
instanceKlass org/gradle/internal/buildtree/DefaultBuildTreeLifecycleController$$Lambda$118
instanceKlass org/gradle/internal/buildtree/DefaultBuildTreeLifecycleController$$Lambda$117
instanceKlass org/gradle/internal/build/ExecutionResult
instanceKlass org/gradle/tooling/internal/provider/runner/BuildModelActionRunner$ModelCreateAction
instanceKlass org/gradle/internal/buildtree/ProblemReportingBuildActionRunner$$Lambda$116
instanceKlass org/gradle/internal/model/StateTransitionController$$Lambda$115
instanceKlass org/gradle/internal/model/StateTransitionController$$Lambda$114
instanceKlass org/gradle/internal/buildtree/DefaultBuildTreeLifecycleController$$Lambda$113
instanceKlass org/gradle/launcher/exec/BuildOutcomeReportingBuildActionRunner$$Lambda$112
instanceKlass org/gradle/internal/logging/format/TersePrettyDurationFormatter
instanceKlass org/gradle/internal/buildevents/BuildResultLogger
instanceKlass org/gradle/util/internal/TreeVisitor
instanceKlass org/gradle/internal/exceptions/FailureResolutionAware$Context
instanceKlass org/gradle/internal/buildevents/BuildExceptionReporter
instanceKlass org/gradle/internal/logging/format/DurationFormatter
instanceKlass org/gradle/internal/buildevents/BuildLogger
instanceKlass org/gradle/api/internal/tasks/execution/statistics/TaskExecutionStatisticsEventAdapter
instanceKlass org/gradle/tooling/internal/provider/FileSystemWatchingBuildActionRunner$1
instanceKlass org/gradle/internal/watch/options/FileSystemWatchingSettingsFinalizedProgressDetails
instanceKlass org/gradle/api/internal/tasks/compile/CompileJavaBuildOperationType$Result
instanceKlass org/gradle/internal/operations/notify/BuildOperationNotificationBridge$Finished
instanceKlass org/gradle/internal/operations/OperationFinishEvent
instanceKlass org/gradle/internal/watch/vfs/impl/WatchingVirtualFileSystem$1$1
instanceKlass org/gradle/internal/watch/vfs/BuildStartedFileSystemWatchingBuildOperationType$Result
instanceKlass com/google/common/collect/CollectCollectors$$Lambda$111
instanceKlass com/google/common/collect/CollectCollectors$$Lambda$110
instanceKlass com/google/common/collect/CollectCollectors$$Lambda$109
instanceKlass com/google/common/collect/RangeGwtSerializationDependencies
instanceKlass com/google/common/collect/CollectCollectors$$Lambda$108
instanceKlass java/lang/invoke/LambdaForm$DMH
instanceKlass com/google/common/collect/SortedIterable
instanceKlass com/google/common/collect/ImmutableRangeSet$Builder
instanceKlass com/google/common/collect/AbstractRangeSet
instanceKlass com/google/common/collect/RangeSet
instanceKlass com/google/common/collect/CollectCollectors$$Lambda$107
instanceKlass com/google/common/collect/CollectCollectors$$Lambda$106
instanceKlass com/google/common/collect/CollectCollectors$$Lambda$105
instanceKlass com/google/common/collect/CollectCollectors$$Lambda$104
instanceKlass java/util/stream/Collectors$CollectorImpl
instanceKlass java/util/stream/Collectors
instanceKlass java/util/stream/Collector
instanceKlass com/google/common/collect/CollectCollectors$$Lambda$103
instanceKlass com/google/common/collect/CollectCollectors$$Lambda$102
instanceKlass com/google/common/collect/CollectCollectors$$Lambda$101
instanceKlass java/util/concurrent/LinkedBlockingDeque$Node
instanceKlass java/lang/management/MemoryUsage
instanceKlass com/google/common/collect/CollectCollectors$$Lambda$100
instanceKlass org/gradle/launcher/daemon/server/health/gc/GarbageCollectionEvent
instanceKlass com/google/common/collect/CollectCollectors
instanceKlass org/gradle/internal/watch/registry/impl/AbstractFileWatcherUpdater$$Lambda$99
instanceKlass java/util/stream/MatchOps$$Lambda$98
instanceKlass java/util/stream/MatchOps$BooleanTerminalSink
instanceKlass java/util/stream/MatchOps$MatchOp
instanceKlass java/util/stream/MatchOps
instanceKlass org/gradle/internal/watch/registry/impl/AbstractFileWatcherUpdater$$Lambda$97
instanceKlass org/gradle/internal/watch/registry/impl/AbstractFileWatcherUpdater$$Lambda$96
instanceKlass org/gradle/internal/watch/registry/impl/AbstractFileWatcherUpdater$$Lambda$95
instanceKlass org/gradle/internal/watch/registry/impl/AbstractFileWatcherUpdater$$Lambda$94
instanceKlass org/gradle/internal/watch/registry/impl/WatchableHierarchies$$Lambda$93
instanceKlass java/util/stream/FindOps$$Lambda$92
instanceKlass java/util/stream/FindOps$FindSink
instanceKlass java/util/stream/FindOps$$Lambda$91
instanceKlass java/lang/invoke/LambdaForm$DMH
instanceKlass java/util/stream/FindOps$FindOp
instanceKlass java/util/stream/FindOps
instanceKlass org/gradle/internal/watch/registry/impl/WatchableHierarchies$$Lambda$90
instanceKlass java/lang/invoke/LambdaForm$DMH
instanceKlass java/util/Spliterator$OfDouble
instanceKlass java/util/Spliterator$OfLong
instanceKlass java/util/Spliterator$OfInt
instanceKlass java/util/Spliterator$OfPrimitive
instanceKlass java/util/Spliterators$EmptySpliterator
instanceKlass java/util/Spliterators
instanceKlass org/gradle/internal/watch/vfs/impl/WatchingVirtualFileSystem$$Lambda$89
instanceKlass org/gradle/internal/watch/registry/impl/WatchableHierarchies$$Lambda$88
instanceKlass java/util/ArrayDeque$DeqSpliterator
instanceKlass java/util/ArrayDeque$DeqIterator
instanceKlass org/gradle/internal/watch/registry/impl/WatchableHierarchies$$Lambda$87
instanceKlass java/lang/invoke/LambdaForm$DMH
instanceKlass org/gradle/internal/snapshot/SnapshotHierarchy$NodeDiffListener$1
instanceKlass org/gradle/internal/file/FileHierarchySet$PrefixFileSet$2
instanceKlass org/gradle/internal/watch/registry/impl/WatchableHierarchies$InvalidatingRootVisitor
instanceKlass org/gradle/internal/watch/registry/impl/WatchableHierarchies$$Lambda$86
instanceKlass org/gradle/internal/watch/registry/impl/Combiners$$Lambda$85
instanceKlass java/lang/invoke/LambdaForm$DMH
instanceKlass org/gradle/internal/watch/registry/impl/Combiners
instanceKlass org/gradle/internal/watch/registry/impl/WatchableHierarchies$$Lambda$84
instanceKlass org/gradle/internal/watch/registry/impl/DefaultFileWatcherProbeRegistry$$Lambda$83
instanceKlass org/gradle/internal/watch/registry/impl/DefaultFileWatcherProbeRegistry$$Lambda$82
instanceKlass java/lang/invoke/LambdaForm$DMH
instanceKlass org/gradle/internal/watch/registry/impl/DefaultFileWatcherProbeRegistry$WatchProbe
instanceKlass org/gradle/internal/watch/registry/impl/HierarchicalFileWatcherUpdater$$Lambda$81
instanceKlass org/gradle/internal/watch/registry/impl/WatchableHierarchies$Invalidator
instanceKlass org/gradle/internal/watch/registry/impl/DefaultFileWatcherRegistry$$Lambda$80
instanceKlass java/lang/invoke/LambdaForm$DMH
instanceKlass org/gradle/internal/watch/registry/impl/DefaultFileWatcherRegistry$$Lambda$79
instanceKlass org/gradle/internal/watch/registry/impl/DefaultFileWatcherRegistry$MutableFileWatchingStatistics
instanceKlass org/gradle/internal/watch/registry/FileWatcherRegistry$FileWatchingStatistics
instanceKlass net/rubygrapefruit/platform/file/FileWatchEvent$Handler
instanceKlass org/gradle/internal/watch/registry/impl/DefaultFileWatcherRegistry
instanceKlass org/gradle/internal/watch/registry/impl/WindowsFileWatcherRegistryFactory$$Lambda$78
instanceKlass org/gradle/internal/watch/registry/impl/AbstractFileWatcherUpdater$MovedDirectoryHandler
instanceKlass org/gradle/internal/watch/registry/impl/HierarchicalFileWatcherUpdater$FileSystemLocationToWatchValidator$$Lambda$77
instanceKlass org/gradle/internal/watch/registry/impl/HierarchicalFileWatcherUpdater$FileSystemLocationToWatchValidator
instanceKlass org/gradle/internal/watch/registry/impl/AbstractFileWatcherUpdater
instanceKlass org/gradle/internal/snapshot/FileSystemSnapshotHierarchyVisitor
instanceKlass org/gradle/internal/file/FileHierarchySet$RootVisitor
instanceKlass org/gradle/internal/watch/registry/impl/WatchableHierarchies
instanceKlass net/rubygrapefruit/platform/internal/jni/AbstractFileEventFunctions$NativeFileWatcher
instanceKlass net/rubygrapefruit/platform/file/FileWatchEvent
instanceKlass net/rubygrapefruit/platform/internal/jni/AbstractFileEventFunctions$NativeFileWatcherCallback
instanceKlass org/gradle/internal/watch/registry/impl/AbstractFileWatcherRegistryFactory$$Lambda$76
instanceKlass org/gradle/internal/watch/registry/impl/DefaultFileWatcherProbeRegistry
instanceKlass org/gradle/internal/watch/vfs/impl/WatchingVirtualFileSystem$3
instanceKlass java/util/stream/Sink$ChainedReference
instanceKlass java/util/stream/ForEachOps$ForEachOp
instanceKlass java/util/stream/ForEachOps
instanceKlass org/gradle/internal/watch/vfs/impl/WatchingVirtualFileSystem$1$$Lambda$75
instanceKlass org/gradle/internal/watch/vfs/impl/DefaultWatchableFileSystemDetector$$Lambda$74
instanceKlass org/gradle/internal/watch/vfs/impl/DefaultWatchableFileSystemDetector$$Lambda$73
instanceKlass net/rubygrapefruit/platform/internal/FileSystemList$DefaultCaseSensitivity
instanceKlass net/rubygrapefruit/platform/internal/DefaultFileSystemInfo
instanceKlass net/rubygrapefruit/platform/file/FileSystemInfo
instanceKlass net/rubygrapefruit/platform/internal/jni/PosixFileSystemFunctions
instanceKlass net/rubygrapefruit/platform/file/CaseSensitivity
instanceKlass net/rubygrapefruit/platform/internal/FileSystemList
instanceKlass org/gradle/internal/watch/vfs/BuildStartedFileSystemWatchingBuildOperationType$Details$1
instanceKlass org/gradle/internal/watch/vfs/BuildStartedFileSystemWatchingBuildOperationType$Details
instanceKlass org/gradle/internal/watch/vfs/FileSystemWatchingStatistics
instanceKlass org/gradle/internal/watch/vfs/impl/WatchingVirtualFileSystem$1
instanceKlass org/gradle/internal/watch/vfs/impl/WatchingVirtualFileSystem$$Lambda$72
instanceKlass org/slf4j/helpers/NamedLoggerBase
instanceKlass org/gradle/configuration/internal/DefaultListenerBuildOperationDecorator
instanceKlass sun/nio/fs/AbstractBasicFileAttributeView
instanceKlass sun/nio/fs/DynamicFileAttributeView
instanceKlass sun/nio/fs/WindowsFileAttributeViews
instanceKlass java/nio/file/attribute/BasicFileAttributeView
instanceKlass java/nio/file/attribute/FileAttributeView
instanceKlass java/nio/file/attribute/AttributeView
instanceKlass java/nio/file/CopyOption
instanceKlass java/nio/file/OpenOption
instanceKlass org/gradle/api/tasks/util/internal/CachingPatternSpecFactory$CachingSpec
instanceKlass org/gradle/api/internal/file/RelativePathSpec
instanceKlass org/gradle/api/internal/file/pattern/AnythingMatcher
instanceKlass org/gradle/api/internal/file/pattern/FixedPatternStep
instanceKlass org/gradle/api/internal/file/pattern/HasSuffixPatternStep
instanceKlass org/gradle/api/internal/file/pattern/HasPrefixPatternStep
instanceKlass org/gradle/api/internal/file/pattern/HasPrefixAndSuffixPatternStep
instanceKlass org/gradle/api/internal/file/pattern/AnyWildcardPatternStep
instanceKlass org/gradle/api/internal/file/pattern/PatternStep
instanceKlass org/gradle/api/internal/file/pattern/PatternStepFactory
instanceKlass org/gradle/api/internal/file/pattern/FixedStepPathMatcher
instanceKlass org/gradle/api/internal/file/pattern/GreedyPathMatcher
instanceKlass org/gradle/api/internal/file/pattern/EndOfPathMatcher
instanceKlass org/gradle/api/internal/file/pattern/PathMatcher
instanceKlass org/gradle/api/internal/file/pattern/PatternMatcher
instanceKlass org/gradle/api/internal/file/pattern/PatternMatcherFactory
instanceKlass org/gradle/api/tasks/util/internal/CachingPatternSpecFactory$1
instanceKlass org/gradle/api/tasks/util/internal/CachingPatternSpecFactory$SpecKey
instanceKlass org/gradle/cache/internal/BuildScopeCacheDir
instanceKlass org/gradle/launcher/exec/RootBuildLifecycleBuildActionExecutor$$Lambda$71
instanceKlass org/gradle/initialization/buildsrc/BuildSrcDetector
instanceKlass org/gradle/internal/watch/vfs/impl/WatchingVirtualFileSystem$$Lambda$70
instanceKlass java/util/function/UnaryOperator
instanceKlass org/gradle/internal/buildtree/DefaultBuildTreeLifecycleController
instanceKlass org/gradle/internal/buildtree/BuildTreeLifecycleController
instanceKlass org/gradle/internal/buildtree/BuildTreeModelController
instanceKlass org/gradle/internal/buildtree/DefaultBuildTreeModelCreator
instanceKlass org/gradle/internal/buildtree/BuildTreeModelCreator
instanceKlass org/gradle/internal/buildtree/DefaultBuildTreeWorkPreparer
instanceKlass org/gradle/internal/buildtree/BuildTreeWorkPreparer
instanceKlass org/gradle/internal/buildtree/DefaultBuildTreeFinishExecutor
instanceKlass org/gradle/internal/buildtree/DefaultBuildTreeWorkExecutor
instanceKlass org/gradle/internal/buildtree/BuildOperationFiringBuildTreeWorkExecutor
instanceKlass org/gradle/execution/SelectedTaskExecutionAction
instanceKlass org/gradle/execution/DryRunBuildExecutionAction
instanceKlass org/gradle/execution/BuildOperationFiringBuildWorkerExecutor
instanceKlass org/gradle/internal/build/DefaultBuildWorkPreparer
instanceKlass org/gradle/internal/taskgraph/CalculateTaskGraphBuildOperationType$TaskIdentity
instanceKlass org/gradle/internal/build/BuildOperationFiringBuildWorkPreparer
instanceKlass org/gradle/execution/plan/DefaultNodeValidator
instanceKlass org/gradle/execution/plan/ExecutionPlan
instanceKlass org/gradle/internal/snapshot/EmptyChildMap
instanceKlass org/gradle/internal/collect/PersistentList
instanceKlass org/gradle/internal/snapshot/ChildMap$NodeHandler
instanceKlass org/gradle/internal/snapshot/ChildMap$StoreHandler
instanceKlass org/gradle/execution/plan/ValuedVfsHierarchy
instanceKlass org/gradle/execution/plan/ExecutionNodeAccessHierarchy$AbstractNodeAccessVisitor
instanceKlass org/gradle/execution/plan/ValuedVfsHierarchy$ValueVisitor
instanceKlass org/gradle/execution/plan/ExecutionNodeAccessHierarchy
instanceKlass org/gradle/internal/graph/CachingDirectedGraphWalker$GraphWithEmptyEdges
instanceKlass org/gradle/api/internal/tasks/CachingTaskDependencyResolveContext$TaskGraphImpl
instanceKlass org/gradle/internal/graph/DirectedGraphWithEdgeValues
instanceKlass org/gradle/internal/graph/CachingDirectedGraphWalker
instanceKlass org/gradle/internal/graph/DirectedGraph
instanceKlass org/gradle/api/internal/tasks/AbstractTaskDependencyResolveContext
instanceKlass org/gradle/api/internal/tasks/TaskDependencyResolveContext
instanceKlass org/gradle/execution/plan/TaskNodeFactory$DefaultTypeOriginInspectorFactory
instanceKlass org/gradle/initialization/internal/InternalBuildFinishedListener
instanceKlass sun/misc/ProxyGenerator$1
instanceKlass org/gradle/BuildResult
instanceKlass org/gradle/internal/build/DefaultBuildLifecycleController
instanceKlass org/gradle/internal/work/DefaultSynchronizer
instanceKlass org/gradle/internal/model/StateTransitionController$CurrentState
instanceKlass org/gradle/internal/model/StateTransitionController
instanceKlass org/gradle/internal/Describables$AbstractDescribable
instanceKlass org/gradle/internal/Describables
instanceKlass org/gradle/api/internal/artifacts/DefaultBuildIdentifier
instanceKlass org/gradle/internal/model/StateTransitionController$State
instanceKlass org/gradle/initialization/VintageBuildModelController
instanceKlass org/gradle/initialization/DefaultTaskExecutionPreparer
instanceKlass org/gradle/execution/BuildExecutionContext
instanceKlass org/gradle/execution/DefaultBuildConfigurationActionExecuter
instanceKlass org/gradle/execution/TaskNameResolvingBuildConfigurationAction
instanceKlass org/gradle/execution/DefaultTasksBuildExecutionAction
instanceKlass org/gradle/execution/BuildConfigurationAction
instanceKlass org/gradle/execution/commandline/CommandLineTaskConfigurer
instanceKlass org/gradle/api/internal/tasks/options/OptionValueNotationParserFactory
instanceKlass org/gradle/initialization/DefaultSettingsPreparer
instanceKlass org/gradle/initialization/BuildOperationFiringSettingsPreparer$1
instanceKlass org/gradle/initialization/LoadBuildBuildOperationType$Result
instanceKlass org/gradle/initialization/BuildOperationFiringSettingsPreparer
instanceKlass org/gradle/internal/id/LongIdGenerator
instanceKlass org/gradle/configuration/DefaultInitScriptProcessor
instanceKlass org/gradle/api/internal/project/ProjectState
instanceKlass org/gradle/internal/model/ModelContainer
instanceKlass org/gradle/initialization/SettingsFactory
instanceKlass org/gradle/initialization/ScriptEvaluatingSettingsProcessor
instanceKlass org/gradle/initialization/SettingsEvaluatedCallbackFiringSettingsProcessor
instanceKlass org/gradle/initialization/RootBuildCacheControllerSettingsProcessor
instanceKlass org/gradle/initialization/BuildOperationSettingsProcessor$1
instanceKlass org/gradle/initialization/EvaluateSettingsBuildOperationType$Result
instanceKlass org/gradle/initialization/BuildOperationSettingsProcessor
instanceKlass org/gradle/internal/resource/TextResource
instanceKlass org/gradle/internal/resource/DefaultTextFileResourceLoader
instanceKlass org/gradle/api/internal/artifacts/dsl/dependencies/UnknownProjectFinder
instanceKlass org/gradle/api/internal/initialization/ScriptHandlerInternal
instanceKlass org/gradle/api/initialization/dsl/ScriptHandler
instanceKlass org/gradle/api/internal/initialization/DefaultScriptHandlerFactory
instanceKlass org/gradle/api/internal/initialization/DefaultScriptClassPathResolver
instanceKlass org/gradle/configuration/ScriptPluginFactorySelector$1
instanceKlass org/gradle/configuration/ScriptPluginFactorySelector$ProviderInstantiator
instanceKlass org/gradle/configuration/ScriptPluginFactorySelector
instanceKlass org/gradle/groovy/scripts/internal/StatementTransformer
instanceKlass org/gradle/groovy/scripts/internal/CompileOperation
instanceKlass org/gradle/groovy/scripts/Transformer
instanceKlass org/gradle/configuration/project/DefaultCompileOperationFactory
instanceKlass org/gradle/cache/internal/DefaultCrossBuildInMemoryCacheFactory$DefaultClassMap$$Lambda$69
instanceKlass java/lang/invoke/LambdaForm$DMH
instanceKlass org/gradle/plugin/management/internal/DefaultPluginResolutionStrategy
instanceKlass org/gradle/plugin/use/internal/PluginDependencyResolutionServices$DefaultPluginRepositoriesProvider
instanceKlass org/gradle/plugin/internal/PluginUsePluginServiceRegistry$BuildScopeServices$1
instanceKlass org/gradle/api/internal/artifacts/Module
instanceKlass org/gradle/internal/service/scopes/BuildScopeServices$DependencyMetaDataProviderImpl
instanceKlass org/gradle/api/internal/artifacts/DefaultDependencyManagementServices
instanceKlass org/gradle/api/internal/file/AbstractFileResolver$2
instanceKlass org/apache/commons/io/FilenameUtils
instanceKlass org/gradle/internal/typeconversion/NotationConverterToNotationParserAdapter$ResultImpl
instanceKlass org/gradle/util/internal/DeferredUtil
instanceKlass org/gradle/plugin/use/resolve/service/internal/ClientInjectedClasspathPluginResolver$$Lambda$68
instanceKlass java/lang/invoke/LambdaForm$DMH
instanceKlass org/gradle/api/internal/plugins/PluginImplementation
instanceKlass org/gradle/api/internal/plugins/DefaultPluginRegistry
instanceKlass org/gradle/api/internal/plugins/PotentialPlugin
instanceKlass org/gradle/model/internal/inspect/ModelRuleSourceDetector$1
instanceKlass com/google/common/collect/MapMakerInternalMap$StrongKeyWeakValueEntry$Helper
instanceKlass org/gradle/api/internal/initialization/ClassLoaderScopeIdentifier
instanceKlass org/gradle/api/internal/initialization/AbstractClassLoaderScope
instanceKlass org/gradle/api/internal/initialization/loadercache/ClassLoaderId
instanceKlass org/gradle/initialization/ClassLoaderScopeId
instanceKlass org/gradle/initialization/DefaultClassLoaderScopeRegistry
instanceKlass org/gradle/api/internal/initialization/loadercache/DefaultClassLoaderCache$ClassLoaderSpec
instanceKlass org/gradle/api/internal/initialization/loadercache/DefaultClassLoaderCache
instanceKlass org/gradle/composite/internal/plugins/CompositeBuildPluginResolverContributor$CompositeBuildPluginResolver
instanceKlass org/gradle/composite/internal/plugins/CompositeBuildPluginResolverContributor
instanceKlass org/gradle/plugin/management/internal/autoapply/DefaultAutoAppliedPluginHandler
instanceKlass org/gradle/plugin/management/internal/SingletonPluginRequests
instanceKlass java/util/DualPivotQuicksort
instanceKlass org/gradle/plugin/use/internal/DefaultPluginId
instanceKlass org/gradle/plugin/use/PluginId
instanceKlass org/gradle/plugin/management/internal/autoapply/AutoAppliedGradleEnterprisePlugin
instanceKlass org/gradle/plugin/management/internal/DefaultPluginRequest
instanceKlass org/gradle/api/internal/artifacts/DefaultModuleVersionSelector
instanceKlass org/gradle/api/artifacts/ModuleVersionSelector
instanceKlass org/gradle/api/internal/artifacts/DefaultModuleIdentifier
instanceKlass org/gradle/plugin/management/internal/PluginRequestInternal
instanceKlass org/gradle/plugin/management/PluginRequest
instanceKlass org/gradle/plugin/management/internal/autoapply/DefaultAutoAppliedPluginRegistry
instanceKlass org/gradle/workers/internal/DefaultWorkResult
instanceKlass org/gradle/api/tasks/WorkResult
instanceKlass org/gradle/internal/work/ConditionalExecutionQueue
instanceKlass org/gradle/groovy/scripts/internal/BuildScopeInMemoryCachingScriptClassCompiler
instanceKlass org/gradle/groovy/scripts/ScriptCompiler
instanceKlass org/gradle/groovy/scripts/DefaultScriptCompilerFactory
instanceKlass org/gradle/groovy/scripts/ScriptRunner
instanceKlass org/gradle/groovy/scripts/internal/DefaultScriptRunnerFactory
instanceKlass org/gradle/groovy/scripts/internal/BuildOperationBackedScriptCompilationHandler$1
instanceKlass org/gradle/internal/scripts/CompileScriptBuildOperationType$Result
instanceKlass org/gradle/groovy/scripts/internal/BuildOperationBackedScriptCompilationHandler
instanceKlass org/gradle/groovy/scripts/ScriptSource
instanceKlass org/gradle/groovy/scripts/internal/DefaultScriptCompilationHandler$NoOpGroovyResourceLoader
instanceKlass groovy/lang/GroovyResourceLoader
instanceKlass org/gradle/groovy/scripts/internal/CompiledScript
instanceKlass com/google/common/base/AbstractIterator$1
instanceKlass com/google/common/base/AbstractIterator
instanceKlass com/google/common/base/Splitter$1
instanceKlass com/google/common/base/CharMatcher
instanceKlass com/google/common/base/Splitter$Strategy
instanceKlass com/google/common/base/Splitter
instanceKlass org/gradle/configuration/DefaultImportsReader$2
instanceKlass com/google/common/io/Java8Compatibility
instanceKlass com/google/common/io/LineBuffer
instanceKlass com/google/common/io/LineReader
instanceKlass com/google/common/io/CharStreams
instanceKlass org/gradle/configuration/DefaultImportsReader$1
instanceKlass com/google/common/io/Resources
instanceKlass org/gradle/configuration/DefaultImportsReader
instanceKlass org/gradle/configuration/ScriptPlugin
instanceKlass org/gradle/api/Plugin
instanceKlass org/gradle/configuration/internal/DefaultUserCodeApplicationContext
instanceKlass org/gradle/composite/internal/CompositeBuildClassPathInitializer
instanceKlass org/gradle/execution/TaskSelectionResult
instanceKlass org/gradle/api/tasks/TaskContainer
instanceKlass org/gradle/api/PolymorphicDomainObjectContainer
instanceKlass org/gradle/api/tasks/TaskCollection
instanceKlass org/gradle/execution/TaskNameResolver
instanceKlass org/gradle/execution/ExcludedTaskFilteringProjectsPreparer
instanceKlass org/gradle/execution/DefaultTaskSchedulingPreparer
instanceKlass org/gradle/initialization/TaskSchedulingPreparer
instanceKlass org/gradle/configuration/DefaultProjectsPreparer
instanceKlass org/gradle/configuration/BuildTreePreparingProjectsPreparer
instanceKlass org/gradle/configuration/BuildOperationFiringProjectsPreparer$1
instanceKlass org/gradle/initialization/ConfigureBuildBuildOperationType$Result
instanceKlass org/gradle/configuration/BuildOperationFiringProjectsPreparer
instanceKlass org/gradle/initialization/ModelConfigurationListener
instanceKlass org/gradle/internal/resource/local/FileResourceListener
instanceKlass org/gradle/initialization/InstantiatingBuildLoader
instanceKlass org/gradle/initialization/ProjectPropertySettingBuildLoader
instanceKlass org/gradle/initialization/NotifyingBuildLoader$$Lambda$67
instanceKlass java/lang/invoke/LambdaForm$DMH
instanceKlass org/gradle/initialization/NotifyingBuildLoader$1
instanceKlass org/gradle/initialization/LoadProjectsBuildOperationType$Result$Project
instanceKlass org/gradle/initialization/NotifyProjectsLoadedBuildOperationType$Result
instanceKlass org/gradle/initialization/NotifyingBuildLoader
instanceKlass org/gradle/initialization/DefaultGradlePropertiesController$SharedGradleProperties
instanceKlass org/gradle/initialization/DefaultGradlePropertiesController$NotLoaded
instanceKlass org/gradle/initialization/DefaultGradlePropertiesController$State
instanceKlass org/gradle/initialization/DefaultGradlePropertiesController
instanceKlass org/gradle/initialization/DefaultGradlePropertiesLoader
instanceKlass kotlin/UNINITIALIZED_VALUE
instanceKlass kotlin/SafePublicationLazyImpl$Companion
instanceKlass kotlin/SafePublicationLazyImpl
instanceKlass kotlin/Lazy
instanceKlass kotlin/LazyKt$WhenMappings
instanceKlass kotlin/LazyKt__LazyJVMKt
instanceKlass kotlin/reflect/jvm/internal/pcollections/MapEntry
instanceKlass kotlin/reflect/jvm/internal/ReflectProperties$Val$1
instanceKlass kotlin/reflect/jvm/internal/ReflectProperties$Val
instanceKlass kotlin/reflect/jvm/internal/ReflectProperties
instanceKlass kotlin/jvm/internal/Lambda
instanceKlass kotlin/text/Regex$Companion
instanceKlass kotlin/text/Regex
instanceKlass kotlin/jvm/internal/DefaultConstructorMarker
instanceKlass kotlin/reflect/jvm/internal/KDeclarationContainerImpl$Companion
instanceKlass kotlin/reflect/jvm/internal/KClassifierImpl
instanceKlass kotlin/reflect/jvm/internal/pcollections/ConsPStack
instanceKlass kotlin/reflect/jvm/internal/pcollections/IntTree
instanceKlass kotlin/reflect/jvm/internal/pcollections/IntTreePMap
instanceKlass kotlin/reflect/jvm/internal/pcollections/HashPMap
instanceKlass kotlin/reflect/jvm/internal/KClassCacheKt
instanceKlass kotlin/reflect/jvm/internal/KPropertyImpl$Companion
instanceKlass kotlin/reflect/jvm/internal/KCallableImpl
instanceKlass kotlin/reflect/jvm/internal/KTypeParameterOwnerImpl
instanceKlass kotlin/reflect/jvm/internal/KDeclarationContainerImpl
instanceKlass kotlin/jvm/internal/ClassBasedDeclarationContainer
instanceKlass kotlin/reflect/KMutableProperty2
instanceKlass kotlin/reflect/KType
instanceKlass kotlin/reflect/KTypeParameter
instanceKlass kotlin/reflect/KProperty2
instanceKlass kotlin/reflect/KMutableProperty1
instanceKlass kotlin/reflect/KProperty1
instanceKlass kotlin/jvm/functions/Function1
instanceKlass kotlin/reflect/KMutableProperty0
instanceKlass kotlin/reflect/KMutableProperty
instanceKlass kotlin/jvm/internal/FunctionBase
instanceKlass kotlin/reflect/KClass
instanceKlass kotlin/jvm/internal/ReflectionFactory
instanceKlass kotlin/reflect/KClassifier
instanceKlass kotlin/jvm/internal/Reflection
instanceKlass kotlin/jvm/internal/CallableReference$NoReceiver
instanceKlass kotlin/reflect/KProperty$Getter
instanceKlass kotlin/reflect/KFunction
instanceKlass kotlin/reflect/KProperty$Accessor
instanceKlass kotlin/reflect/KDeclarationContainer
instanceKlass kotlin/jvm/internal/CallableReference
instanceKlass kotlin/reflect/KProperty0
instanceKlass kotlin/jvm/functions/Function0
instanceKlass kotlin/reflect/KProperty
instanceKlass kotlin/reflect/KCallable
instanceKlass kotlin/reflect/KAnnotatedElement
instanceKlass org/gradle/kotlin/dsl/tooling/builders/BuildSrcClassPathModeConfigurationAction
instanceKlass org/gradle/initialization/buildsrc/GroovyBuildSrcProjectConfigurationAction
instanceKlass org/gradle/configuration/project/PluginsProjectConfigureActions
instanceKlass org/gradle/api/internal/InternalAction
instanceKlass org/gradle/configuration/project/ProjectConfigureAction
instanceKlass org/gradle/initialization/buildsrc/BuildSrcProjectConfigurationAction
instanceKlass org/gradle/initialization/buildsrc/BuildSrcBuildListenerFactory
instanceKlass org/gradle/initialization/buildsrc/BuildSourceBuilder$1
instanceKlass org/gradle/initialization/buildsrc/BuildBuildSrcBuildOperationType$Result
instanceKlass org/gradle/util/internal/GUtil$1
instanceKlass org/gradle/internal/build/DefaultPublicBuildPath
instanceKlass org/gradle/api/internal/AbstractMutationGuard
instanceKlass org/gradle/internal/operations/RunnableBuildOperation
instanceKlass org/gradle/api/internal/project/BuildOperationCrossProjectConfigurator
instanceKlass org/gradle/api/internal/WithMutationGuard
instanceKlass org/gradle/internal/concurrent/CompositeStoppable$2
instanceKlass org/gradle/configurationcache/serialization/beans/BeanStateWriterLookup
instanceKlass org/gradle/configurationcache/serialization/beans/BeanStateReaderLookup
instanceKlass org/gradle/configurationcache/ConfigurationCacheClassLoaderScopeRegistryListener
instanceKlass org/gradle/configurationcache/serialization/ScopeLookup
instanceKlass org/gradle/initialization/ClassLoaderScopeRegistryListener
instanceKlass org/gradle/configurationcache/problems/ConfigurationCacheProblems
instanceKlass org/gradle/configurationcache/ConfigurationCacheIO
instanceKlass org/gradle/configurationcache/ConfigurationCacheHost
instanceKlass org/gradle/configurationcache/DefaultConfigurationCache$Host
instanceKlass org/gradle/cache/internal/FileContentCacheFactory$Calculator
instanceKlass org/gradle/language/nativeplatform/internal/incremental/sourceparser/CachingCSourceParser
instanceKlass org/gradle/language/nativeplatform/internal/incremental/sourceparser/CSourceParser
instanceKlass org/gradle/language/nativeplatform/internal/incremental/DefaultCompilationStateCacheFactory
instanceKlass org/gradle/language/nativeplatform/internal/incremental/CompilationStateCacheFactory
instanceKlass org/gradle/internal/scan/config/BuildScanConfig
instanceKlass org/gradle/internal/scan/config/BuildScanConfig$Attributes
instanceKlass org/gradle/internal/enterprise/impl/legacy/LegacyGradleEnterprisePluginCheckInService
instanceKlass org/gradle/internal/scan/eob/BuildScanEndOfBuildNotifier
instanceKlass org/gradle/internal/scan/config/BuildScanConfigProvider
instanceKlass org/gradle/internal/enterprise/impl/legacy/DefaultBuildScanScopeIds
instanceKlass org/gradle/internal/scan/scopeids/BuildScanScopeIds
instanceKlass org/gradle/internal/enterprise/GradleEnterprisePluginCheckInResult
instanceKlass org/gradle/internal/enterprise/impl/DefautGradleEnterprisePluginCheckInService
instanceKlass org/gradle/internal/enterprise/GradleEnterprisePluginCheckInService
instanceKlass org/gradle/internal/enterprise/impl/DefaultGradleEnterprisePluginConfig
instanceKlass org/gradle/internal/enterprise/impl/DefaultGradleEnterprisePluginBuildState
instanceKlass org/gradle/internal/enterprise/impl/DefaultGradleEnterprisePluginServiceRef
instanceKlass org/gradle/internal/enterprise/GradleEnterprisePluginBuildState
instanceKlass org/gradle/internal/enterprise/GradleEnterprisePluginConfig
instanceKlass org/gradle/internal/enterprise/GradleEnterprisePluginServiceRef
instanceKlass org/gradle/internal/enterprise/GradleEnterprisePluginEndOfBuildListener$BuildResult
instanceKlass org/gradle/internal/enterprise/impl/DefaultGradleEnterprisePluginAdapter
instanceKlass org/gradle/internal/enterprise/core/GradleEnterprisePluginAdapter
instanceKlass org/gradle/initialization/DefaultJdkToolsInitializer
instanceKlass org/gradle/api/internal/tasks/compile/incremental/IncrementalCompilerFactory
instanceKlass org/gradle/api/internal/tasks/compile/incremental/classpath/CachingClassSetAnalyzer
instanceKlass org/gradle/api/internal/tasks/compile/incremental/analyzer/CachingClassDependenciesAnalyzer
instanceKlass org/gradle/api/internal/tasks/compile/incremental/classpath/ClassSetAnalyzer
instanceKlass org/gradle/api/internal/tasks/compile/incremental/analyzer/ClassDependenciesAnalyzer
instanceKlass org/gradle/api/internal/tasks/CompileServices$GradleScopeCompileServices
instanceKlass org/gradle/language/java/artifact/JavadocArtifact
instanceKlass org/gradle/language/java/internal/JavaLanguagePluginServiceRegistry$JavaGradleScopeServices
instanceKlass org/gradle/api/internal/artifacts/DependencyServices$DependencyManagementGradleServices
instanceKlass org/gradle/kotlin/dsl/accessors/ProjectAccessorsClassPathGenerator
instanceKlass org/gradle/kotlin/dsl/accessors/PluginAccessorClassPathGenerator
instanceKlass org/gradle/kotlin/dsl/accessors/GradleScopeServices
instanceKlass java/lang/invoke/LambdaForm$DMH
instanceKlass org/gradle/internal/execution/history/OutputsCleaner
instanceKlass org/gradle/internal/execution/OutputChangeListener
instanceKlass org/gradle/internal/execution/history/OutputFilesRepository
instanceKlass org/gradle/internal/service/scopes/ExecutionGradleServices
instanceKlass org/gradle/caching/internal/controller/BuildCacheController
instanceKlass org/gradle/caching/internal/origin/OriginMetadataFactory
instanceKlass org/gradle/caching/internal/controller/BuildCacheCommandFactory
instanceKlass org/gradle/caching/internal/packaging/BuildCacheEntryPacker
instanceKlass org/gradle/caching/internal/packaging/impl/FilePermissionAccess
instanceKlass org/gradle/caching/internal/packaging/impl/TarPackerFileSystemSupport
instanceKlass org/gradle/caching/internal/BuildCacheServices$3
instanceKlass org/gradle/internal/service/scopes/GradleScopeServices$$Lambda$66
instanceKlass org/gradle/api/execution/TaskExecutionGraphListener
instanceKlass org/gradle/execution/plan/LocalTaskNodeExecutor
instanceKlass org/gradle/execution/plan/PlanExecutor
instanceKlass org/gradle/api/services/internal/BuildServiceRegistryInternal
instanceKlass org/gradle/execution/plan/WorkNodeExecutor
instanceKlass org/gradle/execution/plan/NodeExecutor
instanceKlass org/gradle/execution/commandline/CommandLineTaskParser
instanceKlass org/gradle/api/execution/TaskExecutionListener
instanceKlass org/gradle/api/internal/tasks/options/OptionReader
instanceKlass org/gradle/execution/BuildConfigurationActionExecuter
instanceKlass org/gradle/initialization/TaskExecutionPreparer
instanceKlass org/gradle/internal/execution/BuildOutputCleanupRegistry
instanceKlass org/gradle/execution/BuildWorkExecutor
instanceKlass org/gradle/internal/ImmutableActionSet
instanceKlass org/gradle/internal/instantiation/generator/AsmBackedClassGenerator$ObjectCreationDetails
instanceKlass com/google/common/collect/Ordering
instanceKlass org/gradle/internal/instantiation/generator/ConstructorComparator
instanceKlass org/gradle/internal/instantiation/generator/AsmBackedClassGenerator$InvokeConstructorStrategy
instanceKlass org/gradle/internal/instantiation/generator/AbstractClassGenerator$GeneratedClassImpl$GeneratedConstructorImpl
instanceKlass org/gradle/internal/instantiation/generator/ClassGenerator$GeneratedConstructor
instanceKlass org/gradle/internal/instantiation/generator/ClassGenerator$SerializationConstructor
instanceKlass org/objectweb/asm/Handler
instanceKlass org/objectweb/asm/Attribute
instanceKlass org/gradle/internal/instantiation/generator/AsmBackedClassGenerator$ClassBuilderImpl$ReturnTypeEntry
instanceKlass java/lang/invoke/LambdaForm$MH
instanceKlass org/gradle/internal/instantiation/generator/AsmBackedClassGenerator$ClassBuilderImpl$$Lambda$65
instanceKlass java/lang/invoke/LambdaForm$DMH
instanceKlass org/gradle/internal/instantiation/generator/AsmBackedClassGenerator$ClassBuilderImpl$$Lambda$64
instanceKlass com/google/common/collect/LinkedHashMultimap$ValueSet$1
instanceKlass com/google/common/collect/AbstractMapBasedMultimap$WrappedCollection$WrappedIterator
instanceKlass org/gradle/internal/instantiation/generator/AsmBackedClassGenerator$ClassBuilderImpl$$Lambda$63
instanceKlass org/gradle/internal/instantiation/generator/AsmBackedClassGenerator$ClassBuilderImpl$$Lambda$62
instanceKlass org/gradle/internal/instantiation/generator/AsmBackedClassGenerator$ClassBuilderImpl$$Lambda$61
instanceKlass org/gradle/internal/instantiation/generator/AsmBackedClassGenerator$ClassBuilderImpl$$Lambda$60
instanceKlass org/gradle/internal/instantiation/generator/AsmBackedClassGenerator$ClassBuilderImpl$$Lambda$59
instanceKlass org/gradle/internal/instantiation/generator/AsmBackedClassGenerator$ClassBuilderImpl$$Lambda$58
instanceKlass org/gradle/internal/instantiation/generator/AsmBackedClassGenerator$ClassBuilderImpl$$Lambda$57
instanceKlass org/gradle/internal/reflect/JavaReflectionUtil
instanceKlass org/gradle/model/internal/asm/AsmClassGeneratorUtils
instanceKlass org/gradle/internal/instantiation/generator/AsmBackedClassGenerator$ClassBuilderImpl$$Lambda$56
instanceKlass java/lang/invoke/LambdaForm$DMH
instanceKlass org/gradle/internal/instantiation/generator/AsmBackedClassGenerator$ClassBuilderImpl$$Lambda$55
instanceKlass org/gradle/internal/instantiation/generator/AsmBackedClassGenerator$ClassBuilderImpl$$Lambda$54
instanceKlass org/gradle/internal/instantiation/generator/AsmBackedClassGenerator$MethodCodeBody
instanceKlass org/objectweb/asm/Edge
instanceKlass org/objectweb/asm/Label
instanceKlass org/objectweb/asm/Frame
instanceKlass org/objectweb/asm/ByteVector
instanceKlass org/objectweb/asm/Symbol
instanceKlass org/objectweb/asm/SymbolTable
instanceKlass org/objectweb/asm/FieldVisitor
instanceKlass org/objectweb/asm/MethodVisitor
instanceKlass org/objectweb/asm/AnnotationVisitor
instanceKlass org/objectweb/asm/RecordComponentVisitor
instanceKlass org/objectweb/asm/ModuleVisitor
instanceKlass org/gradle/model/internal/asm/AsmClassGenerator
instanceKlass org/gradle/internal/DisplayName
instanceKlass org/gradle/internal/instantiation/generator/ManagedObjectFactory
instanceKlass org/gradle/util/internal/ConfigureUtil
instanceKlass org/gradle/internal/metaobject/AbstractDynamicObject
instanceKlass org/gradle/api/plugins/Convention
instanceKlass org/gradle/api/plugins/ExtensionContainer
instanceKlass org/gradle/internal/metaobject/DynamicObject
instanceKlass org/gradle/internal/metaobject/PropertyAccess
instanceKlass org/gradle/internal/metaobject/MethodAccess
instanceKlass org/gradle/internal/extensibility/ConventionAwareHelper
instanceKlass org/gradle/api/internal/HasConvention
instanceKlass org/gradle/api/internal/IConventionAware
instanceKlass org/gradle/api/internal/GeneratedSubclass
instanceKlass org/gradle/api/internal/ConventionMapping
instanceKlass org/gradle/internal/instantiation/generator/AsmBackedClassGenerator$ClassBuilderImpl
instanceKlass java/lang/Deprecated
instanceKlass javax/annotation/Nullable
instanceKlass org/gradle/api/internal/DynamicObjectAware
instanceKlass org/gradle/internal/extensibility/NoConventionMapping
instanceKlass sun/reflect/generics/tree/Wildcard
instanceKlass sun/reflect/generics/tree/BottomSignature
instanceKlass org/gradle/internal/instantiation/generator/AbstractClassGenerator$MethodMetadata
instanceKlass org/gradle/internal/reflect/PropertyMutator
instanceKlass org/gradle/internal/reflect/PropertyAccessor
instanceKlass org/gradle/internal/reflect/JavaPropertyReflectionUtil
instanceKlass org/gradle/internal/instantiation/generator/AbstractClassGenerator$PropertyMetadata
instanceKlass org/gradle/internal/instantiation/generator/AbstractClassGenerator$ClassMetadata
instanceKlass org/gradle/configuration/ConfigurationTargetIdentifier
instanceKlass org/gradle/api/plugins/PluginContainer
instanceKlass org/gradle/api/plugins/PluginCollection
instanceKlass org/gradle/internal/reflect/MethodSet$MethodKey
instanceKlass org/gradle/internal/reflect/MutablePropertyDetails
instanceKlass java/beans/FeatureDescriptor
instanceKlass java/util/EventListener
instanceKlass com/sun/beans/WeakCache
instanceKlass java/beans/Introspector
instanceKlass org/gradle/internal/MutableActionSet
instanceKlass org/gradle/api/internal/plugins/DefaultObjectConfigurationAction
instanceKlass org/gradle/api/plugins/ObjectConfigurationAction
instanceKlass org/gradle/api/services/BuildServiceRegistry
instanceKlass org/gradle/execution/taskgraph/TaskExecutionGraphInternal
instanceKlass org/gradle/api/internal/plugins/PluginManagerInternal
instanceKlass org/gradle/api/internal/initialization/ClassLoaderScope
instanceKlass org/gradle/api/internal/SettingsInternal
instanceKlass org/gradle/api/initialization/Settings
instanceKlass groovy/lang/GroovyObjectSupport
instanceKlass groovy/lang/GroovyCallable
instanceKlass org/gradle/util/Path
instanceKlass org/gradle/api/execution/TaskExecutionGraph
instanceKlass org/gradle/api/plugins/PluginManager
instanceKlass org/gradle/internal/reflect/PropertyDetails
instanceKlass org/gradle/internal/reflect/MutableClassDetails
instanceKlass org/gradle/internal/reflect/ClassDetails
instanceKlass org/gradle/internal/reflect/ClassInspector
instanceKlass org/gradle/internal/instantiation/generator/AbstractClassGenerator$ClassGenerationVisitor
instanceKlass org/gradle/internal/instantiation/generator/AsmBackedClassGenerator$ClassInspectionVisitorImpl
instanceKlass org/gradle/internal/instantiation/generator/AbstractClassGenerator$InjectionAnnotationValidator
instanceKlass org/gradle/internal/instantiation/generator/AbstractClassGenerator$DisabledAnnotationValidator
instanceKlass org/gradle/internal/instantiation/generator/AbstractClassGenerator$ClassValidator
instanceKlass com/google/common/collect/LinkedHashMultimap$ValueSetLink
instanceKlass org/gradle/internal/reflect/MethodSet
instanceKlass org/gradle/internal/instantiation/generator/AbstractClassGenerator$ClassGenerationHandler
instanceKlass org/gradle/api/internal/project/AbstractPluginAware
instanceKlass org/gradle/internal/build/DefaultBuildLifecycleControllerFactory$1
instanceKlass org/gradle/internal/featurelifecycle/ScriptUsageLocationReporter
instanceKlass org/gradle/configurationcache/DeprecatedFeaturesListenerManagerAction$DeprecatedFeaturesListener
instanceKlass org/gradle/profile/BuildProfileServices$1$1
instanceKlass org/gradle/api/HasImplicitReceiver
instanceKlass org/gradle/api/NonExtensible
instanceKlass org/gradle/internal/build/AbstractBuildState$$Lambda$53
instanceKlass org/gradle/internal/build/AbstractBuildState$$Lambda$52
instanceKlass org/gradle/internal/build/AbstractBuildState$$Lambda$51
instanceKlass org/gradle/internal/lazy/Lazy$$Lambda$50
instanceKlass org/gradle/internal/lazy/Lazy$Factory
instanceKlass java/lang/invoke/LambdaForm$DMH
instanceKlass org/gradle/internal/lazy/LockingLazy
instanceKlass org/gradle/internal/lazy/Lazy
instanceKlass org/gradle/configurationcache/RelevantProjectsRegistry
instanceKlass org/gradle/profile/ProfileEventAdapter
instanceKlass org/gradle/api/internal/artifacts/transform/ArtifactTransformListener
instanceKlass org/gradle/initialization/BuildCompletionListener
instanceKlass org/gradle/api/artifacts/DependencyResolutionListener
instanceKlass org/gradle/execution/taskgraph/TaskListenerInternal
instanceKlass org/gradle/api/ProjectEvaluationListener
instanceKlass org/gradle/profile/ProfileListener
instanceKlass org/gradle/profile/BuildProfileServices$1
instanceKlass org/gradle/vcs/internal/resolver/VcsDependencyResolver
instanceKlass org/gradle/vcs/internal/resolver/VcsVersionWorkingDirResolver
instanceKlass org/gradle/vcs/internal/services/VersionControlServices$VersionControlBuildServices
instanceKlass org/gradle/tooling/provider/model/ToolingModelBuilder
instanceKlass org/gradle/language/cpp/internal/tooling/ToolingNativeServices$ToolingModelRegistration
instanceKlass org/gradle/authentication/aws/AwsImAuthentication
instanceKlass org/gradle/internal/resource/transport/aws/s3/S3ResourcesPluginServiceRegistry$AuthenticationSchemeAction
instanceKlass org/gradle/nativeplatform/toolchain/internal/metadata/CompilerMetaDataProvider
instanceKlass org/gradle/nativeplatform/toolchain/internal/metadata/CompilerMetaDataProviderFactory
instanceKlass java/lang/invoke/LambdaForm$DMH
instanceKlass org/gradle/nativeplatform/internal/resolve/LibraryBinaryLocator
instanceKlass org/gradle/nativeplatform/internal/resolve/NativeDependencyResolver
instanceKlass org/gradle/nativeplatform/internal/resolve/NativeDependencyResolverServices
instanceKlass org/gradle/language/cpp/internal/NativeDependencyCache
instanceKlass org/gradle/ide/xcode/internal/xcodeproj/GidGenerator
instanceKlass org/gradle/ide/xcode/internal/services/XcodeServices$GlobalIdGeneratorServices
instanceKlass org/gradle/plugins/ide/internal/configurer/UniqueProjectNameProvider
instanceKlass org/gradle/plugins/ide/internal/tooling/ToolingModelServices$BuildScopeToolingServices
instanceKlass org/gradle/plugin/use/resolve/internal/PluginResolverContributor
instanceKlass org/gradle/composite/internal/CompositeBuildServices$CompositeBuildBuildScopeServices
instanceKlass org/gradle/caching/http/internal/HttpBuildCacheServiceServices$$Lambda$49
instanceKlass org/apache/http/HttpRequest
instanceKlass org/apache/http/HttpMessage
instanceKlass org/gradle/caching/http/internal/HttpBuildCacheRequestCustomizer
instanceKlass org/gradle/caching/http/internal/DefaultHttpBuildCacheServiceFactory
instanceKlass org/gradle/caching/BuildCacheServiceFactory
instanceKlass org/gradle/caching/configuration/AbstractBuildCache
instanceKlass org/gradle/caching/configuration/BuildCache
instanceKlass org/gradle/caching/configuration/internal/DefaultBuildCacheServiceRegistration
instanceKlass org/gradle/maven/MavenPomArtifact
instanceKlass org/gradle/maven/MavenModule
instanceKlass org/gradle/api/publish/maven/internal/publisher/MavenPublishers
instanceKlass org/gradle/api/publish/maven/internal/dependencies/VersionRangeMapper
instanceKlass org/gradle/api/publish/maven/internal/MavenPublishServices$ComponentRegistrationAction
instanceKlass org/gradle/api/publish/internal/validation/DuplicatePublicationTracker
instanceKlass org/gradle/api/internal/artifacts/ivyservice/projectmodule/DefaultProjectDependencyPublicationResolver
instanceKlass org/gradle/api/internal/artifacts/ivyservice/projectmodule/ProjectDependencyPublicationResolver
instanceKlass org/gradle/jvm/toolchain/internal/LocationListInstallationSupplier
instanceKlass org/gradle/jvm/toolchain/internal/EnvironmentVariableListInstallationSupplier
instanceKlass org/gradle/jvm/toolchain/internal/AutoDetectingInstallationSupplier
instanceKlass org/gradle/jvm/toolchain/internal/InstallationSupplier
instanceKlass org/gradle/jvm/toolchain/internal/JavaInstallationRegistry
instanceKlass org/gradle/jvm/toolchain/install/internal/JdkCacheDirectory
instanceKlass org/gradle/language/base/artifact/SourcesArtifact
instanceKlass org/gradle/jvm/JvmLibrary
instanceKlass org/gradle/platform/base/Library
instanceKlass org/gradle/language/jvm/internal/JvmPluginServiceRegistry$ComponentRegistrationAction
instanceKlass org/gradle/ivy/IvyDescriptorArtifact
instanceKlass org/gradle/api/component/Artifact
instanceKlass org/gradle/api/internal/component/DefaultComponentTypeRegistry$DefaultComponentTypeRegistration
instanceKlass org/gradle/ivy/IvyModule
instanceKlass org/gradle/api/component/Component
instanceKlass org/gradle/api/internal/component/ComponentTypeRegistration
instanceKlass org/gradle/api/internal/component/DefaultComponentTypeRegistry
instanceKlass org/gradle/api/publish/ivy/internal/publisher/IvyPublisher
instanceKlass org/gradle/api/publish/ivy/internal/IvyServices$BuildServices
instanceKlass org/gradle/api/internal/resolve/ProjectModelResolver
instanceKlass org/gradle/platform/base/internal/registry/ComponentModelBaseServiceRegistry$BuildScopeServices
instanceKlass org/gradle/plugin/use/tracker/internal/PluginVersionTracker
instanceKlass org/gradle/api/internal/plugins/PluginDescriptorLocator
instanceKlass org/gradle/plugin/use/resolve/internal/PluginResolutionResult
instanceKlass org/gradle/plugin/use/internal/DefaultPluginRequestApplicator
instanceKlass org/gradle/plugin/use/resolve/internal/PluginResolver
instanceKlass org/gradle/plugin/use/internal/PluginResolverFactory
instanceKlass org/gradle/plugin/management/internal/PluginResolutionStrategyInternal
instanceKlass org/gradle/plugin/management/PluginResolutionStrategy
instanceKlass org/gradle/plugin/use/resolve/internal/PluginRepositoriesProvider
instanceKlass org/gradle/plugin/use/internal/PluginDependencyResolutionServices
instanceKlass org/gradle/api/internal/artifacts/DependencyResolutionServices
instanceKlass org/gradle/plugin/use/resolve/service/internal/ClientInjectedClasspathPluginResolver
instanceKlass org/gradle/api/internal/artifacts/dsl/dependencies/ProjectFinder
instanceKlass org/gradle/plugin/management/internal/autoapply/AutoAppliedPluginRegistry
instanceKlass org/gradle/plugin/internal/PluginUsePluginServiceRegistry$BuildScopeServices
instanceKlass org/gradle/authentication/http/HttpHeaderAuthentication
instanceKlass org/gradle/authentication/http/DigestAuthentication
instanceKlass org/gradle/internal/authentication/AbstractAuthentication
instanceKlass org/gradle/internal/authentication/AuthenticationInternal
instanceKlass org/gradle/authentication/http/BasicAuthentication
instanceKlass org/gradle/authentication/Authentication
instanceKlass org/gradle/internal/authentication/DefaultAuthenticationSchemeRegistry
instanceKlass org/gradle/internal/resource/transport/http/HttpResourcesPluginServiceRegistry$AuthenticationSchemeAction
instanceKlass org/gradle/api/internal/artifacts/transform/TransformationNodeDependencyResolver
instanceKlass org/gradle/internal/component/model/ComponentResolveMetadata
instanceKlass org/gradle/api/internal/artifacts/ivyservice/projectmodule/ProjectArtifactSetResolver
instanceKlass org/gradle/api/internal/artifacts/ivyservice/projectmodule/ProjectArtifactResolver
instanceKlass org/gradle/internal/component/external/model/ModuleComponentArtifactMetadata
instanceKlass org/gradle/internal/component/model/ComponentArtifactMetadata
instanceKlass org/gradle/api/internal/artifacts/ivyservice/ivyresolve/ResolverProviderFactory
instanceKlass org/gradle/internal/resource/local/LocallyAvailableResourceFinder
instanceKlass org/gradle/internal/resource/local/GroupedAndNamedUniqueFileStore
instanceKlass org/gradle/internal/resource/cached/AbstractCachedIndex
instanceKlass org/gradle/internal/management/DependencyResolutionManagementInternal
instanceKlass org/gradle/api/initialization/resolve/DependencyResolutionManagement
instanceKlass org/gradle/internal/verifier/HttpRedirectVerifier
instanceKlass org/gradle/api/internal/runtimeshaded/RuntimeShadedJarFactory
instanceKlass org/gradle/api/internal/artifacts/DefaultProjectDependencyFactory
instanceKlass org/gradle/api/internal/artifacts/ivyservice/modulecache/ModuleRepositoryCaches
instanceKlass org/gradle/api/internal/artifacts/repositories/metadata/MavenMutableModuleMetadataFactory
instanceKlass org/gradle/api/internal/artifacts/repositories/metadata/IvyMutableModuleMetadataFactory
instanceKlass org/gradle/api/internal/artifacts/repositories/metadata/MutableModuleMetadataFactory
instanceKlass org/gradle/api/internal/artifacts/ivyservice/modulecache/ModuleSourcesSerializer
instanceKlass org/gradle/internal/resolve/caching/CrossBuildCachingRuleExecutor
instanceKlass org/gradle/internal/resolve/caching/CachingRuleExecutor
instanceKlass org/gradle/api/internal/artifacts/ivyservice/resolveengine/excludes/ModuleExclusions
instanceKlass org/gradle/api/internal/artifacts/ivyservice/projectmodule/ProjectDependencyResolver
instanceKlass org/gradle/api/internal/artifacts/ivyservice/ivyresolve/ComponentResolvers
instanceKlass org/gradle/internal/resolve/resolver/OriginArtifactSelector
instanceKlass org/gradle/internal/resolve/resolver/ArtifactResolver
instanceKlass org/gradle/internal/resolve/resolver/DependencyToComponentIdResolver
instanceKlass org/gradle/internal/resolve/resolver/ComponentMetaDataResolver
instanceKlass org/gradle/api/internal/artifacts/ivyservice/ivyresolve/ResolveIvyFactory
instanceKlass org/gradle/api/internal/artifacts/ivyservice/ivyresolve/verification/DependencyVerificationOverride
instanceKlass org/gradle/api/internal/artifacts/ivyservice/modulecache/ModuleRepositoryCacheProvider
instanceKlass org/gradle/api/internal/filestore/DefaultArtifactIdentifierFileStore$Factory
instanceKlass org/gradle/internal/resource/cached/DefaultExternalResourceFileStore$Factory
instanceKlass org/gradle/api/internal/artifacts/ivyservice/ivyresolve/strategy/VersionParser
instanceKlass org/gradle/api/internal/artifacts/repositories/transport/RepositoryTransportFactory
instanceKlass org/gradle/api/internal/artifacts/ivyservice/modulecache/FileStoreAndIndexProvider
instanceKlass org/gradle/internal/resource/TextUriResourceLoader$Factory
instanceKlass org/gradle/util/internal/SimpleMapInterner
instanceKlass org/gradle/api/internal/filestore/ArtifactIdentifierFileStore
instanceKlass org/gradle/initialization/DependenciesAccessors
instanceKlass org/gradle/api/internal/artifacts/ComponentSelectorConverter
instanceKlass org/gradle/api/internal/artifacts/mvnsettings/LocalMavenRepositoryLocator
instanceKlass org/gradle/internal/resource/TextUriResourceLoader
instanceKlass org/gradle/api/internal/artifacts/repositories/resolver/ExternalResourceAccessor
instanceKlass org/gradle/api/internal/artifacts/verification/signatures/SignatureVerificationServiceFactory
instanceKlass org/gradle/api/internal/artifacts/ivyservice/resolveengine/result/AttributeContainerSerializer
instanceKlass org/gradle/api/internal/artifacts/component/ComponentIdentifierFactory
instanceKlass org/gradle/api/internal/artifacts/ivyservice/modulecache/dynamicversions/AbstractModuleVersionsCache
instanceKlass org/gradle/api/internal/artifacts/ivyservice/modulecache/dynamicversions/ModuleVersionsCache
instanceKlass org/gradle/api/internal/artifacts/ivyservice/modulecache/AbstractModuleMetadataCache
instanceKlass org/gradle/api/internal/artifacts/ivyservice/modulecache/ModuleMetadataCache
instanceKlass org/gradle/api/internal/artifacts/ivyservice/modulecache/artifacts/AbstractArtifactsCache
instanceKlass org/gradle/api/internal/artifacts/ivyservice/modulecache/artifacts/ModuleArtifactsCache
instanceKlass org/gradle/api/internal/artifacts/ivyservice/modulecache/artifacts/ModuleArtifactCache
instanceKlass org/gradle/api/internal/artifacts/ivyservice/ivyresolve/strategy/VersionComparator
instanceKlass org/gradle/api/internal/artifacts/ivyservice/ivyresolve/RepositoryDisabler
instanceKlass org/gradle/api/internal/artifacts/ArtifactDependencyResolver
instanceKlass org/gradle/api/internal/artifacts/ivyservice/projectmodule/ProjectPublicationRegistry
instanceKlass org/gradle/internal/resource/cached/CachedExternalResourceIndex
instanceKlass org/gradle/internal/resource/cached/ExternalResourceFileStore
instanceKlass org/gradle/internal/resource/local/FileStoreSearcher
instanceKlass org/gradle/internal/resource/local/FileStore
instanceKlass org/gradle/api/internal/artifacts/ivyservice/ivyresolve/strategy/VersionSelectorScheme
instanceKlass org/gradle/api/internal/artifacts/mvnsettings/MavenSettingsProvider
instanceKlass org/gradle/api/internal/artifacts/mvnsettings/MavenFileLocations
instanceKlass org/gradle/internal/execution/steps/DeferredExecutionAwareStep
instanceKlass org/gradle/internal/execution/steps/Step
instanceKlass org/gradle/api/internal/artifacts/DependencyManagementBuildScopeServices
instanceKlass java/lang/invoke/LambdaForm$DMH
instanceKlass org/gradle/api/internal/artifacts/dsl/dependencies/DependencyFactory
instanceKlass org/gradle/kotlin/dsl/provider/KotlinScriptEvaluator
instanceKlass org/gradle/internal/execution/ExecutionEngine
instanceKlass org/gradle/kotlin/dsl/provider/ClassPathModeExceptionCollector
instanceKlass org/gradle/kotlin/dsl/provider/KotlinScriptClassPathProvider
instanceKlass org/gradle/kotlin/dsl/provider/PluginRequestsHandler
instanceKlass org/gradle/plugin/management/internal/autoapply/AutoAppliedPluginHandler
instanceKlass org/gradle/plugin/use/internal/PluginRequestApplicator
instanceKlass kotlin/jvm/functions/Function2
instanceKlass kotlin/Function
instanceKlass org/gradle/kotlin/dsl/provider/BuildServices
instanceKlass org/gradle/kotlin/dsl/concurrent/AsyncIOScopeFactory
instanceKlass org/gradle/kotlin/dsl/concurrent/BuildServices
instanceKlass org/gradle/caching/configuration/internal/BuildCacheConfigurationInternal
instanceKlass org/gradle/caching/configuration/BuildCacheConfiguration
instanceKlass org/gradle/caching/configuration/internal/BuildCacheServiceRegistration
instanceKlass org/gradle/caching/local/internal/DirectoryBuildCacheFileStoreFactory
instanceKlass org/gradle/caching/internal/BuildCacheServices$2
instanceKlass org/gradle/configuration/project/ProjectEvaluator
instanceKlass org/gradle/api/internal/artifacts/ivyservice/projectmodule/LocalComponentRegistry
instanceKlass org/gradle/api/internal/artifacts/ivyservice/projectmodule/LocalComponentProvider
instanceKlass org/gradle/configurationcache/DefaultBuildModelControllerServices$VintageModelProvider
instanceKlass org/gradle/api/internal/project/CrossProjectModelAccess
instanceKlass org/gradle/configurationcache/DefaultBuildModelControllerServices$VintageIsolatedProjectsProvider
instanceKlass org/gradle/configurationcache/services/DefaultEnvironment
instanceKlass org/gradle/internal/build/BuildModelController
instanceKlass org/gradle/configurationcache/DefaultBuildModelControllerServices$VintageBuildControllerProvider
instanceKlass org/gradle/configurationcache/DeprecatedFeaturesListenerManagerAction
instanceKlass org/gradle/internal/service/scopes/BuildScopeListenerManagerAction
instanceKlass org/gradle/configurationcache/DefaultBuildModelControllerServices$ServicesProvider
instanceKlass org/gradle/internal/composite/DefaultBuildIncluder
instanceKlass org/gradle/internal/build/BuildWorkGraph
instanceKlass org/gradle/internal/build/ExportedTaskNode
instanceKlass org/gradle/internal/build/DefaultBuildWorkGraphController
instanceKlass org/gradle/internal/build/BuildWorkGraphController
instanceKlass org/gradle/execution/plan/WorkNodeDependencyResolver
instanceKlass org/gradle/execution/plan/TaskNodeDependencyResolver
instanceKlass org/gradle/execution/plan/DependencyResolver
instanceKlass org/gradle/api/internal/tasks/WorkDependencyResolver
instanceKlass org/gradle/internal/execution/WorkValidationContext
instanceKlass org/gradle/internal/execution/WorkValidationContext$TypeOriginInspector
instanceKlass org/gradle/initialization/layout/ResolvedBuildLayout
instanceKlass org/gradle/internal/build/BuildIncluder
instanceKlass org/gradle/initialization/SettingsLoader
instanceKlass org/gradle/initialization/DefaultSettingsLoaderFactory
instanceKlass org/gradle/api/internal/project/ProjectFactory
instanceKlass org/gradle/api/internal/project/IProjectFactory
instanceKlass org/gradle/execution/TaskPathProjectEvaluator
instanceKlass org/gradle/api/internal/file/DefaultArchiveOperations
instanceKlass org/gradle/api/file/ArchiveOperations
instanceKlass org/gradle/api/internal/file/DefaultFileSystemOperations
instanceKlass org/gradle/api/file/FileSystemOperations
instanceKlass org/gradle/api/internal/file/delete/DeleteSpecInternal
instanceKlass org/gradle/api/file/DeleteSpec
instanceKlass org/gradle/internal/resource/LocalBinaryResource
instanceKlass org/gradle/internal/resource/ReadableContent
instanceKlass org/gradle/api/resources/internal/ReadableResourceInternal
instanceKlass org/gradle/internal/resource/Resource
instanceKlass org/gradle/api/resources/ReadableResource
instanceKlass org/gradle/api/resources/Resource
instanceKlass org/gradle/api/internal/file/DefaultFileOperations
instanceKlass org/gradle/api/internal/file/FileOperations
instanceKlass org/gradle/process/internal/DefaultExecOperations
instanceKlass org/gradle/process/ExecOperations
instanceKlass org/gradle/internal/service/scopes/BuildScopeServices$$Lambda$48
instanceKlass java/lang/invoke/LambdaForm$DMH
instanceKlass org/gradle/tooling/provider/model/internal/BuildScopeToolingModelBuilderRegistryAction
instanceKlass org/gradle/api/internal/project/ProjectInternal
instanceKlass org/gradle/model/internal/registry/ModelRegistryScope
instanceKlass org/gradle/api/internal/DomainObjectContext
instanceKlass org/gradle/api/internal/file/HasScriptServices
instanceKlass org/gradle/api/internal/project/ProjectIdentifier
instanceKlass org/gradle/api/Project
instanceKlass org/gradle/api/internal/initialization/ScriptClassPathInitializer
instanceKlass org/gradle/tooling/provider/model/internal/DefaultToolingModelBuilderRegistry
instanceKlass org/gradle/tooling/provider/model/internal/ToolingModelBuilderLookup
instanceKlass org/gradle/tooling/provider/model/ToolingModelBuilderRegistry
instanceKlass org/gradle/groovy/scripts/internal/FileCacheBackedScriptClassCompiler
instanceKlass org/gradle/groovy/scripts/internal/DefaultScriptCompilationHandler
instanceKlass org/gradle/configuration/DefaultScriptPluginFactory
instanceKlass org/gradle/api/internal/project/DefaultProjectRegistry
instanceKlass org/gradle/api/internal/artifacts/DependencyManagementServices
instanceKlass org/gradle/initialization/Environment
instanceKlass org/gradle/initialization/InitScriptHandler
instanceKlass org/gradle/initialization/buildsrc/BuildSourceBuilder
instanceKlass org/gradle/execution/ProjectConfigurer
instanceKlass org/gradle/api/internal/plugins/PluginInspector
instanceKlass org/gradle/initialization/SettingsLoaderFactory
instanceKlass org/gradle/internal/service/scopes/BuildScopeServiceRegistryFactory
instanceKlass org/gradle/internal/service/scopes/ServiceRegistryFactory
instanceKlass org/gradle/api/provider/ProviderFactory
instanceKlass org/gradle/api/internal/properties/GradleProperties
instanceKlass org/gradle/api/internal/tasks/TaskStatistics
instanceKlass org/gradle/api/internal/resources/DefaultResourceHandler$Factory
instanceKlass org/gradle/api/internal/resources/ApiTextResourceAdapter$Factory
instanceKlass org/gradle/execution/plan/ExecutionNodeAccessHierarchies
instanceKlass org/gradle/execution/plan/TaskDependencyResolver
instanceKlass org/gradle/execution/plan/TaskNodeFactory
instanceKlass org/gradle/api/internal/GradleInternal
instanceKlass org/gradle/api/internal/plugins/PluginAwareInternal
instanceKlass org/gradle/api/invocation/Gradle
instanceKlass org/gradle/api/plugins/PluginAware
instanceKlass org/gradle/execution/plan/ExecutionPlanFactory
instanceKlass org/gradle/internal/operations/logging/BuildOperationLoggerFactory
instanceKlass org/gradle/internal/authentication/AuthenticationSchemeRegistry
instanceKlass org/gradle/groovy/scripts/internal/ScriptCompilationHandler
instanceKlass org/gradle/configuration/CompileOperationFactory
instanceKlass org/gradle/api/internal/component/ComponentTypeRegistry
instanceKlass org/gradle/groovy/scripts/ScriptCompilerFactory
instanceKlass org/gradle/groovy/scripts/internal/ScriptClassCompiler
instanceKlass org/gradle/internal/actor/ActorFactory
instanceKlass org/gradle/internal/resource/TextFileResourceLoader
instanceKlass org/gradle/initialization/ProjectDescriptorRegistry
instanceKlass org/gradle/api/internal/project/ProjectRegistry
instanceKlass org/gradle/groovy/scripts/internal/ScriptRunnerFactory
instanceKlass org/gradle/api/invocation/BuildInvocationDetails
instanceKlass org/gradle/api/internal/plugins/PluginRegistry
instanceKlass org/gradle/execution/TaskSelector
instanceKlass org/gradle/api/internal/initialization/ScriptHandlerFactory
instanceKlass org/gradle/api/internal/initialization/ScriptClassPathResolver
instanceKlass org/gradle/api/internal/project/taskfactory/ITaskFactory
instanceKlass org/gradle/api/internal/project/IsolatedAntBuilder
instanceKlass org/gradle/initialization/SettingsProcessor
instanceKlass org/gradle/configuration/ScriptPluginFactory
instanceKlass org/gradle/initialization/GradlePropertiesController
instanceKlass org/gradle/initialization/IGradlePropertiesLoader
instanceKlass org/gradle/internal/build/PublicBuildPath
instanceKlass org/gradle/configuration/InitScriptProcessor
instanceKlass org/gradle/api/internal/tasks/userinput/BuildScanUserInputHandler
instanceKlass org/gradle/configuration/ProjectsPreparer
instanceKlass org/gradle/api/internal/artifacts/configurations/DependencyMetaDataProvider
instanceKlass org/gradle/initialization/SettingsPreparer
instanceKlass org/gradle/api/internal/project/ProjectTaskLister
instanceKlass org/gradle/initialization/BuildLoader
instanceKlass org/gradle/api/internal/provider/ValueSourceProviderFactory
instanceKlass org/gradle/cache/scopes/BuildScopedCache
instanceKlass org/gradle/execution/plan/NodeValidator
instanceKlass org/gradle/internal/build/BuildWorkPreparer
instanceKlass org/gradle/configurationcache/DefaultBuildModelControllerServices$servicesForBuild$1
instanceKlass org/gradle/internal/build/BuildModelControllerServices$Supplier
instanceKlass org/gradle/internal/buildtree/BuildTreeFinishExecutor
instanceKlass org/gradle/internal/buildtree/BuildTreeWorkExecutor
instanceKlass org/gradle/internal/composite/IncludedBuildInternal
instanceKlass org/gradle/api/initialization/IncludedBuild
instanceKlass org/gradle/api/artifacts/component/ProjectComponentIdentifier
instanceKlass org/gradle/api/artifacts/component/ComponentIdentifier
instanceKlass org/gradle/internal/build/AbstractBuildState
instanceKlass org/gradle/internal/Actions$NullAction
instanceKlass org/gradle/internal/Actions
instanceKlass org/gradle/plugin/management/internal/PluginRequests$EmptyPluginRequests
instanceKlass org/gradle/plugin/management/internal/PluginRequests
instanceKlass org/gradle/api/internal/BuildDefinition
instanceKlass java/util/TimSort
instanceKlass org/gradle/internal/buildtree/ProblemReportingBuildActionRunner$$Lambda$47
instanceKlass java/lang/invoke/LambdaForm$DMH
instanceKlass org/gradle/launcher/exec/ChainingBuildActionRunner
instanceKlass org/gradle/internal/buildtree/ProblemReportingBuildActionRunner
instanceKlass org/gradle/launcher/exec/BuildOutcomeReportingBuildActionRunner
instanceKlass org/gradle/tooling/internal/provider/FileSystemWatchingBuildActionRunner
instanceKlass org/gradle/launcher/exec/BuildCompletionNotifyingBuildActionRunner
instanceKlass org/gradle/launcher/exec/RootBuildLifecycleBuildActionExecutor
instanceKlass org/gradle/initialization/exception/StackTraceSanitizingExceptionAnalyser
instanceKlass org/gradle/initialization/exception/DefaultExceptionAnalyser
instanceKlass org/gradle/internal/scripts/ScriptExecutionListener
instanceKlass org/gradle/initialization/exception/MultipleBuildFailuresExceptionAnalyser
instanceKlass org/gradle/internal/buildtree/DeprecationsReporter
instanceKlass org/gradle/api/artifacts/component/BuildIdentifier
instanceKlass org/gradle/composite/internal/DefaultIncludedBuildRegistry
instanceKlass org/gradle/api/internal/artifacts/ivyservice/dependencysubstitution/DependencySubstitutionsInternal
instanceKlass org/gradle/api/artifacts/DependencySubstitutions
instanceKlass org/gradle/composite/internal/IncludedBuildDependencySubstitutionsBuilder
instanceKlass org/gradle/internal/typeconversion/CompositeNotationConverter
instanceKlass org/gradle/api/capabilities/Capability
instanceKlass org/gradle/api/internal/artifacts/dsl/CapabilityNotationParserFactory
instanceKlass org/gradle/api/internal/attributes/UsageCompatibilityHandler
instanceKlass java/util/Comparator$$Lambda$46
instanceKlass java/lang/invoke/LambdaForm$BMH
instanceKlass java/lang/invoke/LambdaForm$MH
instanceKlass java/lang/invoke/LambdaForm$DMH
instanceKlass java/lang/invoke/LambdaForm$BMH
instanceKlass java/lang/invoke/LambdaForm$BMH
instanceKlass org/gradle/api/internal/attributes/DefaultImmutableAttributes$$Lambda$45
instanceKlass org/gradle/api/attributes/Attribute
instanceKlass org/gradle/api/internal/attributes/DefaultImmutableAttributes
instanceKlass org/gradle/api/internal/attributes/AttributeValue
instanceKlass org/gradle/api/internal/attributes/ImmutableAttributes
instanceKlass org/gradle/api/internal/attributes/AttributeContainerInternal
instanceKlass org/gradle/api/attributes/AttributeContainer
instanceKlass org/gradle/api/attributes/HasAttributes
instanceKlass org/gradle/internal/isolation/Isolatable
instanceKlass org/gradle/internal/hash/Hashable
instanceKlass org/gradle/internal/snapshot/impl/DefaultIsolatableFactory$IsolatableVisitor
instanceKlass org/gradle/internal/snapshot/impl/AbstractValueProcessor$ValueVisitor
instanceKlass org/gradle/internal/snapshot/impl/AbstractValueProcessor
instanceKlass com/google/common/cache/LocalCache$StrongValueReference
instanceKlass org/gradle/api/internal/provider/ManagedFactories$ProviderManagedFactory
instanceKlass org/gradle/api/internal/provider/ManagedFactories$PropertyManagedFactory
instanceKlass org/gradle/api/internal/provider/ManagedFactories$MapPropertyManagedFactory
instanceKlass org/gradle/api/internal/provider/ManagedFactories$ListPropertyManagedFactory
instanceKlass org/gradle/api/internal/provider/AbstractMinimalProvider
instanceKlass org/gradle/api/internal/provider/CollectionPropertyInternal
instanceKlass org/gradle/api/internal/provider/CollectionProviderInternal
instanceKlass org/gradle/api/internal/provider/PropertyInternal
instanceKlass org/gradle/internal/state/OwnerAware
instanceKlass org/gradle/api/internal/provider/HasConfigurableValueInternal
instanceKlass org/gradle/api/internal/provider/ProviderInternal
instanceKlass org/gradle/api/internal/provider/ValueSupplier
instanceKlass org/gradle/api/internal/provider/ManagedFactories$SetPropertyManagedFactory
instanceKlass org/gradle/api/internal/file/ManagedFactories$DirectoryPropertyManagedFactory
instanceKlass org/gradle/api/internal/file/ManagedFactories$DirectoryManagedFactory
instanceKlass org/gradle/api/internal/file/ManagedFactories$RegularFilePropertyManagedFactory
instanceKlass org/gradle/api/internal/file/ManagedFactories$RegularFileManagedFactory
instanceKlass org/gradle/api/internal/file/collections/ManagedFactories$ConfigurableFileCollectionManagedFactory
instanceKlass org/gradle/internal/state/DefaultManagedFactoryRegistry
instanceKlass org/gradle/internal/classloader/ConfigurableClassLoaderHierarchyHasher
instanceKlass java/util/Collections$SynchronizedMap
instanceKlass org/gradle/internal/classloader/DefaultClassLoaderFactory
instanceKlass org/gradle/api/internal/initialization/loadercache/DefaultClasspathHasher
instanceKlass javax/annotation/meta/TypeQualifierDefault
instanceKlass javax/annotation/Nonnull
instanceKlass org/gradle/api/NonNullApi
instanceKlass org/gradle/api/internal/changedetection/state/PropertiesFileAwareClasspathResourceHasher$$Lambda$44
instanceKlass org/gradle/api/internal/changedetection/state/PropertiesFileAwareClasspathResourceHasher$$Lambda$43
instanceKlass java/lang/invoke/LambdaForm$DMH
instanceKlass org/gradle/internal/fingerprint/impl/EmptyCurrentFileCollectionFingerprint
instanceKlass org/gradle/api/internal/changedetection/state/ZipHasher$$Lambda$42
instanceKlass org/gradle/api/internal/changedetection/state/ZipHasher$HashingExceptionReporter
instanceKlass org/gradle/internal/snapshot/AbstractFileSystemLocationSnapshot
instanceKlass org/gradle/internal/snapshot/FileSystemLeafSnapshot
instanceKlass org/gradle/api/internal/file/archive/ZipInput
instanceKlass org/gradle/internal/fingerprint/hashing/ZipEntryContext
instanceKlass org/gradle/api/internal/changedetection/state/ZipHasher
instanceKlass org/gradle/api/internal/changedetection/state/IgnoringResourceHasher
instanceKlass org/gradle/api/internal/changedetection/state/MetaInfAwareClasspathResourceHasher
instanceKlass org/gradle/api/internal/changedetection/state/PropertiesFileAwareClasspathResourceHasher$$Lambda$41
instanceKlass java/util/function/BiConsumer
instanceKlass java/lang/invoke/LambdaForm$DMH
instanceKlass org/gradle/api/internal/changedetection/state/PropertiesFileAwareClasspathResourceHasher
instanceKlass org/gradle/api/internal/changedetection/state/LineEndingNormalizingResourceHasher$1
instanceKlass org/gradle/api/internal/changedetection/state/LineEndingNormalizingResourceHasher
instanceKlass org/gradle/internal/snapshot/RelativePathTrackingFileSystemSnapshotHierarchyVisitor
instanceKlass org/gradle/internal/fingerprint/CurrentFileCollectionFingerprint
instanceKlass org/gradle/internal/fingerprint/FileCollectionFingerprint
instanceKlass org/gradle/internal/fingerprint/impl/AbstractFingerprintingStrategy
instanceKlass org/gradle/api/internal/changedetection/state/RuntimeClasspathResourceHasher
instanceKlass org/gradle/api/internal/changedetection/state/PropertiesFileFilter
instanceKlass org/gradle/api/internal/changedetection/state/ResourceEntryFilter$1
instanceKlass org/gradle/api/internal/changedetection/state/ResourceEntryFilter
instanceKlass org/gradle/api/internal/changedetection/state/ResourceFilter$1
instanceKlass org/gradle/api/internal/changedetection/state/ResourceFilter
instanceKlass org/gradle/internal/fingerprint/FingerprintingStrategy
instanceKlass org/gradle/internal/fingerprint/impl/AbstractFileCollectionFingerprinter
instanceKlass org/gradle/internal/execution/fingerprint/FileCollectionSnapshotter$Result
instanceKlass org/gradle/internal/fingerprint/impl/DefaultFileCollectionSnapshotter
instanceKlass org/gradle/internal/fingerprint/impl/DefaultGenericFileTreeSnapshotter
instanceKlass org/gradle/api/internal/changedetection/state/CachingResourceHasher
instanceKlass org/gradle/internal/fingerprint/hashing/ResourceHasher
instanceKlass org/gradle/internal/fingerprint/hashing/ZipEntryContextHasher
instanceKlass org/gradle/internal/fingerprint/hashing/RegularFileSnapshotContextHasher
instanceKlass org/gradle/internal/fingerprint/hashing/ConfigurableNormalizer
instanceKlass org/gradle/api/internal/changedetection/state/DefaultResourceSnapshotterCacheService
instanceKlass org/gradle/internal/typeconversion/NotationParserBuilder$LazyDisplayName
instanceKlass org/gradle/internal/typeconversion/JustReturningParser
instanceKlass org/gradle/api/artifacts/VersionConstraint
instanceKlass org/gradle/internal/typeconversion/TypedNotationConverter
instanceKlass org/gradle/internal/typeconversion/CrossBuildCachingNotationConverter
instanceKlass org/gradle/api/internal/artifacts/DefaultImmutableModuleIdentifierFactory
instanceKlass org/gradle/composite/internal/DefaultBuildableCompositeBuildContext
instanceKlass org/gradle/tooling/internal/provider/serialization/DefaultPayloadClassLoaderRegistry$DetailsToClassLoaderTransformer
instanceKlass org/gradle/tooling/internal/provider/serialization/DefaultPayloadClassLoaderRegistry$ClassLoaderToDetailsTransformer
instanceKlass org/gradle/tooling/internal/provider/serialization/DefaultPayloadClassLoaderRegistry
instanceKlass org/gradle/tooling/internal/provider/serialization/ClassLoaderDetails
instanceKlass org/gradle/tooling/internal/provider/serialization/SerializeMap
instanceKlass org/gradle/tooling/internal/provider/serialization/DeserializeMap
instanceKlass org/gradle/tooling/internal/provider/serialization/WellKnownClassLoaderRegistry
instanceKlass java/io/ObjectInput
instanceKlass java/io/ObjectStreamConstants
instanceKlass java/io/ObjectOutput
instanceKlass org/gradle/tooling/internal/provider/serialization/ModelClassLoaderFactory
instanceKlass org/gradle/tooling/internal/provider/serialization/DaemonSidePayloadClassLoaderFactory
instanceKlass org/gradle/internal/file/impl/SingleDepthFileAccessTracker
instanceKlass org/gradle/cache/internal/SingleDepthFilesFinder
instanceKlass org/gradle/cache/internal/UnusedVersionsCacheCleanup$1
instanceKlass org/gradle/cache/internal/AbstractCacheCleanup
instanceKlass org/gradle/cache/internal/CompositeCleanupAction$Builder
instanceKlass org/gradle/cache/internal/CompositeCleanupAction
instanceKlass org/gradle/internal/service/scopes/VirtualFileSystemServices$GradleUserHomeServices$3
instanceKlass java/util/function/Predicate$$Lambda$40
instanceKlass java/util/stream/ReduceOps$Box
instanceKlass java/util/stream/ReduceOps$AccumulatingSink
instanceKlass java/util/stream/TerminalSink
instanceKlass java/util/stream/Sink
instanceKlass java/util/function/Consumer
instanceKlass java/util/stream/ReduceOps$ReduceOp
instanceKlass java/util/stream/TerminalOp
instanceKlass java/util/stream/ReduceOps
instanceKlass org/gradle/internal/snapshot/impl/DirectorySnapshotter$DefaultExcludes$$Lambda$39
instanceKlass java/util/function/BinaryOperator
instanceKlass java/lang/invoke/LambdaForm$DMH
instanceKlass org/gradle/internal/snapshot/impl/DirectorySnapshotter$DefaultExcludes$$Lambda$38
instanceKlass java/util/stream/StreamOpFlag$MaskBuilder
instanceKlass java/util/stream/PipelineHelper
instanceKlass java/util/stream/Stream
instanceKlass java/util/stream/BaseStream
instanceKlass java/util/stream/StreamSupport
instanceKlass java/util/ArrayList$ArrayListSpliterator
instanceKlass java/util/Spliterator
instanceKlass org/gradle/internal/snapshot/impl/DirectorySnapshotter$DefaultExcludes$$Lambda$37
instanceKlass org/gradle/internal/snapshot/impl/DirectorySnapshotter$DefaultExcludes$$Lambda$36
instanceKlass java/util/function/Predicate$$Lambda$35
instanceKlass org/gradle/internal/snapshot/impl/DirectorySnapshotter$DefaultExcludes$EndMatcher
instanceKlass org/gradle/internal/snapshot/impl/DirectorySnapshotter$DefaultExcludes$StartMatcher
instanceKlass org/gradle/internal/snapshot/impl/DirectorySnapshotter$DefaultExcludes
instanceKlass org/gradle/internal/snapshot/impl/DirectorySnapshotter$1
instanceKlass org/gradle/internal/snapshot/impl/DirectorySnapshotter$SymbolicLinkMapping
instanceKlass java/nio/file/FileVisitor
instanceKlass org/gradle/internal/snapshot/impl/DirectorySnapshotter
instanceKlass com/google/common/util/concurrent/Striped$1
instanceKlass com/google/common/util/concurrent/Striped$6
instanceKlass java/util/concurrent/locks/ReadWriteLock
instanceKlass com/google/common/util/concurrent/Striped$5
instanceKlass com/google/common/util/concurrent/Striped
instanceKlass org/gradle/internal/vfs/impl/DefaultFileSystemAccess$StripedProducerGuard
instanceKlass java/nio/file/attribute/PosixFilePermissions$1
instanceKlass java/nio/file/attribute/PosixFilePermissions
instanceKlass org/apache/tools/ant/util/FileUtils
instanceKlass org/apache/tools/ant/taskdefs/condition/Os
instanceKlass org/apache/tools/ant/taskdefs/condition/Condition
instanceKlass org/apache/tools/ant/types/resources/Appendable
instanceKlass org/apache/tools/ant/types/resources/FileProvider
instanceKlass org/apache/tools/ant/types/resources/Touchable
instanceKlass org/apache/tools/ant/ProjectComponent
instanceKlass org/apache/tools/ant/types/ResourceCollection
instanceKlass org/apache/tools/ant/DirectoryScanner
instanceKlass org/apache/tools/ant/types/ResourceFactory
instanceKlass org/apache/tools/ant/types/selectors/SelectorScanner
instanceKlass org/apache/tools/ant/FileScanner
instanceKlass org/gradle/internal/snapshot/FileSystemLocationSnapshot
instanceKlass org/gradle/internal/snapshot/FileSystemSnapshot
instanceKlass org/gradle/internal/snapshot/impl/DirectorySnapshotterStatistics
instanceKlass org/gradle/internal/service/scopes/VirtualFileSystemServices$GradleUserHomeServices$$Lambda$34
instanceKlass org/gradle/internal/build/BuildAddedListener
instanceKlass org/gradle/internal/service/scopes/VirtualFileSystemServices$GradleUserHomeServices$$Lambda$33
instanceKlass org/gradle/internal/watch/registry/impl/DaemonDocumentationIndex
instanceKlass org/gradle/internal/snapshot/SnapshotHierarchy$NodeDiffListener
instanceKlass org/gradle/internal/watch/registry/FileWatcherRegistry$ChangeHandler
instanceKlass org/gradle/internal/snapshot/MetadataSnapshot
instanceKlass org/gradle/internal/vfs/impl/AbstractVirtualFileSystem
instanceKlass java/lang/invoke/LambdaForm$MH
instanceKlass org/gradle/internal/service/scopes/VirtualFileSystemServices$GradleUserHomeServices$$Lambda$32
instanceKlass net/rubygrapefruit/platform/internal/jni/AbstractFileEventFunctions$AbstractWatcherBuilder
instanceKlass org/gradle/internal/watch/registry/FileWatcherUpdater
instanceKlass net/rubygrapefruit/platform/file/FileWatcher
instanceKlass org/gradle/internal/watch/registry/FileWatcherRegistry
instanceKlass org/gradle/internal/watch/registry/FileWatcherProbeRegistry
instanceKlass org/gradle/internal/watch/registry/impl/AbstractFileWatcherRegistryFactory
instanceKlass org/gradle/internal/service/scopes/VirtualFileSystemServices$GradleUserHomeServices$$Lambda$31
instanceKlass java/lang/invoke/LambdaForm$DMH
instanceKlass org/gradle/internal/snapshot/FileSystemNode
instanceKlass org/gradle/internal/snapshot/ChildMap
instanceKlass org/gradle/internal/vfs/impl/DefaultSnapshotHierarchy$1
instanceKlass org/gradle/internal/snapshot/ReadOnlyFileSystemNode
instanceKlass org/gradle/internal/vfs/impl/DefaultSnapshotHierarchy
instanceKlass org/gradle/internal/snapshot/SnapshotHierarchy
instanceKlass org/apache/commons/io/filefilter/IOFileFilter
instanceKlass java/io/FilenameFilter
instanceKlass org/apache/commons/io/FileUtils
instanceKlass com/google/common/hash/PrimitiveSink
instanceKlass com/google/common/io/CharSource
instanceKlass com/google/common/io/Closer$SuppressingSuppressor
instanceKlass com/google/common/io/Closer$Suppressor
instanceKlass com/google/common/io/Closer
instanceKlass com/google/common/io/CharSink
instanceKlass java/io/File$TempDirectory
instanceKlass org/gradle/api/internal/file/temp/TempFiles
instanceKlass org/gradle/internal/watch/vfs/impl/DefaultWatchableFileSystemDetector
instanceKlass net/rubygrapefruit/platform/internal/PosixFileSystems
instanceKlass org/gradle/internal/file/FilePathUtil
instanceKlass org/gradle/internal/file/FileHierarchySet$Node
instanceKlass org/gradle/internal/file/FileHierarchySet$NodeVisitor
instanceKlass org/gradle/cache/internal/DefaultGlobalCacheLocations
instanceKlass org/gradle/internal/nativeintegration/services/NativeServices$3
instanceKlass org/gradle/internal/service/scopes/VirtualFileSystemServices$GradleUserHomeServices$1
instanceKlass org/gradle/internal/file/FileHierarchySet
instanceKlass org/gradle/internal/hash/DefaultFileHasher
instanceKlass org/gradle/api/internal/changedetection/state/CachingFileHasher
instanceKlass com/google/common/collect/MapMakerInternalMap$WeakKeyDummyValueEntry$Helper
instanceKlass com/google/common/collect/MapMakerInternalMap$InternalEntry
instanceKlass com/google/common/collect/MapMakerInternalMap$1
instanceKlass com/google/common/collect/MapMakerInternalMap$WeakValueReference
instanceKlass com/google/common/collect/MapMakerInternalMap$InternalEntryHelper
instanceKlass com/google/common/collect/Interners$InternerImpl
instanceKlass com/google/common/collect/MapMaker
instanceKlass com/google/common/collect/Interners$InternerBuilder
instanceKlass com/google/common/collect/Interners
instanceKlass org/gradle/internal/hash/HashCode
instanceKlass com/google/common/base/Charsets
instanceKlass org/gradle/internal/hash/Hashing$MessageDigestHasher
instanceKlass org/gradle/internal/hash/Hashing$DefaultHasher
instanceKlass org/gradle/internal/hash/PrimitiveHasher
instanceKlass org/gradle/internal/hash/Hasher
instanceKlass org/gradle/internal/hash/Hashing$MessageDigestHashFunction
instanceKlass org/gradle/internal/hash/HashFunction
instanceKlass org/gradle/internal/hash/Hashing
instanceKlass org/gradle/internal/hash/DefaultStreamHasher
instanceKlass org/gradle/api/internal/changedetection/state/FileTimeStampInspector$$Lambda$30
instanceKlass org/gradle/api/internal/changedetection/state/FileHasherStatistics
instanceKlass org/apache/commons/lang/StringUtils
instanceKlass org/gradle/api/internal/artifacts/ivyservice/DefaultArtifactCaches$$Lambda$29
instanceKlass org/gradle/api/internal/artifacts/ivyservice/WritableArtifactCacheLockingManager
instanceKlass org/gradle/api/internal/artifacts/ivyservice/DefaultArtifactCaches$LateInitWritableArtifactCacheLockingManager
instanceKlass com/google/common/primitives/IntsMethodsForWeb
instanceKlass org/apache/commons/lang/ArrayUtils
instanceKlass org/gradle/cache/internal/CacheVersion
instanceKlass org/gradle/util/internal/DefaultGradleVersion$Stage
instanceKlass org/gradle/cache/internal/CacheVersionMapping$Builder
instanceKlass org/gradle/cache/internal/CacheVersionMapping$1
instanceKlass org/gradle/cache/internal/CacheVersionMapping
instanceKlass org/gradle/api/internal/artifacts/ivyservice/DefaultArtifactCacheMetadata
instanceKlass org/gradle/api/internal/artifacts/ivyservice/ArtifactCacheLockingManager
instanceKlass org/gradle/api/internal/artifacts/ivyservice/ArtifactCacheMetadata
instanceKlass org/gradle/api/internal/artifacts/ivyservice/DefaultArtifactCaches
instanceKlass org/gradle/api/internal/artifacts/DependencyManagementGradleUserHomeScopeServices$1
instanceKlass org/gradle/api/internal/changedetection/state/DefaultFileAccessTimeJournal$$Lambda$28
instanceKlass org/gradle/cache/internal/DefaultCacheAccess$IndexedCacheEntry
instanceKlass org/gradle/cache/internal/locklistener/FileLockPacketPayload
instanceKlass java/net/DatagramPacket$1
instanceKlass org/gradle/cache/internal/locklistener/DefaultFileLockContentionHandler$ContendedAction
instanceKlass org/gradle/cache/internal/locklistener/DefaultFileLockContentionHandler$1
instanceKlass org/gradle/internal/Factories$1
instanceKlass org/gradle/internal/Factories
instanceKlass org/gradle/cache/internal/CrossProcessSynchronizingCache
instanceKlass org/gradle/cache/internal/InMemoryDecoratedCache
instanceKlass org/gradle/cache/internal/InMemoryCacheController
instanceKlass com/google/common/cache/LongAddables$1
instanceKlass com/google/common/cache/Striped64$Cell
instanceKlass com/google/common/cache/Striped64$1
instanceKlass com/google/common/cache/LongAddable
instanceKlass com/google/common/cache/LongAddables
instanceKlass com/google/common/cache/AbstractCache$SimpleStatsCounter
instanceKlass org/gradle/cache/internal/LoggingEvictionListener
instanceKlass java/lang/invoke/LambdaForm$MH
instanceKlass java/lang/invoke/LambdaForm$DMH
instanceKlass java/lang/invoke/LambdaForm$DMH
instanceKlass org/gradle/cache/internal/DefaultInMemoryCacheDecoratorFactory$$Lambda$27
instanceKlass org/gradle/cache/internal/DefaultInMemoryCacheDecoratorFactory$CacheDetails
instanceKlass org/gradle/cache/internal/AsyncCacheAccessDecoratedCache
instanceKlass org/gradle/cache/internal/CacheAccessWorker
instanceKlass org/gradle/cache/internal/DefaultMultiProcessSafePersistentIndexedCache
instanceKlass org/gradle/cache/internal/DefaultCacheAccess$$Lambda$26
instanceKlass org/gradle/cache/internal/btree/BTreePersistentIndexedCache
instanceKlass org/gradle/cache/internal/DefaultInMemoryCacheDecoratorFactory$InMemoryCacheDecorator
instanceKlass org/gradle/cache/PersistentIndexedCacheParameters
instanceKlass org/gradle/api/internal/changedetection/state/DefaultFileAccessTimeJournal
instanceKlass org/gradle/cache/internal/MultiProcessSafeAsyncPersistentIndexedCache
instanceKlass org/gradle/cache/CacheDecorator
instanceKlass org/gradle/cache/internal/DefaultInMemoryCacheDecoratorFactory
instanceKlass org/gradle/cache/internal/DefaultCacheFactory$ReferenceTrackingCache
instanceKlass org/gradle/cache/internal/DefaultCacheFactory$DirCacheReference
instanceKlass org/gradle/cache/internal/cacheops/CacheOperationStack
instanceKlass org/gradle/cache/internal/LockOnDemandCrossProcessCacheAccess$ContendedAction
instanceKlass org/gradle/cache/internal/LockOnDemandCrossProcessCacheAccess$UnlockAction
instanceKlass org/gradle/cache/internal/DefaultCacheAccess$1
instanceKlass org/gradle/cache/internal/DefaultCacheAccess$$Lambda$25
instanceKlass org/gradle/cache/internal/DefaultCacheAccess$$Lambda$24
instanceKlass java/lang/invoke/LambdaForm$DMH
instanceKlass org/gradle/cache/internal/cacheops/CacheAccessOperationsStack
instanceKlass org/gradle/cache/internal/DefaultPersistentDirectoryStore$Cleanup
instanceKlass org/gradle/cache/internal/DefaultPersistentDirectoryStore$1
instanceKlass org/gradle/cache/internal/DefaultPersistentDirectoryStore$2
instanceKlass org/gradle/cache/internal/DefaultCacheAccess$$Lambda$23
instanceKlass java/lang/invoke/LambdaForm$DMH
instanceKlass org/gradle/cache/internal/AbstractCrossProcessCacheAccess
instanceKlass org/gradle/cache/AsyncCacheAccess
instanceKlass org/gradle/cache/CrossProcessCacheAccess
instanceKlass org/gradle/cache/MultiProcessSafePersistentIndexedCache
instanceKlass org/gradle/cache/UnitOfWorkParticipant
instanceKlass org/gradle/cache/PersistentIndexedCache
instanceKlass org/gradle/cache/internal/DefaultCacheAccess
instanceKlass org/gradle/cache/internal/CacheCoordinator
instanceKlass org/gradle/cache/internal/CacheCleanupAction
instanceKlass org/gradle/cache/internal/CacheInitializationAction
instanceKlass org/gradle/cache/internal/DefaultPersistentDirectoryStore
instanceKlass org/gradle/cache/internal/DefaultCacheRepository$PersistentCacheBuilder
instanceKlass org/gradle/cache/internal/scopes/DefaultCacheScopeMapping$1
instanceKlass org/gradle/internal/operations/notify/BuildOperationNotificationBridge$Progress
instanceKlass org/gradle/internal/operations/OperationProgressEvent
instanceKlass org/gradle/initialization/BuildOptionBuildOperationProgressEventsEmitter$1
instanceKlass org/gradle/internal/configurationcache/options/ConfigurationCacheSettingsFinalizedProgressDetails
instanceKlass org/gradle/launcher/exec/BuildTreeLifecycleBuildActionExecutor$$Lambda$22
instanceKlass org/gradle/internal/buildtree/DefaultBuildTreeContext
instanceKlass org/gradle/internal/buildtree/BuildTreeContext
instanceKlass org/gradle/configurationcache/VintageBuildTreeLifecycleControllerFactory
instanceKlass org/gradle/internal/buildtree/BuildTreeLifecycleControllerFactory
instanceKlass org/gradle/configurationcache/initialization/AbstractInjectedClasspathInstrumentationStrategy
instanceKlass org/gradle/plugin/use/resolve/service/internal/InjectedClasspathInstrumentationStrategy
instanceKlass org/gradle/internal/buildtree/BuildInclusionCoordinator
instanceKlass org/gradle/initialization/BuildOptionBuildOperationProgressEventsEmitter
instanceKlass org/gradle/internal/buildtree/BuildTreeLifecycleListener
instanceKlass org/gradle/internal/build/BuildLifecycleController
instanceKlass org/gradle/internal/build/DefaultBuildLifecycleControllerFactory
instanceKlass org/gradle/internal/build/BuildLifecycleControllerFactory
instanceKlass org/gradle/tooling/internal/provider/runner/AbstractClientProvidedBuildActionRunner$ClientAction
instanceKlass org/gradle/tooling/internal/provider/runner/AbstractClientProvidedBuildActionRunner
instanceKlass org/gradle/tooling/internal/provider/runner/TestExecutionRequestActionRunner
instanceKlass org/gradle/internal/buildtree/BuildTreeModelAction
instanceKlass org/gradle/tooling/internal/provider/runner/BuildModelActionRunner
instanceKlass org/gradle/tooling/internal/provider/runner/BuildControllerFactory
instanceKlass kotlin/coroutines/Continuation
instanceKlass org/gradle/configurationcache/fingerprint/ConfigurationCacheFingerprintController
instanceKlass org/gradle/configurationcache/InstrumentedInputAccessListener
instanceKlass org/gradle/internal/classpath/Instrumented$Listener
instanceKlass org/gradle/configurationcache/ConfigurationCacheRepository
instanceKlass org/gradle/configurationcache/DefaultBuildToolingModelControllerFactory
instanceKlass org/gradle/internal/build/BuildToolingModelControllerFactory
instanceKlass org/gradle/configurationcache/DefaultBuildModelControllerServices
instanceKlass org/gradle/internal/build/BuildModelControllerServices
instanceKlass org/gradle/configurationcache/problems/ProblemsListener
instanceKlass org/gradle/configurationcache/initialization/DefaultConfigurationCacheProblemsListener
instanceKlass org/gradle/configurationcache/initialization/ConfigurationCacheProblemsListener
instanceKlass org/gradle/api/internal/BuildScopeListenerRegistrationListener
instanceKlass org/gradle/api/internal/tasks/execution/TaskExecutionAccessListener
instanceKlass org/gradle/configurationcache/problems/ConfigurationCacheReport
instanceKlass org/gradle/configurationcache/initialization/ConfigurationCacheStartParameter
instanceKlass org/gradle/configurationcache/ConfigurationCacheKey
instanceKlass org/gradle/vcs/internal/VcsResolver
instanceKlass org/gradle/vcs/internal/resolver/VcsVersionSelectionCache
instanceKlass org/gradle/vcs/internal/VersionControlSpecFactory
instanceKlass org/gradle/vcs/internal/VcsMappingFactory
instanceKlass org/gradle/vcs/internal/VcsMappingsStore
instanceKlass org/gradle/vcs/internal/services/VersionControlServices$VersionControlBuildTreeServices
instanceKlass org/gradle/plugins/ide/internal/IdeArtifactStore
instanceKlass org/gradle/internal/enterprise/impl/legacy/DefaultBuildScanBuildStartedTime
instanceKlass org/gradle/internal/scan/time/BuildScanBuildStartedTime
instanceKlass org/gradle/internal/enterprise/impl/legacy/DefaultBuildScanClock
instanceKlass org/gradle/internal/scan/time/BuildScanClock
instanceKlass org/gradle/internal/enterprise/impl/DefaultGradleEnterprisePluginRequiredServices
instanceKlass org/gradle/internal/enterprise/GradleEnterprisePluginRequiredServices
instanceKlass org/gradle/composite/internal/DefaultIncludedBuildTaskGraph
instanceKlass org/gradle/composite/internal/BuildTreeWorkGraphController
instanceKlass org/gradle/internal/build/IncludedBuildState
instanceKlass org/gradle/composite/internal/DefaultIncludedBuildFactory
instanceKlass org/gradle/internal/build/StandAloneNestedBuild
instanceKlass org/gradle/internal/build/NestedBuildState
instanceKlass org/gradle/internal/buildtree/NestedBuildTree
instanceKlass org/gradle/internal/build/RootBuildState
instanceKlass org/gradle/internal/build/BuildActionTarget
instanceKlass org/gradle/internal/build/CompositeBuildParticipantBuildState
instanceKlass org/gradle/composite/internal/DefaultLocalComponentInAnotherBuildProvider
instanceKlass org/gradle/api/internal/artifacts/ivyservice/projectmodule/LocalComponentInAnotherBuildProvider
instanceKlass org/gradle/internal/build/IncludedBuildFactory
instanceKlass org/gradle/composite/internal/BuildStateFactory
instanceKlass org/gradle/api/internal/composite/CompositeBuildContext
instanceKlass org/gradle/api/internal/artifacts/ivyservice/dependencysubstitution/DependencySubstitutionRules
instanceKlass org/gradle/composite/internal/CompositeBuildServices$CompositeBuildTreeScopeServices
instanceKlass org/gradle/api/internal/tasks/compile/processing/AnnotationProcessorDetector
instanceKlass org/gradle/language/java/internal/JavaLanguagePluginServiceRegistry$1
instanceKlass org/gradle/api/internal/artifacts/ivyservice/resolveengine/store/ResolutionResultsStoreFactory
instanceKlass org/gradle/api/internal/artifacts/ivyservice/ivyresolve/StartParameterResolutionOverride
instanceKlass org/gradle/util/internal/BuildCommencedTimeProvider
instanceKlass org/gradle/api/internal/artifacts/DependencyManagementBuildTreeScopeServices
instanceKlass org/gradle/caching/internal/controller/RootBuildCacheControllerRef
instanceKlass org/gradle/caching/internal/BuildCacheServices$1
instanceKlass org/gradle/internal/enterprise/core/GradleEnterprisePluginManager
instanceKlass org/gradle/internal/build/BuildStateRegistry
instanceKlass org/gradle/internal/buildtree/BuildTreeActionExecutor
instanceKlass org/gradle/tooling/internal/provider/LauncherServices$ToolingBuildTreeScopeServices
instanceKlass org/gradle/api/internal/project/DefaultProjectStateRegistry
instanceKlass org/gradle/api/internal/project/ProjectStateRegistry
instanceKlass org/gradle/api/internal/provider/ConfigurationTimeBarrier
instanceKlass org/gradle/problems/buildtree/ProblemReporter
instanceKlass org/gradle/internal/buildtree/BuildTreeScopeServices
instanceKlass org/gradle/internal/buildtree/BuildTreeState
instanceKlass org/gradle/configurationcache/DefaultBuildTreeModelControllerServices$servicesForBuildTree$1
instanceKlass org/gradle/internal/buildtree/BuildTreeModelControllerServices$Supplier
instanceKlass org/gradle/internal/buildtree/BuildModelParameters
instanceKlass org/gradle/internal/buildtree/RunTasksRequirements
instanceKlass org/gradle/initialization/layout/BuildLayoutConfiguration
instanceKlass org/gradle/internal/logging/sink/ProgressLogEventGenerator$Operation
instanceKlass org/gradle/internal/logging/progress/DefaultProgressLoggerFactory$ProgressLoggerImpl
instanceKlass org/gradle/internal/operations/notify/BuildOperationNotificationBridge$Started
instanceKlass org/gradle/api/internal/tasks/RegisterTaskBuildOperationType$Details
instanceKlass org/gradle/api/internal/tasks/RealizeTaskBuildOperationType$Details
instanceKlass org/gradle/api/internal/ExecuteDomainObjectCollectionCallbackBuildOperationType$Details
instanceKlass org/gradle/configuration/internal/ExecuteListenerBuildOperationType$Details
instanceKlass org/gradle/configuration/ApplyScriptPluginBuildOperationType$Details
instanceKlass org/gradle/api/internal/plugins/ApplyPluginBuildOperationType$Details
instanceKlass org/gradle/internal/operations/OperationStartEvent
instanceKlass org/gradle/internal/operations/DefaultBuildOperationRunner$DefaultBuildOperationContext
instanceKlass org/gradle/internal/operations/DefaultBuildOperationExecutor$ListenerAdapter
instanceKlass org/gradle/internal/operations/DefaultBuildOperationRunner$BuildOperationTrackingListener
instanceKlass org/gradle/internal/operations/BuildOperationState
instanceKlass org/gradle/internal/operations/OperationIdentifier
instanceKlass org/gradle/internal/operations/DefaultBuildOperationRunner$2
instanceKlass org/gradle/internal/operations/BuildOperationMetadata$1
instanceKlass org/gradle/internal/operations/BuildOperationDescriptor$Builder
instanceKlass org/gradle/internal/operations/BuildOperationDescriptor
instanceKlass org/gradle/internal/operations/DefaultBuildOperationRunner$CallableBuildOperationWorker
instanceKlass org/gradle/launcher/exec/RunAsBuildOperationBuildActionExecutor$3
instanceKlass org/gradle/internal/operations/notify/BuildOperationStartedNotification
instanceKlass org/gradle/internal/operations/notify/BuildOperationProgressNotification
instanceKlass org/gradle/internal/operations/notify/BuildOperationFinishedNotification
instanceKlass org/gradle/internal/operations/notify/BuildOperationNotificationBridge$Adapter
instanceKlass org/gradle/internal/operations/notify/BuildOperationNotificationBridge$RecordingListener
instanceKlass org/gradle/internal/operations/notify/BuildOperationNotificationBridge$ReplayAndAttachListener
instanceKlass org/gradle/internal/operations/notify/BuildOperationNotificationListener
instanceKlass org/gradle/internal/operations/notify/BuildOperationNotificationBridge$State
instanceKlass org/gradle/internal/resources/DefaultResourceLockCoordinationService$AcquireLocks
instanceKlass org/gradle/internal/resources/DefaultResourceLockCoordinationService$2
instanceKlass org/gradle/internal/resources/DefaultResourceLockCoordinationService$DefaultResourceLockState
instanceKlass org/gradle/internal/resources/ResourceLockState
instanceKlass org/gradle/internal/work/DefaultWorkerLeaseService$3
instanceKlass com/google/common/collect/Iterables
instanceKlass com/google/common/util/concurrent/AbstractFuture$Failure
instanceKlass com/google/common/util/concurrent/AbstractFuture$Cancellation
instanceKlass com/google/common/util/concurrent/AbstractFuture$SetFuture
instanceKlass com/google/common/util/concurrent/Uninterruptibles
instanceKlass com/google/common/base/CommonPattern
instanceKlass com/google/common/base/Platform$JdkPatternCompiler
instanceKlass com/google/common/base/PatternCompiler
instanceKlass com/google/common/base/Platform
instanceKlass com/google/common/base/Stopwatch
instanceKlass com/google/common/util/concurrent/AbstractFuture$Waiter
instanceKlass com/google/common/util/concurrent/AbstractFuture$Listener
instanceKlass com/google/common/util/concurrent/AbstractFuture$UnsafeAtomicHelper$1
instanceKlass com/google/common/util/concurrent/AbstractFuture$AtomicHelper
instanceKlass com/google/common/util/concurrent/internal/InternalFutureFailureAccess
instanceKlass com/google/common/util/concurrent/AbstractFuture$Trusted
instanceKlass com/google/common/util/concurrent/ListenableFuture
instanceKlass org/gradle/internal/resources/AbstractResourceLockRegistry$1
instanceKlass org/gradle/internal/work/DefaultWorkerLeaseService$WorkerLeaseLockRegistry$1
instanceKlass org/gradle/internal/resources/AbstractResourceLockRegistry$ThreadLockDetails
instanceKlass org/gradle/launcher/exec/RunAsWorkerThreadBuildActionExecutor$$Lambda$21
instanceKlass org/gradle/internal/buildtree/BuildActionRunner$Result
instanceKlass org/gradle/workers/internal/ExecuteWorkItemBuildOperationType$Details
instanceKlass org/gradle/api/internal/artifacts/transform/ExecuteScheduledTransformationStepBuildOperationDetails
instanceKlass org/gradle/api/internal/artifacts/transform/ExecuteScheduledTransformationStepBuildOperationType$Details
instanceKlass org/gradle/api/internal/tasks/execution/ExecuteTaskBuildOperationDetails
instanceKlass org/gradle/internal/operations/trace/CustomOperationTraceSerialization
instanceKlass org/gradle/api/internal/tasks/execution/ExecuteTaskBuildOperationType$Details
instanceKlass org/gradle/configuration/project/ConfigureProjectBuildOperationType$Details
instanceKlass org/gradle/api/internal/tasks/testing/operations/ExecuteTestBuildOperationType$Details
instanceKlass org/gradle/internal/resource/ExternalResourceReadBuildOperationType$Details
instanceKlass org/gradle/tooling/internal/provider/runner/ClientBuildEventGenerator$Mapper
instanceKlass org/gradle/tooling/internal/provider/runner/ClientBuildEventGenerator$Operation
instanceKlass org/gradle/tooling/internal/provider/runner/ClientBuildEventGenerator
instanceKlass org/gradle/tooling/internal/protocol/events/InternalWorkItemDescriptor
instanceKlass org/gradle/tooling/internal/provider/runner/WorkItemOperationMapper
instanceKlass org/gradle/tooling/internal/protocol/events/InternalProjectConfigurationDescriptor
instanceKlass org/gradle/tooling/internal/protocol/events/InternalProjectConfigurationResult
instanceKlass org/gradle/tooling/internal/provider/runner/ProjectConfigurationOperationMapper
instanceKlass org/gradle/tooling/internal/protocol/events/InternalTestFailureResult
instanceKlass org/gradle/tooling/internal/protocol/events/InternalTestSkippedResult
instanceKlass org/gradle/tooling/internal/protocol/events/InternalTestSuccessResult
instanceKlass org/gradle/tooling/internal/protocol/events/InternalTestResult
instanceKlass org/gradle/tooling/internal/provider/runner/TestOperationMapper
instanceKlass org/gradle/tooling/internal/protocol/events/InternalFileDownloadDescriptor
instanceKlass org/gradle/tooling/internal/protocol/events/InternalFileDownloadResult
instanceKlass org/gradle/tooling/internal/provider/runner/FileDownloadOperationMapper
instanceKlass org/gradle/tooling/internal/provider/runner/TaskOperationMapper$PostProcessors
instanceKlass org/gradle/tooling/internal/protocol/events/InternalTaskFailureResult
instanceKlass org/gradle/tooling/internal/protocol/events/InternalFailureResult
instanceKlass org/gradle/tooling/internal/protocol/events/InternalTaskSkippedResult
instanceKlass org/gradle/tooling/internal/provider/runner/TaskOperationMapper
instanceKlass org/gradle/tooling/internal/protocol/events/InternalJavaCompileTaskOperationResult$InternalAnnotationProcessorResult
instanceKlass org/gradle/tooling/internal/protocol/events/InternalTaskCachedResult
instanceKlass org/gradle/tooling/internal/protocol/events/InternalTaskSuccessResult
instanceKlass org/gradle/tooling/internal/protocol/events/InternalSuccessResult
instanceKlass org/gradle/tooling/internal/protocol/events/InternalJavaCompileTaskOperationResult
instanceKlass org/gradle/internal/build/event/types/AbstractResult
instanceKlass org/gradle/tooling/internal/protocol/events/InternalIncrementalTaskResult
instanceKlass org/gradle/tooling/internal/protocol/events/InternalTaskResult
instanceKlass org/gradle/tooling/internal/protocol/events/InternalOperationResult
instanceKlass org/gradle/api/internal/tasks/compile/tooling/JavaCompileTaskSuccessResultPostProcessor
instanceKlass org/gradle/internal/build/event/OperationResultPostProcessor
instanceKlass org/gradle/tooling/internal/protocol/events/InternalOperationStartedProgressEvent
instanceKlass org/gradle/tooling/internal/protocol/events/InternalOperationFinishedProgressEvent
instanceKlass org/gradle/tooling/internal/protocol/events/InternalProgressEvent
instanceKlass org/gradle/tooling/internal/protocol/events/InternalTransformDescriptor
instanceKlass org/gradle/internal/build/event/types/DefaultOperationDescriptor
instanceKlass org/gradle/tooling/internal/protocol/events/InternalOperationDescriptor
instanceKlass org/gradle/execution/plan/SelfExecutingNode
instanceKlass org/gradle/execution/plan/Node
instanceKlass org/gradle/tooling/internal/provider/runner/TransformOperationMapper
instanceKlass org/gradle/tooling/internal/provider/runner/BuildOperationMapper
instanceKlass org/gradle/tooling/internal/provider/runner/TaskOriginTracker
instanceKlass org/gradle/tooling/internal/provider/runner/ProjectConfigurationTracker
instanceKlass org/gradle/api/Task
instanceKlass org/gradle/api/plugins/ExtensionAware
instanceKlass org/gradle/tooling/internal/provider/runner/TestTaskExecutionTracker
instanceKlass org/gradle/tooling/internal/protocol/events/InternalScriptPluginIdentifier
instanceKlass org/gradle/tooling/internal/protocol/events/InternalBinaryPluginIdentifier
instanceKlass org/gradle/tooling/internal/protocol/events/InternalPluginIdentifier
instanceKlass org/gradle/tooling/internal/provider/runner/PluginApplicationTracker
instanceKlass org/gradle/tooling/internal/provider/runner/BuildOperationTracker
instanceKlass org/gradle/tooling/internal/provider/runner/OperationDependenciesResolver
instanceKlass org/gradle/tooling/internal/provider/runner/ProgressEventConsumer
instanceKlass org/gradle/internal/buildtree/BuildActionModelRequirements
instanceKlass org/gradle/launcher/exec/BuildTreeLifecycleBuildActionExecutor
instanceKlass org/gradle/launcher/exec/RunAsBuildOperationBuildActionExecutor$2
instanceKlass org/gradle/launcher/exec/RunAsBuildOperationBuildActionExecutor$1
instanceKlass org/gradle/launcher/exec/RunBuildBuildOperationType$Result
instanceKlass org/gradle/launcher/exec/RunBuildBuildOperationType$Details
instanceKlass org/gradle/launcher/exec/RunAsBuildOperationBuildActionExecutor
instanceKlass org/gradle/launcher/exec/RunAsWorkerThreadBuildActionExecutor
instanceKlass org/gradle/internal/filewatch/FileWatcherEventListener
instanceKlass org/gradle/execution/CancellableOperationManager
instanceKlass org/gradle/tooling/internal/provider/ContinuousBuildActionExecutor
instanceKlass org/gradle/tooling/internal/provider/SubscribableBuildActionExecutor
instanceKlass org/gradle/internal/scripts/ScriptingLanguages$1
instanceKlass org/gradle/scripts/ScriptingLanguage
instanceKlass org/gradle/internal/scripts/ScriptingLanguages
instanceKlass org/gradle/BuildAdapter
instanceKlass org/gradle/internal/InternalBuildListener
instanceKlass org/gradle/internal/InternalListener
instanceKlass org/gradle/internal/operations/notify/BuildOperationNotificationBridge$1
instanceKlass org/gradle/BuildListener
instanceKlass org/gradle/deployment/internal/DefaultDeploymentRegistry$PendingChanges
instanceKlass org/gradle/initialization/ContinuousExecutionGate$GateKeeper
instanceKlass org/gradle/initialization/DefaultContinuousExecutionGate
instanceKlass org/gradle/internal/operations/CallableBuildOperation
instanceKlass org/gradle/initialization/ContinuousExecutionGate
instanceKlass org/gradle/api/file/SourceDirectorySet
instanceKlass org/gradle/api/internal/model/DefaultObjectFactory
instanceKlass org/gradle/api/internal/model/NamedObjectInstantiator$$Lambda$20
instanceKlass org/gradle/internal/state/Managed
instanceKlass com/google/common/base/ExtraObjectsMethodsForWeb
instanceKlass org/gradle/model/internal/inspect/ValidationProblemCollector
instanceKlass org/gradle/api/internal/MutationGuards$1
instanceKlass org/gradle/api/internal/MutationGuard
instanceKlass org/gradle/api/internal/MutationGuards
instanceKlass org/gradle/api/internal/CollectionCallbackActionDecorator$1
instanceKlass org/gradle/api/internal/collections/DefaultDomainObjectCollectionFactory
instanceKlass org/gradle/api/file/RegularFile
instanceKlass org/gradle/api/file/Directory
instanceKlass org/gradle/api/file/FileSystemLocation
instanceKlass org/gradle/api/internal/tasks/DefaultTaskDependencyFactory
instanceKlass org/gradle/api/internal/file/FileCollectionInternal$1
instanceKlass org/gradle/api/file/FileVisitor
instanceKlass org/gradle/api/internal/file/FileCollectionStructureVisitor
instanceKlass org/gradle/api/tasks/TaskDependency
instanceKlass org/gradle/api/internal/file/FileCollectionInternal$Source
instanceKlass org/gradle/api/internal/file/AbstractFileCollection
instanceKlass org/gradle/api/internal/file/FileTreeInternal
instanceKlass org/gradle/api/internal/file/collections/MinimalFileTree
instanceKlass org/gradle/api/internal/file/collections/MinimalFileCollection
instanceKlass org/gradle/api/internal/file/DefaultFileCollectionFactory
instanceKlass org/gradle/internal/exceptions/DiagnosticsVisitor
instanceKlass org/gradle/internal/typeconversion/ErrorHandlingNotationParser
instanceKlass org/gradle/internal/typeconversion/NotationConvertResult
instanceKlass org/gradle/internal/typeconversion/NotationConverterToNotationParserAdapter
instanceKlass org/gradle/internal/typeconversion/TypeInfo
instanceKlass org/gradle/internal/typeconversion/NotationParserBuilder
instanceKlass org/gradle/api/internal/file/FileOrUriNotationConverter
instanceKlass org/gradle/api/internal/file/AbstractFileResolver
instanceKlass org/gradle/api/internal/provider/DefaultPropertyFactory
instanceKlass org/gradle/api/internal/provider/PropertyHost$$Lambda$19
instanceKlass java/lang/invoke/LambdaForm$DMH
instanceKlass org/gradle/internal/state/ModelObject
instanceKlass org/gradle/api/internal/file/collections/DefaultDirectoryFileTreeFactory
instanceKlass org/gradle/api/tasks/util/internal/PatternSets$PatternSetFactory
instanceKlass org/gradle/api/tasks/util/internal/PatternSets
instanceKlass com/google/common/cache/LocalCache$AbstractReferenceEntry
instanceKlass org/gradle/cache/internal/HeapProportionalCacheSizer
instanceKlass java/util/EnumMap$1
instanceKlass org/gradle/internal/instantiation/generator/DefaultInstantiationScheme$DefaultDeserializationInstantiator
instanceKlass org/gradle/internal/instantiation/InstanceFactory
instanceKlass org/gradle/internal/instantiation/generator/DependencyInjectingInstantiator
instanceKlass javax/inject/Inject
instanceKlass org/gradle/internal/instantiation/DeserializationInstantiator
instanceKlass org/gradle/internal/instantiation/generator/DefaultInstantiationScheme
instanceKlass org/gradle/internal/instantiation/generator/ParamsMatchingConstructorSelector
instanceKlass org/gradle/internal/instantiation/generator/Jsr330ConstructorSelector
instanceKlass com/google/common/collect/ImmutableMultimap$Builder
instanceKlass com/google/common/collect/Multiset
instanceKlass org/gradle/internal/instantiation/generator/AbstractClassGenerator$$Lambda$18
instanceKlass org/gradle/internal/instantiation/generator/AbstractClassGenerator$GeneratedClassImpl
instanceKlass org/gradle/internal/instantiation/generator/ClassGenerator$GeneratedClass
instanceKlass org/gradle/cache/internal/DefaultCrossBuildInMemoryCacheFactory$AbstractCrossBuildInMemoryCache
instanceKlass org/gradle/model/internal/asm/ClassGeneratorSuffixRegistry
instanceKlass org/gradle/api/DomainObjectSet
instanceKlass org/gradle/api/NamedDomainObjectContainer
instanceKlass org/gradle/util/Configurable
instanceKlass org/gradle/api/NamedDomainObjectSet
instanceKlass org/gradle/api/NamedDomainObjectCollection
instanceKlass org/gradle/api/DomainObjectCollection
instanceKlass org/gradle/api/file/DirectoryProperty
instanceKlass org/gradle/api/file/RegularFileProperty
instanceKlass org/gradle/api/file/FileSystemLocationProperty
instanceKlass org/gradle/api/provider/Property
instanceKlass org/gradle/api/provider/MapProperty
instanceKlass org/gradle/api/provider/SetProperty
instanceKlass org/gradle/api/provider/ListProperty
instanceKlass org/gradle/api/provider/HasMultipleValues
instanceKlass org/gradle/api/provider/Provider
instanceKlass org/gradle/api/file/ConfigurableFileTree
instanceKlass org/gradle/api/file/DirectoryTree
instanceKlass org/gradle/api/file/FileTree
instanceKlass org/gradle/api/file/ConfigurableFileCollection
instanceKlass org/gradle/api/provider/HasConfigurableValue
instanceKlass org/gradle/internal/instantiation/generator/AbstractClassGenerator$ClassInspectionVisitor
instanceKlass org/gradle/internal/instantiation/generator/AbstractClassGenerator$InstantiationStrategy
instanceKlass com/google/common/collect/AbstractMultimap
instanceKlass com/google/common/reflect/TypeCapture
instanceKlass org/gradle/internal/instantiation/generator/AbstractClassGenerator$UnclaimedPropertyHandler
instanceKlass org/gradle/internal/instantiation/generator/AbstractClassGenerator
instanceKlass org/gradle/internal/instantiation/generator/ClassGenerator
instanceKlass org/gradle/api/internal/tasks/properties/annotations/OutputPropertyRoleAnnotationHandler
instanceKlass org/gradle/internal/instantiation/generator/DefaultInstantiatorFactory$ClassGeneratorBackedManagedFactory
instanceKlass org/gradle/internal/instantiation/generator/ConstructorSelector
instanceKlass org/gradle/internal/instantiation/InstantiationScheme
instanceKlass org/gradle/internal/instantiation/generator/DefaultInstantiatorFactory
instanceKlass org/gradle/cache/internal/CrossBuildInMemoryCache
instanceKlass org/gradle/cache/internal/DefaultCrossBuildInMemoryCacheFactory
instanceKlass org/gradle/internal/filewatch/FileSystemChangeWaiter
instanceKlass org/gradle/internal/filewatch/DefaultFileSystemChangeWaiterFactory
instanceKlass org/gradle/internal/filewatch/DefaultFileWatcherFactory
instanceKlass org/gradle/api/execution/internal/TaskInputsListener
instanceKlass org/gradle/api/execution/internal/DefaultTaskInputsListeners
instanceKlass org/gradle/internal/operations/DefaultBuildOperationExecutor$$Lambda$17
instanceKlass org/gradle/internal/operations/DefaultBuildOperationRunner$BuildOperationExecutionListenerFactory
instanceKlass org/gradle/internal/operations/DefaultBuildOperationExecutor$$Lambda$16
instanceKlass org/gradle/internal/operations/DefaultBuildOperationRunner$TimeSupplier
instanceKlass org/gradle/internal/operations/DefaultBuildOperationRunner$1
instanceKlass org/gradle/internal/operations/DefaultBuildOperationRunner$BuildOperationExecution
instanceKlass org/gradle/internal/operations/DefaultBuildOperationRunner$ReadableBuildOperationContext
instanceKlass org/gradle/internal/operations/BuildOperationContext
instanceKlass org/gradle/internal/operations/BuildOperation
instanceKlass org/gradle/internal/operations/BuildOperationWorker
instanceKlass org/gradle/internal/operations/DefaultBuildOperationRunner
instanceKlass org/gradle/internal/operations/BuildOperationQueue
instanceKlass org/gradle/internal/operations/DefaultBuildOperationQueueFactory
instanceKlass org/gradle/internal/operations/BuildOperationRef
instanceKlass org/gradle/internal/operations/BuildOperationQueue$QueueWorker
instanceKlass org/gradle/internal/operations/DefaultBuildOperationRunner$BuildOperationExecutionListener
instanceKlass org/gradle/internal/operations/DefaultBuildOperationExecutor
instanceKlass org/gradle/internal/resources/AbstractTrackedResourceLock
instanceKlass java/util/concurrent/atomic/AtomicReferenceArray
instanceKlass com/google/common/cache/LocalCache$LoadingValueReference
instanceKlass com/google/common/cache/RemovalListener
instanceKlass com/google/common/cache/Weigher
instanceKlass com/google/common/base/Equivalence
instanceKlass java/util/function/BiPredicate
instanceKlass com/google/common/base/MoreObjects
instanceKlass com/google/common/cache/LocalCache$1
instanceKlass com/google/common/cache/ReferenceEntry
instanceKlass com/google/common/cache/CacheLoader
instanceKlass com/google/common/cache/LocalCache$LocalManualCache
instanceKlass com/google/common/cache/LocalCache$ValueReference
instanceKlass com/google/common/cache/CacheBuilder$2
instanceKlass com/google/common/cache/CacheStats
instanceKlass com/google/common/base/Suppliers$SupplierOfInstance
instanceKlass com/google/common/base/Suppliers
instanceKlass com/google/common/cache/CacheBuilder$1
instanceKlass com/google/common/cache/AbstractCache$StatsCounter
instanceKlass com/google/common/base/Ticker
instanceKlass com/google/common/base/Supplier
instanceKlass com/google/common/cache/LoadingCache
instanceKlass com/google/common/cache/Cache
instanceKlass com/google/common/cache/CacheBuilder
instanceKlass org/gradle/internal/resources/AbstractResourceLockRegistry$ResourceLockProducer
instanceKlass org/gradle/internal/resources/AbstractResourceLockRegistry
instanceKlass org/gradle/internal/resources/ResourceLockContainer
instanceKlass org/gradle/internal/resources/ResourceLockRegistry
instanceKlass org/gradle/internal/work/DefaultWorkerLeaseService$ProjectLockStatisticsImpl
instanceKlass org/gradle/internal/resources/ProjectLockStatistics
instanceKlass org/gradle/internal/work/DefaultWorkerLeaseService$Root
instanceKlass org/gradle/internal/resources/DefaultResourceLockCoordinationService
instanceKlass org/gradle/tooling/internal/provider/runner/ToolingApiBuildEventListenerFactory$1
instanceKlass org/gradle/internal/operations/DefaultBuildOperationListenerManager$ProgressShieldingBuildOperationListener
instanceKlass org/gradle/internal/operations/DefaultBuildOperationAncestryTracker
instanceKlass org/gradle/internal/reflect/AnnotationCategory
instanceKlass org/gradle/language/java/internal/JavaLanguagePluginServiceRegistry$JavaGlobalScopeServices$$Lambda$15
instanceKlass sun/invoke/util/VerifyAccess$1
instanceKlass org/gradle/internal/session/BuildSessionLifecycleListener
instanceKlass org/gradle/internal/session/DefaultBuildSessionContext
instanceKlass org/gradle/internal/session/BuildSessionContext
instanceKlass org/gradle/internal/scopeids/PersistentScopeIdStoreFactory
instanceKlass org/gradle/internal/scopeids/ScopeIdsServices
instanceKlass com/google/common/collect/ListMultimap
instanceKlass org/gradle/internal/work/DefaultAsyncWorkTracker
instanceKlass org/gradle/internal/work/AsyncWorkTracker
instanceKlass org/gradle/internal/exceptions/FailureResolutionAware
instanceKlass org/gradle/internal/model/StateTransitionControllerFactory
instanceKlass org/gradle/internal/model/ValueCalculator
instanceKlass org/gradle/internal/model/CalculatedValueContainerFactory
instanceKlass org/gradle/plugin/use/internal/InjectedPluginClasspath
instanceKlass org/gradle/configurationcache/DefaultBuildTreeModelControllerServices
instanceKlass org/gradle/api/artifacts/ModuleIdentifier
instanceKlass org/gradle/vcs/internal/VcsDirectoryLayout
instanceKlass org/gradle/vcs/internal/resolver/PersistentVcsMetadataCache
instanceKlass org/gradle/vcs/internal/VersionControlRepositoryConnectionFactory
instanceKlass org/gradle/vcs/internal/services/VersionControlServices$VersionControlBuildSessionServices
instanceKlass org/gradle/nativeplatform/toolchain/internal/gcc/metadata/SystemLibraryDiscovery
instanceKlass org/gradle/nativeplatform/toolchain/internal/xcode/AbstractLocator
instanceKlass org/gradle/nativeplatform/toolchain/internal/msvcpp/WindowsKitInstall
instanceKlass com/google/common/collect/SetMultimap
instanceKlass com/google/common/collect/Multimap
instanceKlass org/gradle/platform/base/internal/toolchain/SearchResult
instanceKlass org/gradle/platform/base/internal/toolchain/ToolSearchResult
instanceKlass org/gradle/nativeplatform/toolchain/internal/msvcpp/AbstractWindowsKitComponentLocator
instanceKlass org/gradle/nativeplatform/toolchain/internal/msvcpp/UcrtLocator
instanceKlass org/gradle/nativeplatform/toolchain/internal/msvcpp/version/SystemPathVersionLocator
instanceKlass org/gradle/nativeplatform/toolchain/internal/msvcpp/version/AbstractVisualStudioVersionLocator
instanceKlass org/gradle/nativeplatform/toolchain/internal/msvcpp/WindowsSdkLocator
instanceKlass org/gradle/nativeplatform/toolchain/internal/msvcpp/version/VswhereVersionLocator
instanceKlass org/gradle/nativeplatform/toolchain/internal/msvcpp/version/VisualCppMetadataProvider
instanceKlass org/gradle/nativeplatform/toolchain/internal/msvcpp/version/VisualStudioMetaDataProvider
instanceKlass org/gradle/nativeplatform/toolchain/internal/msvcpp/VisualStudioLocator
instanceKlass org/gradle/nativeplatform/toolchain/internal/msvcpp/WindowsComponentLocator
instanceKlass org/gradle/nativeplatform/toolchain/internal/msvcpp/version/VisualStudioVersionLocator
instanceKlass org/gradle/nativeplatform/internal/services/NativeBinaryServices$BuildSessionScopeServices
instanceKlass org/gradle/composite/internal/CompositeBuildServices$CompositeBuildSessionScopeServices
instanceKlass org/gradle/api/tasks/testing/TestDescriptor
instanceKlass org/gradle/api/internal/tasks/testing/operations/TestListenerBuildOperationAdapter
instanceKlass org/gradle/api/internal/tasks/testing/results/TestListenerInternal
instanceKlass org/gradle/api/internal/tasks/testing/operations/TestExecutionBuildOperationBuildSessionScopeServices
instanceKlass org/gradle/api/internal/catalog/DependenciesAccessorsWorkspaceProvider
instanceKlass org/gradle/internal/execution/workspace/WorkspaceProvider
instanceKlass org/gradle/api/internal/artifacts/ivyservice/resolveengine/result/ComponentSelectionDescriptorFactory
instanceKlass org/gradle/api/internal/artifacts/DependencyManagementBuildSessionScopeServices
instanceKlass org/gradle/api/internal/artifacts/ivyservice/resolveengine/artifact/ArtifactVisitor
instanceKlass org/gradle/api/internal/file/FileCollectionInternal
instanceKlass org/gradle/api/internal/tasks/TaskDependencyContainer
instanceKlass org/gradle/api/file/FileCollection
instanceKlass org/gradle/api/internal/artifacts/ivyservice/resolveengine/artifact/ArtifactSetToFileCollectionFactory
instanceKlass org/gradle/workers/internal/WorkerExecutionQueueFactory
instanceKlass org/gradle/process/internal/worker/child/WorkerDirectoryProvider
instanceKlass org/gradle/internal/work/ConditionalExecutionQueueFactory
instanceKlass org/gradle/workers/internal/WorkersServices$BuildSessionScopeServices
instanceKlass org/gradle/internal/vfs/impl/DefaultFileSystemAccess
instanceKlass org/gradle/internal/fingerprint/impl/FileCollectionFingerprinterRegistrations
instanceKlass org/gradle/internal/execution/OutputSnapshotter
instanceKlass org/gradle/internal/execution/fingerprint/InputFingerprinter
instanceKlass org/gradle/internal/execution/fingerprint/FileCollectionFingerprinterRegistry
instanceKlass org/gradle/internal/service/scopes/VirtualFileSystemServices$BuildSessionServices
instanceKlass org/gradle/internal/build/BuildLayoutValidator
instanceKlass org/gradle/internal/buildtree/BuildTreeModelControllerServices
instanceKlass org/gradle/internal/session/BuildSessionActionExecutor
instanceKlass org/gradle/tooling/internal/provider/LauncherServices$ToolingBuildSessionScopeServices
instanceKlass org/gradle/internal/service/DefaultServiceRegistry$CollectionService
instanceKlass org/gradle/internal/service/DefaultServiceRegistry$CollectingVisitor
instanceKlass sun/reflect/generics/tree/VoidDescriptor
instanceKlass org/gradle/internal/snapshot/impl/ValueSnapshotterSerializerRegistry
instanceKlass org/gradle/api/internal/attributes/DefaultImmutableAttributesFactory
instanceKlass org/gradle/api/internal/attributes/ImmutableAttributesFactory
instanceKlass org/gradle/internal/buildevents/BuildStartedTime
instanceKlass org/gradle/api/internal/FeaturePreviews
instanceKlass org/gradle/internal/session/BuildSessionScopeServices$CrossBuildFileHashCacheWrapper
instanceKlass org/gradle/deployment/internal/DefaultDeploymentRegistry
instanceKlass org/gradle/internal/filewatch/PendingChangesListener
instanceKlass org/gradle/deployment/internal/DeploymentRegistryInternal
instanceKlass org/gradle/deployment/internal/DeploymentRegistry
instanceKlass org/gradle/initialization/layout/ProjectCacheDir
instanceKlass org/gradle/internal/filewatch/PendingChangesManager
instanceKlass org/gradle/cache/internal/CleanupActionFactory
instanceKlass org/gradle/internal/scopeids/id/ScopeId
instanceKlass org/gradle/internal/scopeids/PersistentScopeIdLoader
instanceKlass org/gradle/initialization/SettingsLocation
instanceKlass org/gradle/api/internal/tasks/userinput/UserInputReader
instanceKlass org/gradle/api/internal/tasks/userinput/UserInputHandler
instanceKlass org/gradle/internal/hash/ChecksumService
instanceKlass org/gradle/cache/scopes/BuildTreeScopedCache
instanceKlass org/gradle/api/internal/project/CrossProjectConfigurator
instanceKlass org/gradle/internal/snapshot/ValueSnapshotter
instanceKlass org/gradle/internal/service/scopes/WorkerSharedBuildSessionScopeServices
instanceKlass org/gradle/internal/service/scopes/DefaultGradleUserHomeScopeServiceRegistry$Services
instanceKlass org/gradle/api/internal/tasks/compile/incremental/cache/UserHomeScopedCompileCaches
instanceKlass org/gradle/api/internal/tasks/compile/incremental/cache/GeneralCompileCaches
instanceKlass org/gradle/api/internal/tasks/CompileServices$UserHomeScopeServices
instanceKlass org/gradle/kotlin/dsl/provider/plugins/DefaultProjectSchemaProvider
instanceKlass org/gradle/kotlin/dsl/accessors/ProjectSchemaProvider
instanceKlass org/gradle/kotlin/dsl/provider/plugins/precompiled/DefaultPrecompiledScriptPluginsSupport
instanceKlass org/gradle/kotlin/dsl/provider/PrecompiledScriptPluginsSupport
instanceKlass org/gradle/kotlin/dsl/provider/plugins/DefaultKotlinScriptBasePluginsApplicator
instanceKlass org/gradle/kotlin/dsl/provider/KotlinScriptBasePluginsApplicator
instanceKlass org/gradle/kotlin/dsl/provider/plugins/GradleUserHomeServices
instanceKlass org/gradle/api/internal/artifacts/transform/ImmutableTransformationWorkspaceServices
instanceKlass org/gradle/api/internal/artifacts/transform/TransformationWorkspaceServices
instanceKlass org/gradle/internal/execution/history/ExecutionHistoryStore
instanceKlass org/gradle/api/internal/artifacts/ivyservice/ArtifactCachesProvider
instanceKlass org/gradle/api/internal/artifacts/ivyservice/DefaultArtifactCaches$WritableArtifactCacheLockingParameters
instanceKlass org/gradle/internal/execution/history/ExecutionHistoryCacheAccess
instanceKlass org/gradle/api/internal/artifacts/DependencyManagementGradleUserHomeScopeServices
instanceKlass org/gradle/workers/internal/WorkerDaemonClientsManager
instanceKlass org/gradle/workers/internal/ClassLoaderStructureProvider
instanceKlass org/gradle/workers/internal/ActionExecutionSpecFactory
instanceKlass org/gradle/workers/internal/WorkersServices$GradleUserHomeServices
instanceKlass org/gradle/kotlin/dsl/provider/KotlinScriptClassloadingCache
instanceKlass org/gradle/kotlin/dsl/provider/GradleUserHomeServices
instanceKlass org/gradle/kotlin/dsl/support/EmbeddedKotlinProvider
instanceKlass org/gradle/kotlin/dsl/support/GradleUserHomeServices
instanceKlass org/gradle/kotlin/dsl/cache/KotlinDslWorkspaceProvider
instanceKlass org/gradle/kotlin/dsl/cache/GradleUserHomeServices
instanceKlass org/gradle/internal/watch/registry/FileWatcherRegistryFactory
instanceKlass org/gradle/internal/vfs/impl/VfsRootReference
instanceKlass org/gradle/internal/build/BuildState
instanceKlass java/util/Optional
instanceKlass org/gradle/api/internal/changedetection/state/CrossBuildFileHashCache
instanceKlass org/gradle/internal/watch/vfs/impl/LocationsWrittenByCurrentBuild
instanceKlass org/gradle/internal/vfs/FileSystemAccess$WriteListener
instanceKlass org/gradle/internal/hash/FileHasher
instanceKlass org/gradle/internal/watch/vfs/BuildLifecycleAwareVirtualFileSystem
instanceKlass org/gradle/internal/vfs/VirtualFileSystem
instanceKlass org/gradle/internal/fingerprint/GenericFileTreeSnapshotter
instanceKlass org/gradle/internal/fingerprint/classpath/ClasspathFingerprinter
instanceKlass org/gradle/internal/execution/fingerprint/FileCollectionSnapshotter
instanceKlass org/gradle/internal/execution/fingerprint/FileCollectionFingerprinter
instanceKlass org/gradle/api/internal/changedetection/state/ResourceSnapshotterCacheService
instanceKlass org/gradle/internal/watch/vfs/WatchableFileSystemDetector
instanceKlass org/gradle/internal/service/scopes/VirtualFileSystemServices$GradleUserHomeServices
instanceKlass org/gradle/tooling/internal/provider/serialization/PayloadSerializer
instanceKlass org/gradle/tooling/internal/provider/serialization/PayloadClassLoaderRegistry
instanceKlass org/gradle/tooling/internal/provider/serialization/PayloadClassLoaderFactory
instanceKlass org/gradle/tooling/internal/provider/LauncherServices$ToolingGradleUserHomeScopeServices
instanceKlass org/gradle/internal/service/DefaultServiceRegistry$InstanceUnpackingVisitor
instanceKlass org/gradle/internal/classpath/ClasspathFileTransformer
instanceKlass org/gradle/internal/classpath/CachedClasspathTransformer$Transform
instanceKlass org/gradle/internal/classpath/DefaultCachedClasspathTransformer
instanceKlass org/gradle/internal/classpath/CachedClasspathTransformer
instanceKlass org/gradle/api/internal/changedetection/state/FileTimeStampInspector
instanceKlass org/gradle/initialization/RootBuildLifecycleListener
instanceKlass org/gradle/internal/file/FileAccessTracker
instanceKlass org/gradle/cache/CleanupAction
instanceKlass org/gradle/cache/internal/FilesFinder
instanceKlass org/gradle/internal/classpath/DefaultClasspathTransformerCacheFactory
instanceKlass org/gradle/internal/classpath/ClasspathTransformerCacheFactory
instanceKlass org/gradle/internal/classpath/ClasspathBuilder$EntryBuilder
instanceKlass org/gradle/internal/classpath/ClasspathBuilder
instanceKlass org/gradle/internal/classpath/ClasspathEntryVisitor$Entry
instanceKlass org/gradle/internal/classpath/ClasspathWalker
instanceKlass org/gradle/cache/internal/DirectoryCleanupAction
instanceKlass org/gradle/cache/CleanupProgressMonitor
instanceKlass org/gradle/cache/internal/GradleUserHomeCleanupService
instanceKlass org/gradle/cache/internal/VersionSpecificCacheDirectoryScanner
instanceKlass org/gradle/cache/internal/UsedGradleVersionsFromGradleUserHomeCaches
instanceKlass java/lang/invoke/LambdaForm$BMH
instanceKlass java/lang/invoke/LambdaForm$BMH
instanceKlass java/lang/invoke/LambdaForm$BMH
instanceKlass java/lang/invoke/LambdaForm$BMH
instanceKlass java/lang/invoke/LambdaForm$BMH
instanceKlass java/lang/invoke/LambdaForm$BMH
instanceKlass java/lang/invoke/LambdaForm$BMH
instanceKlass java/lang/invoke/LambdaForm$BMH
instanceKlass java/lang/invoke/LambdaForm$DMH
instanceKlass org/gradle/internal/service/scopes/WorkerSharedGlobalScopeServices$$Lambda$14
instanceKlass java/lang/invoke/LambdaForm$DMH
instanceKlass org/gradle/internal/service/scopes/WorkerSharedGlobalScopeServices$$Lambda$13
instanceKlass java/util/function/LongSupplier
instanceKlass java/lang/invoke/LambdaForm$DMH
instanceKlass org/gradle/internal/file/impl/DefaultDeleter
instanceKlass org/gradle/cache/internal/scopes/DefaultCacheScopeMapping
instanceKlass org/gradle/cache/CacheBuilder
instanceKlass org/gradle/cache/internal/DefaultCacheRepository
instanceKlass org/gradle/cache/internal/ReferencablePersistentCache
instanceKlass org/gradle/cache/PersistentCache
instanceKlass org/gradle/cache/CleanableStore
instanceKlass org/gradle/cache/CacheAccess
instanceKlass org/gradle/cache/internal/DefaultCacheFactory
instanceKlass org/gradle/internal/logging/services/ProgressLoggingBridge
instanceKlass org/gradle/internal/logging/progress/ProgressLogger
instanceKlass org/gradle/internal/logging/progress/DefaultProgressLoggerFactory
instanceKlass org/gradle/internal/operations/DefaultBuildOperationIdFactory
instanceKlass org/gradle/internal/service/scopes/DefaultGradleUserHomeScopeServiceRegistry$1$$Lambda$12
instanceKlass java/lang/invoke/LambdaForm$DMH
instanceKlass org/gradle/cache/internal/UsedGradleVersions
instanceKlass org/gradle/cache/internal/GradleUserHomeCleanupServices
instanceKlass org/gradle/internal/vfs/FileSystemAccess
instanceKlass org/gradle/groovy/scripts/internal/CrossBuildInMemoryCachingScriptClassCache
instanceKlass org/gradle/internal/classloader/ClasspathHasher
instanceKlass org/gradle/cache/internal/scopes/AbstractScopedCache
instanceKlass org/gradle/initialization/layout/GlobalCacheDir
instanceKlass org/gradle/cache/internal/DefaultGeneratedGradleJarCache
instanceKlass org/gradle/cache/internal/GeneratedGradleJarCache
instanceKlass org/gradle/cache/scopes/GlobalScopedCache
instanceKlass org/gradle/initialization/ClassLoaderScopeRegistryListenerManager
instanceKlass org/gradle/internal/jvm/JavaModuleDetector
instanceKlass org/gradle/process/internal/worker/child/WorkerProcessClassPathProvider
instanceKlass org/gradle/internal/service/scopes/DefaultGradleUserHomeScopeServiceRegistry$1
instanceKlass org/gradle/internal/session/BuildSessionState
instanceKlass org/gradle/internal/operations/trace/SerializedOperation
instanceKlass org/gradle/internal/operations/trace/BuildOperationTrace$1
instanceKlass org/gradle/internal/operations/DefaultBuildOperationListenerManager$1
instanceKlass org/gradle/internal/operations/DefaultBuildOperationListenerManager
instanceKlass org/gradle/internal/work/WorkerLeaseRegistry$WorkerLeaseCompletion
instanceKlass org/gradle/internal/work/Synchronizer
instanceKlass org/gradle/internal/work/WorkerLeaseRegistry$WorkerLease
instanceKlass org/gradle/internal/work/DefaultWorkerLeaseService$LeaseHolder
instanceKlass org/gradle/internal/resources/ResourceLock
instanceKlass org/gradle/internal/work/DefaultWorkerLeaseService
instanceKlass org/gradle/internal/operations/trace/BuildOperationTrace
instanceKlass org/gradle/internal/work/WorkerLeaseService
instanceKlass org/gradle/internal/work/WorkerThreadRegistry
instanceKlass org/gradle/internal/resources/ProjectLeaseRegistry
instanceKlass org/gradle/internal/work/WorkerLeaseRegistry
instanceKlass org/gradle/internal/operations/logging/LoggingBuildOperationProgressBroadcaster
instanceKlass org/gradle/internal/operations/notify/BuildOperationNotificationValve
instanceKlass org/gradle/internal/operations/notify/BuildOperationNotificationBridge
instanceKlass org/gradle/internal/operations/notify/BuildOperationNotificationListenerRegistrar
instanceKlass org/gradle/configuration/internal/UserCodeApplicationContext
instanceKlass org/gradle/internal/operations/BuildOperationExecutor
instanceKlass org/gradle/internal/operations/BuildOperationRunner
instanceKlass org/gradle/internal/operations/BuildOperationQueueFactory
instanceKlass org/gradle/configuration/internal/ListenerBuildOperationDecorator
instanceKlass org/gradle/api/internal/CollectionCallbackActionDecorator
instanceKlass org/gradle/internal/session/CrossBuildSessionState$Services
instanceKlass org/gradle/internal/service/ServiceRegistryBuilder
instanceKlass org/gradle/internal/session/CrossBuildSessionState
instanceKlass org/gradle/tooling/internal/provider/BuildSessionLifecycleBuildActionExecuter$ActionImpl
instanceKlass org/gradle/tooling/internal/protocol/ModelIdentifier
instanceKlass org/gradle/tooling/internal/protocol/InternalProtocolInterface
instanceKlass org/gradle/internal/logging/sink/OutputEventRenderer$3
instanceKlass org/gradle/internal/logging/sink/ProgressLogEventGenerator
instanceKlass org/gradle/internal/logging/console/BuildLogLevelFilterRenderer
instanceKlass org/gradle/launcher/daemon/server/exec/ExecuteBuild$1
instanceKlass org/gradle/initialization/DefaultBuildRequestMetaData
instanceKlass org/gradle/initialization/DefaultBuildRequestContext
instanceKlass org/gradle/launcher/daemon/server/exec/DaemonConnectionBackedEventConsumer
instanceKlass org/gradle/launcher/daemon/server/exec/WatchForDisconnection$1
instanceKlass org/gradle/internal/featurelifecycle/LoggingIncubatingFeatureHandler
instanceKlass org/gradle/util/internal/IncubationLogger
instanceKlass org/gradle/internal/featurelifecycle/UsageLocationReporter
instanceKlass org/gradle/internal/featurelifecycle/FeatureUsage
instanceKlass org/gradle/internal/featurelifecycle/LoggingDeprecatedFeatureHandler
instanceKlass org/gradle/internal/featurelifecycle/FeatureHandler
instanceKlass org/gradle/internal/deprecation/DeprecationMessageBuilder
instanceKlass org/gradle/internal/deprecation/DeprecationLogger
instanceKlass org/gradle/launcher/daemon/server/exec/ForwardClientInput$2
instanceKlass org/gradle/util/internal/StdinSwapper$2
instanceKlass org/gradle/util/internal/StdinSwapper$1
instanceKlass org/gradle/util/internal/Swapper
instanceKlass org/gradle/launcher/daemon/server/exec/ForwardClientInput$1
instanceKlass java/math/MathContext
instanceKlass org/gradle/internal/util/NumberUtil
instanceKlass org/gradle/launcher/daemon/server/exec/LogToClient$AsynchronousLogDispatcher$1
instanceKlass java/util/concurrent/CountDownLatch
instanceKlass com/google/common/collect/AbstractIterator$1
instanceKlass java/util/Collections$UnmodifiableMap$UnmodifiableEntrySet$UnmodifiableEntry
instanceKlass java/util/Collections$UnmodifiableMap$UnmodifiableEntrySet$1
instanceKlass org/gradle/launcher/daemon/server/DaemonStateCoordinator$1
instanceKlass org/gradle/launcher/daemon/registry/PersistentDaemonRegistry$5
instanceKlass org/gradle/launcher/daemon/server/exec/StartBuildOrRespondWithBusy$1
instanceKlass org/gradle/launcher/daemon/server/DefaultDaemonConnection$CommandQueue$1
instanceKlass org/gradle/launcher/daemon/server/exec/HandleCancel$1
instanceKlass com/google/common/collect/Platform
instanceKlass org/gradle/launcher/daemon/server/api/DaemonCommandExecution
instanceKlass org/gradle/launcher/exec/DefaultBuildActionParameters
instanceKlass org/gradle/configuration/GradleLauncherMetaData
instanceKlass com/google/common/collect/Maps$EntryTransformer
instanceKlass com/google/common/base/Converter
instanceKlass com/google/common/collect/SortedMapDifference
instanceKlass com/google/common/collect/MapDifference
instanceKlass com/google/common/collect/Maps
instanceKlass java/util/AbstractMap$SimpleImmutableEntry
instanceKlass com/google/common/collect/AbstractMapEntry
instanceKlass com/google/common/collect/ImmutableMap$Builder
instanceKlass com/google/common/collect/BiMap
instanceKlass com/google/common/collect/ImmutableMap
instanceKlass org/gradle/internal/DefaultTaskExecutionRequest
instanceKlass org/gradle/TaskExecutionRequest
instanceKlass org/gradle/internal/buildoption/BuildOption$Value
instanceKlass org/gradle/internal/concurrent/DefaultParallelismConfiguration
instanceKlass org/gradle/internal/logging/DefaultLoggingConfiguration
instanceKlass org/gradle/initialization/BuildLayoutParameters
instanceKlass java/nio/channels/spi/AbstractSelector$1
instanceKlass org/gradle/launcher/daemon/server/DefaultDaemonConnection$1
instanceKlass org/gradle/launcher/daemon/server/DefaultDaemonConnection$ReceiveQueue
instanceKlass org/gradle/launcher/daemon/server/DefaultDaemonConnection$DisconnectQueue
instanceKlass org/gradle/launcher/daemon/server/DefaultDaemonConnection$CommandQueue
instanceKlass org/gradle/launcher/daemon/server/DefaultDaemonConnection
instanceKlass org/gradle/launcher/daemon/server/api/DaemonConnection
instanceKlass org/gradle/launcher/daemon/server/DefaultIncomingConnectionHandler$ConnectionWorker
instanceKlass org/gradle/launcher/daemon/server/SynchronizedDispatchConnection
instanceKlass org/gradle/internal/serialize/Serializers$StatefulSerializerAdapter$2
instanceKlass org/gradle/internal/serialize/Serializers$StatefulSerializerAdapter$1
instanceKlass org/gradle/internal/remote/internal/inet/SocketInetAddress$Serializer
instanceKlass org/gradle/internal/io/BufferCaster
instanceKlass sun/nio/ch/WindowsSelectorImpl$MapEntry
instanceKlass sun/nio/ch/OptionKey
instanceKlass sun/nio/ch/SocketOptionRegistry$LazyInitialization
instanceKlass sun/nio/ch/SocketOptionRegistry$RegistryKey
instanceKlass sun/nio/ch/SocketOptionRegistry
instanceKlass sun/nio/ch/ExtendedSocketOption$1
instanceKlass sun/nio/ch/ExtendedSocketOption
instanceKlass sun/nio/ch/SocketChannelImpl$DefaultOptionsHolder
instanceKlass sun/nio/ch/IOStatus
instanceKlass sun/nio/ch/Util$BufferCache
instanceKlass sun/nio/ch/PipeImpl$Initializer$LoopbackConnector
instanceKlass sun/nio/ch/PipeImpl$Initializer
instanceKlass java/nio/channels/Pipe
instanceKlass sun/nio/ch/NativeObject
instanceKlass sun/nio/ch/PollArrayWrapper
instanceKlass sun/nio/ch/WindowsSelectorImpl$FinishLock
instanceKlass sun/nio/ch/WindowsSelectorImpl$StartLock
instanceKlass sun/nio/ch/WindowsSelectorImpl$SubSelector
instanceKlass java/nio/channels/SelectionKey
instanceKlass sun/nio/ch/Util$3
instanceKlass sun/nio/ch/Util$2
instanceKlass sun/nio/ch/Util
instanceKlass java/nio/channels/Selector
instanceKlass java/nio/DirectByteBuffer$Deallocator
instanceKlass org/gradle/internal/remote/internal/KryoBackedMessageSerializer
instanceKlass org/gradle/internal/remote/internal/inet/SocketConnection
instanceKlass org/gradle/internal/serialize/ObjectReader
instanceKlass org/gradle/internal/serialize/ObjectWriter
instanceKlass org/gradle/internal/serialize/Serializers$StatefulSerializerAdapter
instanceKlass org/gradle/internal/serialize/StatefulSerializer
instanceKlass org/gradle/internal/serialize/Serializers
instanceKlass org/gradle/internal/remote/internal/RemoteConnection
instanceKlass org/gradle/internal/remote/internal/Connection
instanceKlass org/gradle/internal/dispatch/Receive
instanceKlass org/gradle/internal/remote/internal/MessageSerializer
instanceKlass org/gradle/launcher/daemon/server/DaemonStateCoordinator$2
instanceKlass org/gradle/internal/remote/internal/inet/SocketConnectCompletion
instanceKlass org/gradle/internal/remote/internal/ConnectCompletion
instanceKlass org/gradle/launcher/daemon/server/Daemon$DefaultDaemonExpirationListener
instanceKlass org/gradle/launcher/daemon/server/Daemon$DaemonExpirationPeriodicCheck
instanceKlass java/net/Socket
instanceKlass org/gradle/launcher/daemon/server/DaemonRegistryUnavailableExpirationStrategy
instanceKlass org/gradle/internal/event/DefaultListenerManager$ListenerDetails
instanceKlass org/gradle/launcher/daemon/server/health/LowMemoryDaemonExpirationStrategy
instanceKlass org/gradle/process/internal/health/memory/OsMemoryStatusListener
instanceKlass org/gradle/launcher/daemon/server/NotMostRecentlyUsedDaemonExpirationStrategy
instanceKlass com/google/common/base/Functions$ConstantFunction
instanceKlass com/google/common/base/Functions
instanceKlass org/gradle/launcher/daemon/server/DaemonIdleTimeoutExpirationStrategy
instanceKlass org/gradle/launcher/daemon/context/DaemonCompatibilitySpec
instanceKlass org/gradle/api/internal/specs/ExplainingSpec
instanceKlass org/gradle/launcher/daemon/server/CompatibleDaemonExpirationStrategy
instanceKlass org/gradle/launcher/daemon/server/expiry/AllDaemonExpirationStrategy
instanceKlass org/gradle/internal/stream/EncodedStream
instanceKlass org/gradle/launcher/daemon/bootstrap/DaemonStartupCommunication
instanceKlass org/gradle/cache/internal/DefaultFileLockManager$DefaultFileLock$3
instanceKlass org/gradle/cache/internal/DefaultFileLockManager$DefaultFileLock$2
instanceKlass org/gradle/cache/internal/DefaultFileLockManager$DefaultFileLock$1
instanceKlass org/gradle/internal/remote/internal/inet/SocketInetAddress
instanceKlass org/gradle/internal/serialize/AbstractEncoder
instanceKlass org/gradle/internal/serialize/FlushableEncoder
instanceKlass org/gradle/launcher/daemon/registry/DaemonRegistryContent$$Lambda$11
instanceKlass org/gradle/launcher/daemon/registry/DaemonStopEvent$Serializer
instanceKlass org/gradle/launcher/daemon/registry/DaemonStopEvent
instanceKlass org/gradle/launcher/daemon/registry/DaemonInfo$Serializer
instanceKlass org/gradle/cache/internal/filelock/LockInfo
instanceKlass org/gradle/cache/internal/DefaultFileLockManager$DefaultFileLock$$Lambda$10
instanceKlass org/gradle/cache/internal/filelock/DefaultLockStateSerializer$SequenceNumberLockState
instanceKlass org/gradle/internal/io/IOQuery$Result
instanceKlass org/gradle/cache/internal/filelock/FileLockOutcome
instanceKlass org/gradle/cache/internal/DefaultFileLockManager$DefaultFileLock$4
instanceKlass org/gradle/internal/io/ExponentialBackoff
instanceKlass org/gradle/cache/internal/DefaultFileLockManager$AwaitableFileLockReleasedSignal
instanceKlass org/gradle/cache/FileLockReleasedSignal
instanceKlass org/gradle/cache/internal/filelock/LockInfoSerializer
instanceKlass org/gradle/cache/internal/filelock/LockInfoAccess
instanceKlass org/gradle/cache/internal/filelock/LockStateAccess
instanceKlass org/gradle/cache/internal/filelock/LockFileAccess
instanceKlass org/gradle/cache/internal/filelock/LockState
instanceKlass org/gradle/cache/internal/filelock/DefaultLockStateSerializer
instanceKlass org/gradle/cache/FileLock$State
instanceKlass org/gradle/cache/internal/filelock/LockStateSerializer
instanceKlass org/gradle/internal/io/IOQuery
instanceKlass sun/net/ResourceManager
instanceKlass java/net/DatagramPacket
instanceKlass java/net/DatagramSocket$1
instanceKlass java/net/AbstractPlainDatagramSocketImpl$1
instanceKlass java/net/DatagramSocketImpl
instanceKlass java/net/DefaultDatagramSocketImplFactory$1
instanceKlass java/net/DefaultDatagramSocketImplFactory
instanceKlass java/net/DatagramSocket
instanceKlass org/gradle/cache/internal/locklistener/FileLockCommunicator
instanceKlass org/gradle/cache/internal/filelock/LockOptionsBuilder
instanceKlass org/gradle/cache/internal/SimpleStateCache$1Updater
instanceKlass org/gradle/cache/internal/FileIntegrityViolationSuppressingPersistentStateCacheDecorator$1
instanceKlass org/gradle/launcher/daemon/registry/PersistentDaemonRegistry$8
instanceKlass org/gradle/launcher/daemon/registry/DaemonInfo
instanceKlass org/gradle/launcher/daemon/context/DaemonConnectDetails
instanceKlass sun/util/locale/provider/TimeZoneNameUtility$TimeZoneNameGetter
instanceKlass sun/util/locale/provider/TimeZoneNameUtility
instanceKlass org/gradle/internal/remote/internal/inet/TcpIncomingConnector$1
instanceKlass org/gradle/internal/remote/internal/inet/TcpIncomingConnector$Receiver
instanceKlass org/gradle/internal/remote/internal/inet/MultiChoiceAddress
instanceKlass org/gradle/internal/remote/internal/inet/InetEndpoint
instanceKlass java/util/UUID$Holder
instanceKlass java/util/UUID
instanceKlass sun/net/NetHooks
instanceKlass java/net/Inet4AddressImpl
instanceKlass java/net/NetworkInterface$1checkedAddresses
instanceKlass org/gradle/internal/remote/internal/inet/InetAddresses
instanceKlass sun/misc/FloatingDecimal$ASCIIToBinaryBuffer
instanceKlass java/net/PlainSocketImpl$1
instanceKlass java/net/StandardSocketOptions$StdSocketOption
instanceKlass java/net/StandardSocketOptions
instanceKlass java/net/AbstractPlainSocketImpl$1
instanceKlass java/net/SocketImpl
instanceKlass java/net/SocketOptions
instanceKlass java/net/SocksConsts
instanceKlass java/net/ServerSocket
instanceKlass sun/nio/ch/Net$3
instanceKlass sun/nio/ch/Net$4
instanceKlass jdk/net/ExtendedSocketOptions$PlatformSocketOptions$1
instanceKlass jdk/net/ExtendedSocketOptions$PlatformSocketOptions
instanceKlass jdk/net/SocketFlow
instanceKlass jdk/net/ExtendedSocketOptions$ExtSocketOption
instanceKlass java/net/SocketOption
instanceKlass jdk/net/ExtendedSocketOptions
instanceKlass sun/net/ExtendedSocketOptions
instanceKlass sun/nio/ch/Net$1
instanceKlass java/net/ProtocolFamily
instanceKlass sun/nio/ch/Net
instanceKlass java/net/InetSocketAddress$InetSocketAddressHolder
instanceKlass sun/nio/ch/SelChImpl
instanceKlass sun/nio/ch/DefaultSelectorProvider
instanceKlass java/nio/channels/spi/SelectorProvider$1
instanceKlass java/nio/channels/spi/SelectorProvider
instanceKlass java/nio/channels/NetworkChannel
instanceKlass org/gradle/launcher/daemon/server/DaemonTcpServerConnector$1
instanceKlass org/gradle/launcher/daemon/server/Daemon$5
instanceKlass org/gradle/launcher/daemon/server/DefaultIncomingConnectionHandler
instanceKlass org/gradle/initialization/DefaultBuildCancellationToken
instanceKlass java/util/concurrent/SynchronousQueue$TransferStack$SNode
instanceKlass java/util/concurrent/SynchronousQueue$Transferer
instanceKlass org/gradle/initialization/BuildCancellationToken
instanceKlass org/gradle/launcher/daemon/server/DaemonStateCoordinator
instanceKlass org/gradle/launcher/daemon/server/Daemon$4
instanceKlass org/gradle/launcher/daemon/server/Daemon$3
instanceKlass org/gradle/launcher/daemon/server/Daemon$2
instanceKlass org/gradle/launcher/daemon/server/Daemon$1
instanceKlass org/gradle/launcher/daemon/server/DaemonRegistryUpdater
instanceKlass sun/nio/fs/BasicFileAttributesHolder
instanceKlass sun/nio/fs/WindowsDirectoryStream$WindowsDirectoryIterator
instanceKlass sun/nio/fs/WindowsFileAttributes
instanceKlass java/nio/file/attribute/DosFileAttributes
instanceKlass java/nio/file/attribute/BasicFileAttributes
instanceKlass sun/nio/fs/NativeBuffer$Deallocator
instanceKlass sun/nio/fs/NativeBuffer
instanceKlass sun/nio/fs/NativeBuffers
instanceKlass sun/nio/fs/WindowsNativeDispatcher$BackupResult
instanceKlass sun/nio/fs/WindowsNativeDispatcher$CompletionStatus
instanceKlass sun/nio/fs/WindowsNativeDispatcher$AclInformation
instanceKlass sun/nio/fs/WindowsNativeDispatcher$Account
instanceKlass sun/nio/fs/WindowsNativeDispatcher$DiskFreeSpace
instanceKlass sun/nio/fs/WindowsNativeDispatcher$VolumeInformation
instanceKlass sun/nio/fs/WindowsNativeDispatcher$FirstStream
instanceKlass sun/nio/fs/WindowsNativeDispatcher$FirstFile
instanceKlass sun/nio/fs/WindowsNativeDispatcher$1
instanceKlass sun/nio/fs/WindowsNativeDispatcher
instanceKlass sun/nio/fs/WindowsDirectoryStream
instanceKlass java/nio/file/DirectoryStream
instanceKlass java/nio/file/Files$AcceptAllFilter
instanceKlass java/nio/file/DirectoryStream$Filter
instanceKlass java/nio/file/Files
instanceKlass sun/nio/fs/AbstractPath
instanceKlass sun/nio/fs/Util
instanceKlass sun/nio/fs/WindowsPathParser$Result
instanceKlass sun/nio/fs/WindowsPathParser
instanceKlass java/nio/file/FileSystem
instanceKlass java/nio/file/spi/FileSystemProvider
instanceKlass sun/nio/fs/DefaultFileSystemProvider
instanceKlass java/nio/file/FileSystems$DefaultFileSystemHolder$1
instanceKlass java/nio/file/FileSystems$DefaultFileSystemHolder
instanceKlass java/nio/file/FileSystems
instanceKlass java/net/NetworkInterface$2
instanceKlass java/net/DefaultInterface
instanceKlass java/net/InterfaceAddress
instanceKlass java/net/NetworkInterface$1
instanceKlass java/net/NetworkInterface
instanceKlass sun/security/provider/ByteArrayAccess
instanceKlass sun/security/provider/SeedGenerator$1
instanceKlass sun/security/provider/SeedGenerator
instanceKlass sun/security/provider/SecureRandom$SeederHolder
instanceKlass sun/security/util/MessageDigestSpi2
instanceKlass sun/security/jca/GetInstance$Instance
instanceKlass sun/security/jca/GetInstance
instanceKlass java/security/SecureRandomSpi
instanceKlass sun/security/util/SecurityProviderConstants
instanceKlass java/security/Provider$UString
instanceKlass java/security/Provider$Service
instanceKlass sun/security/provider/NativePRNG$NonBlocking
instanceKlass sun/security/provider/NativePRNG$Blocking
instanceKlass sun/security/provider/NativePRNG
instanceKlass sun/security/provider/SunEntries$1
instanceKlass sun/security/provider/SunEntries
instanceKlass sun/security/jca/ProviderConfig$2
instanceKlass java/security/Security$2
instanceKlass sun/misc/JavaSecurityPropertiesAccess
instanceKlass java/security/Security$1
instanceKlass java/security/Security
instanceKlass sun/security/jca/ProviderList$2
instanceKlass sun/misc/FDBigInteger
instanceKlass sun/misc/FloatingDecimal$PreparedASCIIToBinaryBuffer
instanceKlass sun/misc/FloatingDecimal$ASCIIToBinaryConverter
instanceKlass sun/misc/FloatingDecimal$BinaryToASCIIBuffer
instanceKlass sun/misc/FloatingDecimal$ExceptionalBinaryToASCIIBuffer
instanceKlass sun/misc/FloatingDecimal$BinaryToASCIIConverter
instanceKlass sun/misc/FloatingDecimal
instanceKlass java/security/Provider$EngineDescription
instanceKlass java/security/Provider$ServiceKey
instanceKlass sun/security/jca/ProviderConfig
instanceKlass sun/security/jca/ProviderList
instanceKlass sun/security/jca/Providers
instanceKlass com/google/common/base/Joiner
instanceKlass org/gradle/launcher/daemon/server/exec/DaemonCommandExecuter
instanceKlass org/gradle/internal/remote/internal/inet/MultiChoiceAddressSerializer
instanceKlass org/gradle/launcher/daemon/registry/DaemonRegistryContent$Serializer
instanceKlass org/gradle/launcher/daemon/registry/DaemonRegistryContent
instanceKlass org/gradle/cache/LockOptions
instanceKlass org/gradle/cache/internal/AbstractFileAccess
instanceKlass org/gradle/internal/serialize/Encoder
instanceKlass org/gradle/cache/internal/SimpleStateCache
instanceKlass org/gradle/cache/internal/FileIntegrityViolationSuppressingPersistentStateCacheDecorator
instanceKlass org/gradle/cache/PersistentStateCache
instanceKlass org/gradle/cache/PersistentStateCache$UpdateAction
instanceKlass org/gradle/launcher/daemon/registry/PersistentDaemonRegistry
instanceKlass org/gradle/cache/internal/CacheAccessSerializer$$Lambda$9
instanceKlass java/lang/invoke/LambdaForm$MH
instanceKlass org/gradle/cache/Cache$$Lambda$8
instanceKlass java/lang/invoke/LambdaForm$MH
instanceKlass org/gradle/launcher/daemon/registry/DaemonRegistryServices$$Lambda$7
instanceKlass org/gradle/internal/nativeintegration/filesystem/services/FallbackStat
instanceKlass org/gradle/internal/nativeintegration/filesystem/services/EmptyChmod
instanceKlass org/gradle/internal/nativeintegration/filesystem/jdk7/Jdk7Symlink
instanceKlass java/lang/invoke/LambdaForm$BMH
instanceKlass java/lang/invoke/LambdaForm$BMH
instanceKlass java/lang/invoke/LambdaForm$BMH
instanceKlass java/lang/invoke/LambdaForm$BMH
instanceKlass java/lang/invoke/LambdaForm$BMH
instanceKlass java/lang/invoke/LambdaForm$MH
instanceKlass java/lang/invoke/LambdaForm$MH
instanceKlass java/lang/invoke/LambdaForm$BMH
instanceKlass net/rubygrapefruit/platform/file/PosixFileInfo
instanceKlass org/gradle/internal/nativeintegration/services/NativeServices$BrokenService
instanceKlass org/gradle/internal/nativeintegration/filesystem/services/UnavailablePosixFiles
instanceKlass net/rubygrapefruit/platform/terminal/Terminals
instanceKlass org/gradle/api/internal/file/temp/GradleUserHomeTemporaryFileProvider$1
instanceKlass org/gradle/internal/nativeintegration/services/NativeServices$2
instanceKlass net/rubygrapefruit/platform/file/WindowsFileInfo
instanceKlass net/rubygrapefruit/platform/file/FileInfo
instanceKlass net/rubygrapefruit/platform/internal/DirList
instanceKlass net/rubygrapefruit/platform/internal/AbstractFiles
instanceKlass org/gradle/internal/nativeintegration/filesystem/services/NativePlatformBackedFileMetadataAccessor
instanceKlass java/util/Random
instanceKlass org/gradle/internal/id/RandomLongIdGenerator
instanceKlass org/gradle/cache/internal/DefaultProcessMetaDataProvider
instanceKlass org/gradle/cache/FileLock
instanceKlass org/gradle/cache/FileAccess
instanceKlass org/gradle/internal/io/ExponentialBackoff$Signal
instanceKlass org/gradle/cache/internal/DefaultFileLockManager
instanceKlass org/gradle/internal/remote/ConnectionAcceptor
instanceKlass org/gradle/internal/remote/Address
instanceKlass java/net/SocketAddress
instanceKlass org/gradle/internal/remote/internal/inet/TcpIncomingConnector
instanceKlass org/gradle/launcher/daemon/protocol/DaemonMessageSerializer$OutputMessageSerializer
instanceKlass org/gradle/internal/logging/serializer/LogLevelChangeEventSerializer
instanceKlass org/gradle/internal/logging/serializer/ProgressEventSerializer
instanceKlass org/gradle/internal/logging/serializer/ProgressCompleteEventSerializer
instanceKlass org/gradle/internal/operations/BuildOperationMetadata
instanceKlass org/gradle/internal/logging/serializer/ProgressStartEventSerializer
instanceKlass org/gradle/internal/logging/serializer/SpanSerializer
instanceKlass org/gradle/internal/logging/serializer/StyledTextOutputEventSerializer
instanceKlass org/gradle/internal/logging/serializer/UserInputResumeEventSerializer
instanceKlass org/gradle/internal/logging/serializer/PromptOutputEventSerializer
instanceKlass org/gradle/internal/logging/serializer/UserInputRequestEventSerializer
instanceKlass org/gradle/internal/logging/serializer/LogEventSerializer
instanceKlass org/gradle/launcher/daemon/protocol/DaemonMessageSerializer$CloseInputSerializer
instanceKlass org/gradle/launcher/daemon/protocol/DaemonMessageSerializer$ForwardInputSerializer
instanceKlass org/gradle/launcher/daemon/protocol/DaemonMessageSerializer$BuildEventSerializer
instanceKlass org/gradle/launcher/daemon/protocol/DaemonMessageSerializer$FinishedSerializer
instanceKlass org/gradle/launcher/daemon/protocol/DaemonMessageSerializer$SuccessSerializer
instanceKlass org/gradle/launcher/daemon/protocol/DaemonMessageSerializer$FailureSerializer
instanceKlass org/gradle/launcher/daemon/protocol/DaemonMessageSerializer$BuildStartedSerializer
instanceKlass org/gradle/launcher/daemon/protocol/DaemonMessageSerializer$DaemonUnavailableSerializer
instanceKlass org/gradle/launcher/daemon/protocol/DaemonMessageSerializer$CancelSerializer
instanceKlass org/gradle/launcher/exec/BuildActionParameters
instanceKlass org/gradle/launcher/daemon/protocol/DaemonMessageSerializer$BuildActionParametersSerializer
instanceKlass org/gradle/launcher/daemon/protocol/DaemonMessageSerializer$BuildSerializer
instanceKlass org/gradle/launcher/daemon/protocol/DaemonMessageSerializer
instanceKlass org/gradle/launcher/daemon/server/DaemonTcpServerConnector
instanceKlass org/gradle/launcher/daemon/server/IncomingConnectionHandler
instanceKlass org/gradle/launcher/daemon/server/api/DaemonStateControl
instanceKlass org/gradle/internal/serialize/DefaultSerializerRegistry$TypeInfo
instanceKlass java/util/TreeMap$PrivateEntryIterator
instanceKlass org/gradle/tooling/internal/provider/action/BuildActionSerializer$TestExecutionRequestActionSerializer
instanceKlass org/gradle/tooling/internal/provider/action/BuildActionSerializer$ClientProvidedPhasedActionSerializer
instanceKlass org/gradle/tooling/internal/provider/serialization/SerializedPayloadSerializer
instanceKlass org/gradle/tooling/internal/provider/action/BuildActionSerializer$ClientProvidedBuildActionSerializer
instanceKlass org/gradle/tooling/internal/provider/action/BuildActionSerializer$BuildEventSubscriptionsSerializer
instanceKlass org/gradle/tooling/internal/provider/action/BuildActionSerializer$BuildModelActionSerializer
instanceKlass org/gradle/tooling/internal/provider/action/SubscribableBuildAction
instanceKlass org/gradle/tooling/internal/provider/action/BuildActionSerializer$ValueSerializer
instanceKlass org/gradle/internal/serialize/AbstractSerializer
instanceKlass org/gradle/internal/serialize/BaseSerializerFactory
instanceKlass org/gradle/internal/serialize/AbstractCollectionSerializer
instanceKlass org/gradle/tooling/internal/provider/action/BuildActionSerializer$NullableFileSerializer
instanceKlass org/gradle/tooling/internal/provider/action/BuildActionSerializer$StartParameterSerializer
instanceKlass org/gradle/tooling/internal/provider/action/BuildActionSerializer$ExecuteBuildActionSerializer
instanceKlass org/gradle/tooling/internal/provider/action/ExecuteBuildAction
instanceKlass org/gradle/internal/serialize/DefaultSerializerRegistry$HierarchySerializerMatcher
instanceKlass org/gradle/internal/serialize/DefaultSerializerRegistry$StrictSerializerMatcher
instanceKlass org/gradle/internal/serialize/DefaultSerializerRegistry$SerializerClassMatcherStrategy
instanceKlass org/gradle/internal/serialize/DefaultSerializerRegistry$1
instanceKlass org/gradle/internal/serialize/DefaultSerializerRegistry
instanceKlass org/gradle/internal/serialize/SerializerRegistry
instanceKlass org/gradle/tooling/internal/provider/action/BuildActionSerializer
instanceKlass org/gradle/initialization/BuildRequestContext
instanceKlass org/gradle/launcher/daemon/server/exec/WatchForDisconnection
instanceKlass org/gradle/launcher/daemon/server/exec/ResetDeprecationLogger
instanceKlass org/gradle/launcher/daemon/server/exec/RequestStopIfSingleUsedDaemon
instanceKlass org/gradle/launcher/daemon/server/api/StdinHandler
instanceKlass org/gradle/launcher/daemon/server/exec/ForwardClientInput
instanceKlass org/gradle/launcher/daemon/server/health/HealthLogger
instanceKlass org/gradle/launcher/daemon/server/exec/LogAndCheckHealth
instanceKlass org/gradle/launcher/daemon/server/exec/BuildCommandOnly
instanceKlass org/gradle/launcher/daemon/server/exec/ReturnResult
instanceKlass org/gradle/launcher/daemon/server/api/HandleReportStatus
instanceKlass org/gradle/launcher/daemon/server/exec/HandleCancel
instanceKlass org/gradle/launcher/daemon/server/api/HandleInvalidateVirtualFileSystem
instanceKlass org/gradle/launcher/daemon/protocol/Message
instanceKlass org/gradle/launcher/daemon/server/api/HandleStop
instanceKlass org/gradle/launcher/daemon/diagnostics/DaemonDiagnostics
instanceKlass org/gradle/tooling/internal/provider/BuildSessionLifecycleBuildActionExecuter
instanceKlass org/gradle/tooling/internal/provider/StartParamsValidatingActionExecuter
instanceKlass org/gradle/initialization/BuildRequestMetaData
instanceKlass org/gradle/initialization/exception/ExceptionAnalyser
instanceKlass org/gradle/initialization/exception/ExceptionCollector
instanceKlass org/gradle/tooling/internal/provider/SessionFailureReportingActionExecuter
instanceKlass org/gradle/StartParameter
instanceKlass org/gradle/concurrent/ParallelismConfiguration
instanceKlass org/gradle/tooling/internal/provider/SetupLoggingActionExecuter
instanceKlass org/gradle/api/internal/initialization/loadercache/ClassLoaderCache
instanceKlass org/gradle/cache/internal/FileContentCacheFactory
instanceKlass org/gradle/cache/scopes/ScopedCache
instanceKlass org/gradle/internal/hash/ClassLoaderHierarchyHasher
instanceKlass org/gradle/internal/execution/timeout/TimeoutHandler
instanceKlass org/gradle/cache/CacheRepository
instanceKlass org/gradle/cache/internal/CacheScopeMapping
instanceKlass org/gradle/internal/file/FileAccessTimeJournal
instanceKlass org/gradle/internal/classloader/HashingClassLoaderFactory
instanceKlass org/gradle/cache/GlobalCacheLocations
instanceKlass org/gradle/groovy/scripts/internal/ScriptSourceHasher
instanceKlass org/gradle/process/internal/worker/WorkerProcessFactory
instanceKlass org/gradle/initialization/ClassLoaderScopeRegistry
instanceKlass org/gradle/internal/isolation/IsolatableFactory
instanceKlass org/gradle/internal/service/scopes/WorkerSharedUserHomeScopeServices
instanceKlass org/gradle/internal/service/scopes/DefaultGradleUserHomeScopeServiceRegistry
instanceKlass org/gradle/internal/logging/text/AbstractStyledTextOutputFactory
instanceKlass org/gradle/launcher/daemon/server/expiry/DaemonExpirationResult
instanceKlass org/gradle/internal/event/DefaultListenerManager$EventBroadcast
instanceKlass org/gradle/launcher/daemon/server/expiry/DaemonExpirationListener
instanceKlass com/google/common/collect/ObjectArrays
instanceKlass org/gradle/launcher/daemon/server/health/LowNonHeapDaemonExpirationStrategy
instanceKlass org/gradle/launcher/daemon/server/health/LowHeapSpaceDaemonExpirationStrategy
instanceKlass org/gradle/launcher/daemon/server/health/GcThrashingDaemonExpirationStrategy
instanceKlass org/gradle/launcher/daemon/server/expiry/AnyDaemonExpirationStrategy
instanceKlass java/lang/FunctionalInterface
instanceKlass java/util/concurrent/ConcurrentHashMap$Traverser
instanceKlass org/gradle/internal/service/DefaultServiceRegistry$RegistrationWrapper
instanceKlass org/gradle/internal/service/scopes/Scopes$Build
instanceKlass org/gradle/internal/service/scopes/EventScope
instanceKlass kotlin/annotation/Target
instanceKlass kotlin/annotation/Retention
instanceKlass kotlin/Metadata
instanceKlass java/lang/annotation/Documented
instanceKlass org/gradle/api/Incubating
instanceKlass sun/reflect/ClassDefiner$1
instanceKlass sun/reflect/ClassDefiner
instanceKlass sun/reflect/MethodAccessorGenerator$1
instanceKlass sun/reflect/Label$PatchInfo
instanceKlass sun/reflect/Label
instanceKlass sun/reflect/UTF8
instanceKlass sun/reflect/ClassFileAssembler
instanceKlass sun/reflect/ByteVectorImpl
instanceKlass sun/reflect/ByteVector
instanceKlass sun/reflect/ByteVectorFactory
instanceKlass sun/reflect/AccessorGenerator
instanceKlass sun/reflect/ClassFileConstants
instanceKlass org/gradle/internal/service/scopes/Scopes$BuildTree
instanceKlass org/gradle/internal/service/scopes/Scopes$BuildSession
instanceKlass org/gradle/internal/service/scopes/Scopes$UserHome
instanceKlass java/lang/annotation/Target
instanceKlass sun/reflect/annotation/AnnotationInvocationHandler
instanceKlass sun/reflect/annotation/AnnotationParser$1
instanceKlass sun/reflect/annotation/ExceptionProxy
instanceKlass java/lang/annotation/Inherited
instanceKlass java/lang/annotation/Retention
instanceKlass sun/reflect/annotation/AnnotationType$1
instanceKlass java/lang/reflect/GenericArrayType
instanceKlass org/gradle/internal/service/scopes/ServiceScope
instanceKlass sun/reflect/annotation/AnnotationParser
instanceKlass org/gradle/internal/service/scopes/StatefulListener
instanceKlass org/gradle/internal/service/scopes/Scope$Global
instanceKlass org/gradle/internal/service/scopes/Scope
instanceKlass java/util/concurrent/locks/LockSupport
instanceKlass java/util/concurrent/Executors$RunnableAdapter
instanceKlass java/util/concurrent/Executors
instanceKlass java/util/concurrent/FutureTask$WaitNode
instanceKlass java/util/concurrent/FutureTask
instanceKlass org/gradle/internal/concurrent/ManagedExecutorImpl$1
instanceKlass org/gradle/launcher/daemon/server/health/gc/GarbageCollectionCheck
instanceKlass org/gradle/launcher/daemon/server/health/gc/DefaultGarbageCollectionMonitor$1
instanceKlass java/util/concurrent/BlockingDeque
instanceKlass org/gradle/launcher/daemon/server/health/gc/DefaultSlidingWindow
instanceKlass org/gradle/launcher/daemon/server/health/gc/SlidingWindow
instanceKlass org/gradle/launcher/daemon/server/health/gc/DefaultGarbageCollectionMonitor
instanceKlass org/gradle/launcher/daemon/server/health/gc/GarbageCollectionInfo
instanceKlass org/gradle/internal/concurrent/ExecutorPolicy$CatchAndRecordFailures
instanceKlass java/util/concurrent/RunnableScheduledFuture
instanceKlass java/util/concurrent/ScheduledFuture
instanceKlass java/util/concurrent/Delayed
instanceKlass java/util/concurrent/RunnableFuture
instanceKlass java/util/concurrent/Future
instanceKlass org/gradle/internal/concurrent/ThreadFactoryImpl
instanceKlass java/util/concurrent/ThreadPoolExecutor$AbortPolicy
instanceKlass java/util/concurrent/RejectedExecutionHandler
instanceKlass java/util/concurrent/Callable
instanceKlass java/util/concurrent/AbstractExecutorService
instanceKlass java/util/concurrent/ThreadFactory
instanceKlass org/gradle/internal/concurrent/ManagedScheduledExecutor
instanceKlass java/util/concurrent/ScheduledExecutorService
instanceKlass org/gradle/internal/concurrent/ManagedExecutor
instanceKlass java/util/concurrent/ExecutorService
instanceKlass java/util/concurrent/Executor
instanceKlass org/gradle/internal/concurrent/AsyncStoppable
instanceKlass org/gradle/internal/concurrent/ExecutorPolicy
instanceKlass org/gradle/internal/concurrent/DefaultExecutorFactory
instanceKlass org/gradle/launcher/daemon/server/health/gc/GarbageCollectorMonitoringStrategy$3
instanceKlass sun/management/Sensor
instanceKlass sun/management/MemoryPoolImpl
instanceKlass java/lang/management/MemoryPoolMXBean
instanceKlass org/gradle/launcher/daemon/server/health/gc/GarbageCollectorMonitoringStrategy$2
instanceKlass org/gradle/launcher/daemon/server/health/gc/GarbageCollectorMonitoringStrategy$1
instanceKlass com/sun/management/GarbageCollectorMXBean
instanceKlass java/lang/management/GarbageCollectorMXBean
instanceKlass sun/management/ManagementFactory
instanceKlass java/lang/management/MemoryManagerMXBean
instanceKlass sun/management/NotificationEmitterSupport
instanceKlass javax/management/NotificationEmitter
instanceKlass javax/management/NotificationBroadcaster
instanceKlass java/lang/management/MemoryMXBean
instanceKlass java/lang/management/PlatformManagedObject
instanceKlass sun/management/VMManagementImpl
instanceKlass sun/management/VMManagement
instanceKlass sun/management/ManagementFactoryHelper$4
instanceKlass sun/management/ManagementFactoryHelper
instanceKlass java/lang/management/ManagementFactory
instanceKlass org/gradle/launcher/daemon/server/health/gc/GarbageCollectionMonitor
instanceKlass org/gradle/internal/time/DefaultTimer
instanceKlass org/gradle/internal/logging/text/AbstractLineChoppingStyledTextOutput$StateContext
instanceKlass java/text/DontCareFieldPosition$1
instanceKlass java/text/Format$FieldDelegate
instanceKlass java/util/Date
instanceKlass java/text/DigitList
instanceKlass java/text/FieldPosition
instanceKlass java/util/Currency$CurrencyNameGetter
instanceKlass java/util/Currency$1
instanceKlass java/util/Currency
instanceKlass java/text/DecimalFormatSymbols
instanceKlass java/util/concurrent/atomic/AtomicMarkableReference$Pair
instanceKlass java/util/concurrent/atomic/AtomicMarkableReference
instanceKlass java/text/DateFormatSymbols
instanceKlass sun/util/calendar/CalendarUtils
instanceKlass sun/util/calendar/CalendarDate
instanceKlass sun/util/locale/LanguageTag
instanceKlass java/util/ResourceBundle$CacheKeyReference
instanceKlass java/util/ResourceBundle$CacheKey
instanceKlass java/util/ResourceBundle$RBClassLoader$1
instanceKlass java/util/spi/ResourceBundleControlProvider
instanceKlass java/util/ResourceBundle
instanceKlass java/util/ResourceBundle$Control
instanceKlass sun/util/resources/LocaleData$1
instanceKlass sun/util/resources/LocaleData
instanceKlass sun/util/locale/provider/LocaleResources
instanceKlass sun/util/locale/provider/CalendarDataUtility$CalendarWeekParameterGetter
instanceKlass sun/util/locale/provider/LocaleServiceProviderPool$LocalizedObjectGetter
instanceKlass java/util/ServiceLoader$1
instanceKlass java/util/ServiceLoader$LazyIterator
instanceKlass java/util/ServiceLoader
instanceKlass sun/util/locale/provider/SPILocaleProviderAdapter$1
instanceKlass sun/util/locale/provider/LocaleServiceProviderPool
instanceKlass sun/util/locale/provider/CalendarDataUtility
instanceKlass java/util/Calendar$Builder
instanceKlass sun/util/locale/provider/JRELocaleProviderAdapter$1
instanceKlass sun/util/locale/provider/LocaleDataMetaInfo
instanceKlass sun/util/locale/provider/AvailableLanguageTags
instanceKlass sun/util/locale/provider/LocaleProviderAdapter$1
instanceKlass sun/util/locale/provider/ResourceBundleBasedAdapter
instanceKlass sun/util/locale/provider/LocaleProviderAdapter
instanceKlass java/util/spi/LocaleServiceProvider
instanceKlass java/util/Calendar
instanceKlass java/util/TimeZone$1
instanceKlass sun/util/calendar/ZoneInfoFile$ZoneOffsetTransitionRule
instanceKlass sun/util/calendar/ZoneInfoFile$1
instanceKlass sun/util/calendar/ZoneInfoFile
instanceKlass sun/util/calendar/CalendarSystem
instanceKlass java/util/TimeZone
instanceKlass java/text/AttributedCharacterIterator$Attribute
instanceKlass java/text/Format
instanceKlass org/gradle/internal/logging/sink/LogEventDispatcher
instanceKlass org/gradle/internal/logging/text/AbstractLineChoppingStyledTextOutput$SeenFromEol
instanceKlass org/gradle/internal/logging/text/AbstractLineChoppingStyledTextOutput$4
instanceKlass org/gradle/internal/logging/text/AbstractLineChoppingStyledTextOutput$3
instanceKlass org/gradle/internal/logging/text/AbstractLineChoppingStyledTextOutput$2
instanceKlass org/gradle/internal/logging/text/AbstractLineChoppingStyledTextOutput$1
instanceKlass org/gradle/internal/logging/text/AbstractLineChoppingStyledTextOutput$State
instanceKlass org/gradle/internal/logging/text/StreamBackedStandardOutputListener
instanceKlass org/gradle/internal/logging/text/AbstractStyledTextOutput
instanceKlass org/gradle/internal/logging/console/StyledTextOutputBackedRenderer
instanceKlass org/slf4j/helpers/FormattingTuple
instanceKlass org/slf4j/helpers/MessageFormatter
instanceKlass net/rubygrapefruit/platform/internal/FunctionResult
instanceKlass org/gradle/internal/logging/source/PrintStreamLoggingSystem$PrintStreamDestination
instanceKlass java/util/logging/ErrorManager
instanceKlass org/gradle/internal/logging/source/JavaUtilLoggingSystem$SnapshotImpl
instanceKlass org/gradle/internal/logging/config/LoggingSystemAdapter$SnapshotImpl
instanceKlass org/gradle/internal/dispatch/MethodInvocation
instanceKlass org/gradle/internal/logging/sink/OutputEventRenderer$SnapshotImpl
instanceKlass org/gradle/process/internal/shutdown/ShutdownHooks
instanceKlass org/gradle/launcher/daemon/bootstrap/DaemonMain$1
instanceKlass com/google/common/io/Files$2
instanceKlass com/google/common/base/Predicate
instanceKlass java/util/function/Predicate
instanceKlass com/google/common/graph/SuccessorsFunction
instanceKlass com/google/common/io/ByteSink
instanceKlass com/google/common/io/LineProcessor
instanceKlass com/google/common/io/ByteSource
instanceKlass com/google/common/io/Files
instanceKlass org/gradle/util/internal/GFileUtils
instanceKlass java/util/regex/Pattern$CharPropertyNames$CharPropertyFactory
instanceKlass java/util/regex/Pattern$CharPropertyNames
instanceKlass org/gradle/util/GradleVersion
instanceKlass org/gradle/launcher/daemon/context/DefaultDaemonContext$Serializer
instanceKlass org/gradle/launcher/daemon/context/DefaultDaemonContext
instanceKlass net/rubygrapefruit/platform/internal/jni/PosixProcessFunctions
instanceKlass org/gradle/internal/FileUtils$1
instanceKlass org/gradle/internal/FileUtils
instanceKlass org/gradle/internal/nativeintegration/ReflectiveEnvironment
instanceKlass org/gradle/internal/nativeintegration/processenvironment/AbstractProcessEnvironment
instanceKlass net/rubygrapefruit/platform/internal/DefaultProcess
instanceKlass net/rubygrapefruit/platform/internal/WrapperProcess
instanceKlass net/rubygrapefruit/platform/file/WindowsFiles
instanceKlass org/gradle/launcher/daemon/context/DaemonContextBuilder
instanceKlass org/gradle/internal/id/UUIDGenerator
instanceKlass org/gradle/internal/id/IdGenerator
instanceKlass org/gradle/internal/remote/MessagingServer
instanceKlass org/gradle/internal/remote/MessagingClient
instanceKlass org/gradle/internal/remote/internal/IncomingConnector
instanceKlass org/gradle/internal/remote/internal/OutgoingConnector
instanceKlass org/gradle/internal/remote/services/MessagingServices
instanceKlass org/gradle/api/internal/file/DefaultFileLookup
instanceKlass org/gradle/internal/scripts/DefaultScriptFileResolver
instanceKlass org/gradle/internal/scripts/ScriptFileResolver
instanceKlass org/gradle/initialization/layout/BuildLayoutFactory
instanceKlass org/gradle/tooling/internal/provider/runner/OperationDependencyLookup
instanceKlass org/gradle/tooling/internal/provider/runner/ToolingApiBuildEventListenerFactory
instanceKlass org/gradle/configurationcache/serialization/beans/BeanConstructors
instanceKlass org/gradle/nativeplatform/NativeBinarySpec
instanceKlass org/gradle/platform/base/BinarySpec
instanceKlass org/gradle/platform/base/Binary
instanceKlass org/gradle/api/CheckableComponentSpec
instanceKlass org/gradle/api/BuildableComponentSpec
instanceKlass org/gradle/platform/base/ComponentSpec
instanceKlass org/gradle/model/ModelElement
instanceKlass org/gradle/api/Buildable
instanceKlass org/gradle/internal/resource/transport/sftp/SftpClientFactory
instanceKlass org/gradle/internal/resource/transport/sftp/SftpResourcesPluginServiceRegistry$GlobalScopeServices
instanceKlass org/gradle/internal/resource/transport/aws/s3/S3ResourcesPluginServiceRegistry$GlobalScopeServices
instanceKlass org/gradle/internal/resource/transport/gcp/gcs/GcsResourcesPluginServiceRegistry$GlobalScopeServices
instanceKlass org/gradle/nativeplatform/TargetMachineBuilder
instanceKlass org/gradle/nativeplatform/TargetMachine
instanceKlass org/gradle/nativeplatform/internal/DefaultTargetMachineFactory
instanceKlass org/gradle/nativeplatform/TargetMachineFactory
instanceKlass org/gradle/nativeplatform/internal/NativePlatformResolver
instanceKlass org/gradle/platform/base/internal/PlatformResolver
instanceKlass org/gradle/nativeplatform/platform/internal/NativePlatformInternal
instanceKlass org/gradle/nativeplatform/platform/NativePlatform
instanceKlass org/gradle/platform/base/Platform
instanceKlass org/gradle/nativeplatform/platform/internal/OperatingSystemInternal
instanceKlass org/gradle/nativeplatform/platform/OperatingSystem
instanceKlass org/gradle/api/Named
instanceKlass org/gradle/nativeplatform/platform/internal/NativePlatforms
instanceKlass org/gradle/internal/logging/text/DiagnosticsVisitor
instanceKlass org/gradle/buildinit/plugins/internal/action/InitBuiltInCommand
instanceKlass org/gradle/api/component/SoftwareComponentFactory
instanceKlass org/gradle/api/plugins/internal/PluginAuthorServices$GlobalScopeServices
instanceKlass org/gradle/internal/build/event/BuildEventSubscriptions
instanceKlass org/gradle/internal/build/event/OperationResultPostProcessorFactory
instanceKlass org/gradle/language/java/internal/JavaLanguagePluginServiceRegistry$JavaGlobalScopeServices
instanceKlass org/gradle/platform/base/internal/registry/ComponentModelBaseServiceRegistry$GlobalScopeServices
instanceKlass org/gradle/reporting/ReportRenderer
instanceKlass org/gradle/api/reporting/components/internal/DiagnosticsServices$1
instanceKlass org/gradle/api/plugins/internal/HelpBuiltInCommand
instanceKlass org/gradle/configuration/project/BuiltInCommand
instanceKlass org/gradle/internal/resource/transport/http/HttpClientHelper$Factory
instanceKlass org/gradle/internal/resource/transport/http/SslContextFactory
instanceKlass org/gradle/internal/resource/transport/http/HttpResourcesPluginServiceRegistry$GlobalScopeServices
instanceKlass org/gradle/api/internal/artifacts/configurations/MarkConfigurationObservedListener
instanceKlass org/gradle/api/internal/artifacts/configurations/ProjectDependencyObservedListener
instanceKlass org/gradle/internal/resource/ExternalResourceName
instanceKlass org/gradle/api/Describable
instanceKlass org/gradle/api/artifacts/component/ComponentSelector
instanceKlass org/gradle/api/internal/artifacts/dsl/dependencies/PlatformSupport
instanceKlass org/gradle/api/internal/attributes/EmptySchema
instanceKlass org/gradle/api/internal/attributes/AttributesSchemaInternal
instanceKlass org/gradle/api/internal/attributes/DescribableAttributesSchema
instanceKlass org/gradle/api/attributes/AttributesSchema
instanceKlass org/gradle/cache/internal/ProducerGuard
instanceKlass org/gradle/internal/typeconversion/NotationParser
instanceKlass org/gradle/api/internal/artifacts/transform/ArtifactTransformActionScheme
instanceKlass org/gradle/api/internal/artifacts/transform/ArtifactTransformParameterScheme
instanceKlass org/gradle/api/internal/artifacts/ivyservice/moduleconverter/dependencies/AbstractIvyDependencyDescriptorFactory
instanceKlass org/gradle/api/internal/artifacts/ivyservice/moduleconverter/dependencies/IvyDependencyDescriptorFactory
instanceKlass org/gradle/api/internal/tasks/properties/annotations/AbstractInputFilePropertyAnnotationHandler
instanceKlass org/gradle/api/internal/artifacts/ivyservice/moduleconverter/dependencies/ExcludeRuleConverter
instanceKlass org/gradle/api/internal/artifacts/ImmutableModuleIdentifierFactory
instanceKlass org/gradle/internal/resource/local/FileResourceRepository
instanceKlass org/gradle/internal/resource/ExternalResourceRepository
instanceKlass org/gradle/api/internal/artifacts/ivyservice/IvyContextManager
instanceKlass org/gradle/internal/resource/connector/ResourceConnectorFactory
instanceKlass org/gradle/internal/typeconversion/NotationConverter
instanceKlass org/gradle/api/internal/artifacts/ivyservice/moduleconverter/dependencies/LocalConfigurationMetadataBuilder
instanceKlass org/gradle/api/internal/artifacts/ivyservice/moduleconverter/LocalComponentMetadataBuilder
instanceKlass org/gradle/api/internal/artifacts/ivyservice/moduleconverter/dependencies/DependencyDescriptorFactory
instanceKlass org/gradle/api/internal/artifacts/DependencyManagementGlobalScopeServices
instanceKlass org/gradle/kotlin/dsl/support/ImplicitImports
instanceKlass org/gradle/kotlin/dsl/support/GlobalServices
instanceKlass org/gradle/internal/build/event/BuildEventServices$1
instanceKlass org/gradle/internal/build/event/BuildEventListenerFactory
instanceKlass org/gradle/internal/operations/BuildOperationListener
instanceKlass org/gradle/initialization/BuildEventConsumer
instanceKlass org/gradle/internal/build/event/DefaultBuildEventsListenerRegistry
instanceKlass org/gradle/internal/build/event/BuildEventListenerRegistryInternal
instanceKlass org/gradle/build/event/BuildEventsListenerRegistry
instanceKlass org/gradle/internal/snapshot/impl/DirectorySnapshotterStatistics$Collector
instanceKlass org/gradle/api/internal/changedetection/state/FileHasherStatistics$Collector
instanceKlass org/gradle/internal/service/scopes/VirtualFileSystemServices$GlobalScopeServices
instanceKlass org/gradle/internal/operations/BuildOperationAncestryTracker
instanceKlass org/gradle/api/internal/tasks/properties/PropertyWalker
instanceKlass org/gradle/internal/service/scopes/ExecutionGlobalServices$AnnotationHandlerRegistration
instanceKlass org/gradle/api/internal/tasks/properties/TaskScheme
instanceKlass org/gradle/api/internal/tasks/properties/TypeScheme
instanceKlass org/gradle/internal/service/scopes/ExecutionGlobalServices$AnnotationHandlerRegistar
instanceKlass org/gradle/api/internal/tasks/properties/InspectionSchemeFactory
instanceKlass org/gradle/api/model/ReplacedBy
instanceKlass org/gradle/api/tasks/Internal
instanceKlass org/gradle/api/tasks/OutputFiles
instanceKlass org/gradle/api/tasks/OutputFile
instanceKlass org/gradle/api/tasks/OutputDirectory
instanceKlass org/gradle/api/tasks/OutputDirectories
instanceKlass org/gradle/api/tasks/options/OptionValues
instanceKlass org/gradle/api/tasks/Nested
instanceKlass org/gradle/api/tasks/LocalState
instanceKlass org/gradle/api/tasks/InputFiles
instanceKlass org/gradle/api/tasks/InputFile
instanceKlass org/gradle/api/tasks/InputDirectory
instanceKlass org/gradle/api/artifacts/transform/InputArtifactDependencies
instanceKlass org/gradle/api/artifacts/transform/InputArtifact
instanceKlass org/gradle/api/tasks/Input
instanceKlass org/gradle/api/tasks/Destroys
instanceKlass org/gradle/api/tasks/Console
instanceKlass org/gradle/internal/execution/TaskExecutionTracker
instanceKlass org/gradle/internal/reflect/annotations/TypeAnnotationMetadataStore
instanceKlass org/gradle/api/internal/project/taskfactory/TaskClassInfoStore
instanceKlass org/gradle/api/internal/tasks/properties/annotations/TypeAnnotationHandler
instanceKlass org/gradle/internal/service/scopes/ExecutionGlobalServices
instanceKlass org/gradle/tooling/internal/provider/ExecuteBuildActionRunner
instanceKlass org/gradle/internal/buildtree/BuildActionRunner
instanceKlass org/gradle/tooling/internal/provider/serialization/ClassLoaderCache
instanceKlass org/gradle/internal/filewatch/FileSystemChangeWaiterFactory
instanceKlass org/gradle/tooling/internal/provider/LauncherServices$ToolingGlobalScopeServices
instanceKlass org/gradle/internal/service/DefaultServiceLocator$ServiceFactory
instanceKlass org/gradle/internal/service/scopes/AbstractPluginServiceRegistry
instanceKlass org/gradle/internal/service/scopes/PluginServiceRegistry
instanceKlass java/nio/file/attribute/FileTime
instanceKlass com/google/common/collect/CollectPreconditions
instanceKlass com/google/common/collect/Lists
instanceKlass org/gradle/util/internal/CollectionUtils
instanceKlass org/gradle/api/specs/NotSpec
instanceKlass org/gradle/api/internal/DynamicModulesClassPathProvider$1
instanceKlass org/gradle/api/internal/classpath/DefaultModuleRegistry$DefaultModule
instanceKlass org/gradle/internal/IoActions
instanceKlass org/gradle/api/Transformer
instanceKlass org/gradle/util/internal/GUtil
instanceKlass org/gradle/api/internal/classpath/DefaultModuleRegistry$$Lambda$6
instanceKlass java/util/NavigableSet
instanceKlass java/util/SortedSet
instanceKlass com/google/common/collect/Sets
instanceKlass groovy/lang/MetaClass
instanceKlass groovy/lang/MetaObjectProtocol
instanceKlass groovy/lang/GroovySystem
instanceKlass groovy/lang/MetaClassRegistry
instanceKlass groovy/lang/GroovyObject
instanceKlass org/objectweb/asm/ClassVisitor
instanceKlass java/util/ComparableTimSort
instanceKlass java/util/Arrays$LegacyMergeSort
instanceKlass org/gradle/internal/util/Trie$Builder
instanceKlass org/gradle/internal/util/Trie
instanceKlass org/gradle/internal/classloader/FilteringClassLoader$TrieSet
instanceKlass java/util/zip/ZipUtils
instanceKlass java/lang/Package$1
instanceKlass org/gradle/internal/classloader/ClassLoaderUtils$ReflectionPackagesFetcher
instanceKlass java/lang/AssertionStatusDirectives
instanceKlass org/gradle/internal/classloader/ClassLoaderUtils$ReflectionClassDefiner
instanceKlass org/gradle/internal/classloader/ClassLoaderUtils$ClassLoaderPackagesFetcher
instanceKlass org/gradle/internal/classloader/ClassLoaderUtils$ClassDefiner
instanceKlass org/gradle/internal/classloader/ClassLoaderUtils
instanceKlass org/gradle/initialization/GradleApiSpecAggregator$DefaultSpec
instanceKlass kotlin/jvm/internal/Intrinsics
instanceKlass kotlin/collections/SetsKt__SetsJVMKt
instanceKlass com/google/common/collect/PeekingIterator
instanceKlass com/google/common/collect/UnmodifiableIterator
instanceKlass com/google/common/collect/Iterators
instanceKlass com/google/common/collect/Hashing
instanceKlass com/google/common/base/Java8Usage$$Lambda$5
instanceKlass java/lang/invoke/LambdaForm$DMH
instanceKlass com/google/common/base/Java8Usage
instanceKlass com/google/common/base/Preconditions
instanceKlass org/apache/groovy/json/DefaultFastStringServiceFactory
instanceKlass org/apache/groovy/json/FastStringServiceFactory
instanceKlass org/gradle/internal/reflect/ReflectionCache$CacheEntry
instanceKlass com/google/common/math/IntMath$1
instanceKlass com/google/common/math/MathPreconditions
instanceKlass com/google/common/math/IntMath
instanceKlass com/google/common/collect/ImmutableCollection$Builder
instanceKlass com/google/common/collect/ImmutableSet$SetBuilderImpl
instanceKlass org/gradle/kotlin/dsl/provider/KotlinGradleApiSpecProvider
instanceKlass org/gradle/initialization/GradleApiSpecProvider$SpecAdapter
instanceKlass org/gradle/initialization/GradleApiSpecProvider
instanceKlass org/gradle/internal/service/DefaultServiceLocator
instanceKlass org/gradle/initialization/GradleApiSpecProvider$Spec
instanceKlass org/gradle/initialization/GradleApiSpecAggregator
instanceKlass org/gradle/internal/reflect/CachedInvokable
instanceKlass com/google/common/base/Function
instanceKlass org/gradle/internal/reflect/ReflectionCache
instanceKlass org/gradle/internal/reflect/DirectInstantiator
instanceKlass org/gradle/initialization/DefaultClassLoaderRegistry
instanceKlass org/gradle/internal/installation/GradleRuntimeShadedJarDetector
instanceKlass sun/net/www/protocol/jar/JarFileFactory
instanceKlass sun/net/www/protocol/jar/URLJarFile$URLJarFileCloseController
instanceKlass org/objectweb/asm/Type
instanceKlass org/gradle/initialization/DefaultLegacyTypesSupport
instanceKlass org/gradle/api/internal/DynamicModulesClassPathProvider
instanceKlass org/gradle/api/internal/DefaultClassPathProvider
instanceKlass org/gradle/api/internal/ClassPathProvider
instanceKlass org/gradle/api/internal/DefaultClassPathRegistry
instanceKlass org/gradle/api/internal/classpath/DefaultPluginModuleRegistry
instanceKlass org/gradle/api/internal/classpath/ManifestUtil
instanceKlass org/gradle/internal/classloader/ClassLoaderSpec
instanceKlass org/gradle/internal/classloader/ClassLoaderHierarchy
instanceKlass org/gradle/internal/classloader/ClassLoaderVisitor
instanceKlass org/gradle/api/internal/classpath/DefaultModuleRegistry$$Lambda$4
instanceKlass org/gradle/api/internal/classpath/Module
instanceKlass org/gradle/internal/installation/GradleInstallation$1
instanceKlass org/gradle/internal/installation/GradleInstallation
instanceKlass org/gradle/internal/classloader/ClasspathUtil
instanceKlass org/gradle/internal/installation/CurrentGradleInstallationLocator
instanceKlass org/gradle/api/internal/tasks/properties/annotations/AbstractOutputPropertyAnnotationHandler
instanceKlass org/gradle/api/internal/tasks/properties/annotations/PropertyAnnotationHandler
instanceKlass org/gradle/internal/instantiation/InjectAnnotationHandler
instanceKlass org/gradle/model/internal/manage/schema/extract/ModelSchemaExtractionStrategy
instanceKlass org/gradle/model/internal/manage/schema/extract/ModelSchemaAspectExtractionStrategy
instanceKlass org/gradle/model/internal/inspect/MethodModelRuleExtractor
instanceKlass org/gradle/api/tasks/util/PatternSet
instanceKlass org/gradle/api/tasks/util/PatternFilterable
instanceKlass org/gradle/api/tasks/AntBuilderAware
instanceKlass org/gradle/internal/event/DefaultListenerManager
instanceKlass org/gradle/api/internal/DocumentationRegistry
instanceKlass org/gradle/cache/internal/locklistener/DefaultFileLockContentionHandler
instanceKlass org/gradle/internal/remote/internal/inet/InetAddressFactory
instanceKlass org/gradle/cache/internal/locklistener/FileLockContentionHandler
instanceKlass org/gradle/api/internal/file/FileLookup
instanceKlass org/gradle/internal/state/ManagedFactoryRegistry
instanceKlass org/gradle/api/internal/tasks/TaskDependencyFactory
instanceKlass org/gradle/api/internal/file/DefaultFilePropertyFactory
instanceKlass org/gradle/api/internal/file/FileFactory
instanceKlass org/gradle/api/internal/file/FileResolver
instanceKlass org/gradle/internal/file/PathToFileResolver
instanceKlass org/gradle/internal/file/RelativeFilePathResolver
instanceKlass org/gradle/api/internal/provider/PropertyHost
instanceKlass org/gradle/internal/operations/BuildOperationProgressEventEmitter
instanceKlass org/gradle/execution/DefaultWorkValidationWarningRecorder
instanceKlass org/gradle/execution/WorkValidationWarningReporter
instanceKlass org/gradle/internal/execution/steps/ValidateStep$ValidationWarningRecorder
instanceKlass org/gradle/internal/operations/CurrentBuildOperationRef
instanceKlass org/gradle/model/internal/inspect/ModelRuleSourceDetector
instanceKlass org/gradle/model/internal/manage/schema/extract/ModelSchemaAspectExtractor
instanceKlass org/gradle/model/internal/inspect/ModelRuleExtractor
instanceKlass org/gradle/api/internal/model/NamedObjectInstantiator
instanceKlass org/gradle/internal/state/ManagedFactory
instanceKlass org/gradle/api/internal/file/FilePropertyFactory
instanceKlass org/gradle/model/internal/manage/instance/ManagedProxyFactory
instanceKlass org/gradle/internal/service/CachingServiceLocator
instanceKlass org/gradle/api/internal/cache/StringInterner
instanceKlass com/google/common/collect/Interner
instanceKlass org/gradle/api/internal/classpath/DefaultModuleRegistry
instanceKlass org/gradle/cache/GlobalCache
instanceKlass org/gradle/internal/installation/CurrentGradleInstallation
instanceKlass org/gradle/api/internal/classpath/ModuleRegistry
instanceKlass org/gradle/internal/instantiation/InstanceGenerator
instanceKlass java/lang/invoke/LambdaForm$MH
instanceKlass java/lang/invoke/LambdaForm$DMH
instanceKlass java/lang/invoke/LambdaForm$DMH
instanceKlass org/gradle/internal/service/scopes/GlobalScopeServices$$Lambda$3
instanceKlass org/gradle/internal/environment/GradleBuildEnvironment
instanceKlass java/lang/invoke/LambdaForm$DMH
instanceKlass org/gradle/process/internal/health/memory/MemoryManager
instanceKlass org/gradle/internal/operations/BuildOperationListenerManager
instanceKlass org/gradle/internal/resources/ResourceLockCoordinationService
instanceKlass org/gradle/internal/execution/history/changes/ExecutionStateChangeDetector
instanceKlass org/gradle/api/internal/collections/DomainObjectCollectionFactory
instanceKlass org/gradle/internal/service/scopes/GradleUserHomeScopeServiceRegistry
instanceKlass org/gradle/initialization/ClassLoaderRegistry
instanceKlass org/gradle/api/internal/classpath/PluginModuleRegistry
instanceKlass org/gradle/internal/execution/history/OverlappingOutputDetector
instanceKlass org/gradle/model/internal/manage/binding/StructBindingsStore
instanceKlass org/gradle/process/internal/health/memory/JvmMemoryInfo
instanceKlass org/gradle/internal/instantiation/InstantiatorFactory
instanceKlass org/gradle/internal/instantiation/PropertyRoleAnnotationHandler
instanceKlass org/gradle/model/internal/manage/schema/ModelSchemaStore
instanceKlass org/gradle/model/internal/manage/schema/extract/ModelSchemaExtractor
instanceKlass org/gradle/api/execution/internal/TaskInputsListeners
instanceKlass org/gradle/configuration/ImportsReader
instanceKlass org/gradle/internal/filewatch/FileWatcherFactory
instanceKlass org/gradle/cache/internal/InMemoryCacheDecoratorFactory
instanceKlass org/gradle/api/model/ObjectFactory
instanceKlass org/gradle/internal/reflect/Instantiator
instanceKlass org/gradle/initialization/JdkToolsInitializer
instanceKlass org/gradle/internal/classloader/ClassLoaderFactory
instanceKlass org/gradle/internal/service/ServiceLocator
instanceKlass org/gradle/api/tasks/util/internal/PatternSpecFactory
instanceKlass org/gradle/api/internal/ClassPathRegistry
instanceKlass org/gradle/process/internal/health/memory/OsMemoryInfo
instanceKlass org/gradle/cache/internal/CrossBuildInMemoryCacheFactory
instanceKlass org/gradle/internal/file/Deleter
instanceKlass org/gradle/internal/hash/StreamHasher
instanceKlass org/gradle/initialization/LegacyTypesSupport
instanceKlass org/gradle/cache/internal/CacheFactory
instanceKlass org/gradle/api/internal/provider/PropertyFactory
instanceKlass org/gradle/internal/logging/progress/ProgressLoggerFactory
instanceKlass org/gradle/internal/logging/progress/ProgressListener
instanceKlass org/gradle/internal/operations/BuildOperationIdFactory
instanceKlass org/gradle/api/internal/file/FileCollectionFactory
instanceKlass org/gradle/cache/internal/ProcessMetaDataProvider
instanceKlass org/gradle/internal/jvm/inspection/JvmVersionDetector
instanceKlass org/gradle/api/internal/file/collections/DirectoryFileTreeFactory
instanceKlass org/gradle/process/internal/ExecFactory
instanceKlass org/gradle/api/internal/ProcessOperations
instanceKlass org/gradle/process/internal/JavaForkOptionsFactory
instanceKlass org/gradle/process/internal/JavaExecHandleFactory
instanceKlass org/gradle/process/internal/ExecHandleFactory
instanceKlass org/gradle/process/internal/ExecActionFactory
instanceKlass org/gradle/internal/jvm/inspection/JvmMetadataDetector
instanceKlass org/gradle/internal/service/scopes/BasicGlobalScopeServices
instanceKlass org/gradle/cache/FileLockManager
instanceKlass org/gradle/launcher/daemon/registry/DaemonDir
instanceKlass org/gradle/internal/concurrent/Synchronizer
instanceKlass org/gradle/cache/internal/CacheSupport
instanceKlass org/gradle/cache/internal/CacheAccessSerializer
instanceKlass org/gradle/cache/Cache
instanceKlass org/gradle/launcher/daemon/registry/DaemonRegistry
instanceKlass org/gradle/launcher/daemon/registry/DaemonRegistryServices
instanceKlass sun/reflect/generics/tree/TypeVariableSignature
instanceKlass org/gradle/launcher/daemon/server/api/DaemonCommandAction
instanceKlass org/gradle/internal/invocation/BuildAction
instanceKlass sun/reflect/generics/tree/MethodTypeSignature
instanceKlass org/gradle/launcher/exec/BuildExecuter
instanceKlass org/gradle/launcher/daemon/server/MasterExpirationStrategy
instanceKlass org/gradle/launcher/daemon/server/Daemon
instanceKlass org/gradle/launcher/daemon/server/health/DaemonHealthCheck
instanceKlass org/gradle/launcher/daemon/context/DaemonContext
instanceKlass org/gradle/launcher/daemon/server/health/HealthExpirationStrategy
instanceKlass org/gradle/launcher/daemon/server/health/DaemonMemoryStatus
instanceKlass org/gradle/launcher/daemon/server/health/DaemonHealthStats
instanceKlass org/gradle/internal/concurrent/ExecutorFactory
instanceKlass org/gradle/internal/event/ListenerManager
instanceKlass org/gradle/launcher/daemon/server/stats/DaemonRunningStats
instanceKlass org/gradle/internal/serialize/Serializer
instanceKlass org/gradle/internal/service/DefaultServiceRegistry$CompositeServiceProvider
instanceKlass org/gradle/internal/service/DefaultServiceRegistry$ParentServices
instanceKlass org/gradle/api/specs/Spec
instanceKlass org/gradle/internal/classpath/DefaultClassPath
instanceKlass org/gradle/internal/classpath/ClassPath
instanceKlass org/gradle/launcher/daemon/server/DaemonServerConnector
instanceKlass org/gradle/launcher/exec/BuildActionExecuter
instanceKlass org/gradle/launcher/daemon/server/expiry/DaemonExpirationStrategy
instanceKlass org/gradle/launcher/daemon/server/scaninfo/DaemonScanInfo
instanceKlass java/lang/reflect/WildcardType
instanceKlass sun/reflect/generics/reflectiveObjects/LazyReflectiveObjectGenerator
instanceKlass java/lang/reflect/TypeVariable
instanceKlass sun/reflect/generics/reflectiveObjects/ParameterizedTypeImpl
instanceKlass sun/reflect/generics/visitor/Reifier
instanceKlass sun/reflect/generics/visitor/TypeTreeVisitor
instanceKlass sun/reflect/generics/tree/ClassSignature
instanceKlass sun/reflect/generics/tree/Signature
instanceKlass sun/reflect/generics/tree/ClassTypeSignature
instanceKlass sun/reflect/generics/tree/SimpleClassTypeSignature
instanceKlass sun/reflect/generics/tree/FieldTypeSignature
instanceKlass sun/reflect/generics/tree/BaseType
instanceKlass sun/reflect/generics/tree/TypeSignature
instanceKlass sun/reflect/generics/tree/ReturnType
instanceKlass sun/reflect/generics/tree/TypeArgument
instanceKlass sun/reflect/generics/tree/FormalTypeParameter
instanceKlass sun/reflect/generics/tree/TypeTree
instanceKlass sun/reflect/generics/tree/Tree
instanceKlass sun/reflect/generics/parser/SignatureParser
instanceKlass sun/reflect/generics/factory/CoreReflectionFactory
instanceKlass sun/reflect/generics/factory/GenericsFactory
instanceKlass sun/reflect/generics/scope/AbstractScope
instanceKlass sun/reflect/generics/scope/Scope
instanceKlass org/gradle/internal/logging/services/DefaultLoggingManager$StartableLoggingSystem
instanceKlass org/gradle/internal/logging/services/DefaultLoggingManager$StartableLoggingRouter
instanceKlass org/gradle/internal/logging/services/DefaultLoggingManager
instanceKlass org/gradle/internal/logging/source/JavaUtilLoggingSystem
instanceKlass org/gradle/internal/logging/slf4j/Slf4jLoggingConfigurer
instanceKlass org/gradle/internal/logging/config/LoggingSystemAdapter
instanceKlass org/gradle/internal/logging/LoggingManagerInternal
instanceKlass org/gradle/internal/logging/StandardOutputCapture
instanceKlass org/gradle/api/logging/LoggingManager
instanceKlass org/gradle/internal/logging/source/StdErrLoggingSystem
instanceKlass org/gradle/internal/logging/source/PrintStreamLoggingSystem$SnapshotImpl
instanceKlass org/gradle/internal/logging/source/PrintStreamLoggingSystem$OutputEventDestination
instanceKlass org/gradle/internal/SystemProperties
instanceKlass org/gradle/internal/logging/source/PrintStreamLoggingSystem$1
instanceKlass org/gradle/internal/service/AnnotatedServiceLifecycleHandler
instanceKlass org/gradle/internal/logging/events/operations/StyledTextBuildOperationProgressDetails
instanceKlass org/gradle/internal/operations/logging/StyledTextBuildOperationProgressDetails
instanceKlass org/gradle/internal/io/TextStream
instanceKlass org/gradle/internal/logging/source/PrintStreamLoggingSystem
instanceKlass org/gradle/internal/logging/source/StdOutLoggingSystem
instanceKlass java/lang/reflect/ParameterizedType
instanceKlass org/gradle/internal/logging/sink/OutputEventListenerManager$1
instanceKlass org/gradle/internal/logging/sink/OutputEventListenerManager
instanceKlass org/gradle/internal/logging/services/DefaultLoggingManagerFactory
instanceKlass org/gradle/internal/logging/services/TextStreamOutputEventListener
instanceKlass org/gradle/internal/logging/services/LoggingServiceRegistry$1
instanceKlass org/gradle/internal/logging/config/LoggingConfigurer
instanceKlass org/gradle/internal/logging/config/LoggingSourceSystem
instanceKlass org/gradle/launcher/daemon/configuration/DefaultDaemonServerConfiguration
instanceKlass org/gradle/internal/nativeintegration/jansi/JansiStorage
instanceKlass org/fusesource/jansi/Ansi
instanceKlass org/gradle/internal/nativeintegration/jansi/JansiLibrary
instanceKlass org/gradle/internal/nativeintegration/jansi/JansiLibraryFactory$1
instanceKlass net/rubygrapefruit/platform/internal/jni/AbstractFileEventFunctions
instanceKlass java/util/logging/LogManager$5
instanceKlass java/util/logging/LoggingProxyImpl
instanceKlass sun/util/logging/LoggingProxy
instanceKlass sun/util/logging/LoggingSupport$1
instanceKlass sun/util/logging/LoggingSupport
instanceKlass sun/util/logging/PlatformLogger$LoggerProxy
instanceKlass sun/util/logging/PlatformLogger$1
instanceKlass sun/util/logging/PlatformLogger
instanceKlass java/util/logging/LogManager$LoggerContext$1
instanceKlass java/util/logging/LogManager$3
instanceKlass java/util/logging/LogManager$2
instanceKlass java/lang/Shutdown$Lock
instanceKlass java/lang/Shutdown
instanceKlass java/lang/ApplicationShutdownHooks$1
instanceKlass java/lang/ApplicationShutdownHooks
instanceKlass java/util/logging/LogManager$LogNode
instanceKlass java/util/logging/LogManager$LoggerContext
instanceKlass java/util/logging/LogManager$1
instanceKlass java/util/logging/LogManager
instanceKlass java/util/logging/Logger$LoggerBundle
instanceKlass java/util/logging/Level$KnownLevel
instanceKlass java/util/logging/Level
instanceKlass java/util/logging/Handler
instanceKlass java/util/logging/Logger
instanceKlass net/rubygrapefruit/platform/internal/jni/NativeLogger
instanceKlass net/rubygrapefruit/platform/file/FileEvents
instanceKlass java/util/RegularEnumSet$EnumSetIterator
instanceKlass net/rubygrapefruit/platform/internal/jni/NativeLibraryFunctions
instanceKlass java/io/RandomAccessFile$1
instanceKlass java/nio/channels/spi/AbstractInterruptibleChannel$1
instanceKlass sun/nio/ch/Interruptible
instanceKlass sun/nio/ch/FileKey
instanceKlass sun/nio/ch/FileLockTable
instanceKlass sun/nio/ch/NativeThread
instanceKlass java/nio/channels/FileLock
instanceKlass sun/nio/ch/FileDispatcherImpl$1
instanceKlass sun/nio/ch/NativeDispatcher
instanceKlass sun/nio/ch/NativeThreadSet
instanceKlass java/net/Inet6Address$Inet6AddressHolder
instanceKlass java/net/InetAddress$2
instanceKlass sun/net/spi/nameservice/NameService
instanceKlass java/net/Inet6AddressImpl
instanceKlass java/net/InetAddressImpl
instanceKlass java/net/InetAddressImplFactory
instanceKlass java/net/InetAddress$Cache
instanceKlass java/net/InetAddress$InetAddressHolder
instanceKlass java/net/InetAddress$1
instanceKlass java/net/InetAddress
instanceKlass sun/nio/ch/IOUtil$1
instanceKlass sun/nio/ch/IOUtil
instanceKlass java/nio/file/attribute/FileAttribute
instanceKlass java/nio/channels/spi/AbstractInterruptibleChannel
instanceKlass java/nio/channels/InterruptibleChannel
instanceKlass java/nio/channels/ScatteringByteChannel
instanceKlass java/nio/channels/GatheringByteChannel
instanceKlass java/nio/channels/SeekableByteChannel
instanceKlass java/nio/channels/ByteChannel
instanceKlass java/nio/channels/WritableByteChannel
instanceKlass java/nio/channels/ReadableByteChannel
instanceKlass java/nio/channels/Channel
instanceKlass java/io/RandomAccessFile
instanceKlass java/io/DataInput
instanceKlass java/util/Formattable
instanceKlass java/util/Formatter$Conversion
instanceKlass java/util/Formatter$Flags
instanceKlass java/util/Formatter$FormatSpecifier
instanceKlass java/util/Formatter$FixedString
instanceKlass java/util/Formatter$FormatString
instanceKlass java/util/Locale$1
instanceKlass java/util/Formatter
instanceKlass net/rubygrapefruit/platform/internal/LibraryDef
instanceKlass net/rubygrapefruit/platform/internal/NativeLibraryLocator
instanceKlass net/rubygrapefruit/platform/internal/NativeLibraryLoader
instanceKlass net/rubygrapefruit/platform/Process
instanceKlass net/rubygrapefruit/platform/internal/Platform
instanceKlass net/rubygrapefruit/platform/Native
instanceKlass java/util/TreeMap$Entry
instanceKlass java/lang/ProcessEnvironment$CheckedEntry
instanceKlass java/lang/ProcessEnvironment$CheckedEntrySet$1
instanceKlass java/util/NavigableMap
instanceKlass java/util/SortedMap
instanceKlass java/util/Collections$UnmodifiableMap
instanceKlass java/lang/ProcessEnvironment$EntryComparator
instanceKlass java/lang/ProcessEnvironment$NameComparator
instanceKlass org/gradle/api/internal/file/temp/DefaultTemporaryFileProvider
instanceKlass org/gradle/internal/nativeintegration/services/NativeServices$1
instanceKlass org/gradle/internal/file/StatStatistics
instanceKlass org/gradle/internal/file/StatStatistics$Collector
instanceKlass org/gradle/internal/nativeintegration/filesystem/services/GenericFileSystem
instanceKlass org/gradle/internal/service/InjectUtil
instanceKlass java/lang/invoke/LambdaForm$MH
instanceKlass java/lang/invoke/LambdaForm$BMH
instanceKlass java/lang/invoke/LambdaForm$BMH
instanceKlass java/lang/invoke/LambdaForm$MH
instanceKlass java/lang/invoke/LambdaForm$MH
instanceKlass java/lang/invoke/LambdaForm$DMH
instanceKlass java/lang/invoke/LambdaForm$DMH
instanceKlass java/lang/invoke/LambdaForm$MH
instanceKlass java/lang/invoke/LambdaForm$DMH
instanceKlass java/lang/invoke/LambdaForm$DMH
instanceKlass java/lang/invoke/MethodHandleImpl$ArrayAccessor
instanceKlass java/lang/invoke/LambdaForm$MH
instanceKlass java/lang/invoke/LambdaForm$BMH
instanceKlass java/lang/invoke/LambdaForm$BMH
instanceKlass java/lang/invoke/LambdaForm$DMH
instanceKlass org/gradle/internal/service/DefaultServiceRegistry$1
instanceKlass java/lang/invoke/LambdaForm$DMH
instanceKlass java/lang/invoke/LambdaForm$DMH
instanceKlass org/gradle/internal/nativeintegration/filesystem/FileCanonicalizer
instanceKlass org/gradle/api/internal/file/temp/TemporaryFileProvider
instanceKlass org/gradle/internal/nativeintegration/filesystem/services/GenericFileSystem$Factory
instanceKlass org/gradle/internal/nativeintegration/filesystem/Symlink
instanceKlass org/gradle/internal/nativeintegration/filesystem/FileSystem
instanceKlass org/gradle/internal/file/Stat
instanceKlass org/gradle/internal/file/Chmod
instanceKlass org/gradle/internal/nativeintegration/filesystem/FileModeMutator
instanceKlass org/gradle/internal/nativeintegration/filesystem/FileModeAccessor
instanceKlass org/gradle/internal/nativeintegration/filesystem/services/FileSystemServices
instanceKlass org/gradle/internal/nativeintegration/jansi/DefaultJansiRuntimeResolver
instanceKlass org/gradle/internal/nativeintegration/jansi/JansiRuntimeResolver
instanceKlass org/gradle/internal/nativeintegration/jansi/JansiLibraryFactory
instanceKlass org/gradle/internal/nativeintegration/jansi/JansiStorageLocator
instanceKlass org/gradle/internal/nativeintegration/jansi/JansiBootPathConfigurer
instanceKlass java/lang/Class$4
instanceKlass org/gradle/internal/service/DefaultServiceRegistry$ClassInspector$ClassDetails
instanceKlass java/util/concurrent/ConcurrentLinkedQueue$Node
instanceKlass org/gradle/internal/reflect/JavaMethod
instanceKlass org/gradle/internal/service/AbstractServiceMethod
instanceKlass java/util/LinkedList$ListItr
instanceKlass net/rubygrapefruit/platform/file/FileSystems
instanceKlass net/rubygrapefruit/platform/WindowsRegistry
instanceKlass org/gradle/internal/os/OperatingSystem
instanceKlass net/rubygrapefruit/platform/SystemInfo
instanceKlass net/rubygrapefruit/platform/memory/Memory
instanceKlass net/rubygrapefruit/platform/file/PosixFiles
instanceKlass net/rubygrapefruit/platform/file/Files
instanceKlass org/gradle/internal/jvm/Jvm
instanceKlass org/gradle/internal/jvm/JavaInfo
instanceKlass org/gradle/internal/service/RelevantMethodsBuilder
instanceKlass org/gradle/internal/Cast
instanceKlass org/gradle/internal/service/ServiceMethod
instanceKlass org/gradle/internal/service/MethodHandleBasedServiceMethodFactory
instanceKlass org/gradle/internal/service/DefaultServiceMethodFactory
instanceKlass org/gradle/internal/service/ServiceMethodFactory
instanceKlass org/gradle/internal/service/RelevantMethods
instanceKlass org/gradle/internal/service/DefaultServiceRegistry$ClassInspector
instanceKlass org/gradle/internal/service/DefaultServiceRegistry$ThisAsService
instanceKlass org/gradle/internal/concurrent/CompositeStoppable$1
instanceKlass org/gradle/internal/concurrent/CompositeStoppable
instanceKlass org/gradle/internal/service/AnnotatedServiceLifecycleHandler$Registration
instanceKlass org/gradle/internal/service/DefaultServiceRegistry$OwnServices
instanceKlass org/gradle/internal/nativeintegration/NativeCapabilities
instanceKlass org/gradle/internal/nativeintegration/filesystem/FileMetadataAccessor
instanceKlass org/gradle/internal/nativeintegration/network/HostnameLookup
instanceKlass net/rubygrapefruit/platform/ProcessLauncher
instanceKlass net/rubygrapefruit/platform/NativeIntegration
instanceKlass org/gradle/initialization/GradleUserHomeDirProvider
instanceKlass org/gradle/internal/nativeintegration/console/ConsoleDetector
instanceKlass org/gradle/internal/nativeintegration/ProcessEnvironment
instanceKlass org/gradle/internal/service/DefaultServiceRegistry$ManagedObjectServiceProvider
instanceKlass org/gradle/internal/service/Service
instanceKlass org/gradle/internal/service/ServiceRegistration
instanceKlass org/gradle/internal/service/ServiceProvider
instanceKlass org/gradle/internal/concurrent/Stoppable
instanceKlass org/gradle/internal/service/ServiceProvider$Visitor
instanceKlass org/gradle/internal/service/DefaultServiceRegistry
instanceKlass org/gradle/internal/service/ContainsServices
instanceKlass org/gradle/internal/serialize/AbstractDecoder
instanceKlass org/gradle/internal/serialize/Decoder
instanceKlass org/gradle/launcher/bootstrap/EntryPoint$RecordingExecutionListener
instanceKlass org/gradle/internal/logging/events/operations/LogEventBuildOperationProgressDetails
instanceKlass org/gradle/internal/operations/logging/LogEventBuildOperationProgressDetails
instanceKlass org/gradle/internal/logging/slf4j/BuildOperationAwareLogger
instanceKlass org/gradle/internal/logging/sink/OutputEventRenderer$2
instanceKlass org/gradle/internal/dispatch/ReflectionDispatch
instanceKlass org/gradle/internal/logging/sink/OutputEventRenderer$1
instanceKlass org/gradle/internal/logging/sink/OutputEventRenderer$LazyListener
instanceKlass org/gradle/internal/logging/events/OutputEventListener$1
instanceKlass java/lang/reflect/WeakCache$Value
instanceKlass sun/misc/ProxyGenerator$ExceptionTableEntry
instanceKlass sun/misc/ProxyGenerator$PrimitiveTypeInfo
instanceKlass sun/misc/ProxyGenerator$FieldInfo
instanceKlass java/io/DataOutput
instanceKlass sun/misc/ProxyGenerator$ConstantPool$Entry
instanceKlass sun/misc/ProxyGenerator$MethodInfo
instanceKlass sun/misc/ProxyGenerator$ProxyMethod
instanceKlass sun/misc/ProxyGenerator$ConstantPool
instanceKlass sun/misc/ProxyGenerator
instanceKlass java/lang/reflect/WeakCache$Factory
instanceKlass java/util/function/Supplier
instanceKlass java/lang/reflect/Proxy$ProxyClassFactory
instanceKlass java/lang/reflect/Proxy$KeyFactory
instanceKlass java/util/function/BiFunction
instanceKlass java/lang/reflect/WeakCache
instanceKlass java/lang/reflect/Proxy
instanceKlass org/gradle/internal/dispatch/ProxyDispatchAdapter$DispatchingInvocationHandler
instanceKlass java/lang/reflect/InvocationHandler
instanceKlass org/gradle/internal/dispatch/ProxyDispatchAdapter
instanceKlass org/gradle/internal/logging/events/operations/ProgressStartBuildOperationProgressDetails
instanceKlass org/gradle/internal/operations/logging/ProgressStartBuildOperationProgressDetails
instanceKlass org/gradle/internal/logging/sink/OutputEventTransformer
instanceKlass org/gradle/internal/exceptions/MultiCauseException
instanceKlass org/gradle/internal/event/AbstractBroadcastDispatch
instanceKlass org/gradle/internal/event/ListenerBroadcast
instanceKlass org/gradle/internal/dispatch/Dispatch
instanceKlass org/gradle/internal/Factory
instanceKlass org/gradle/internal/logging/format/LogHeaderFormatter
instanceKlass org/gradle/internal/logging/console/ColorMap
instanceKlass org/gradle/internal/nativeintegration/console/ConsoleMetaData
instanceKlass org/gradle/internal/logging/config/LoggingSystem$Snapshot
instanceKlass org/gradle/internal/logging/text/StyledTextOutput
instanceKlass org/gradle/api/logging/StandardOutputListener
instanceKlass org/gradle/internal/logging/events/OutputEvent
instanceKlass org/gradle/internal/logging/sink/OutputEventRenderer
instanceKlass org/gradle/internal/logging/config/LoggingRouter
instanceKlass org/gradle/internal/logging/LoggingOutputInternal
instanceKlass org/gradle/api/logging/LoggingOutput
instanceKlass org/gradle/internal/logging/config/LoggingSystem
instanceKlass org/gradle/internal/logging/slf4j/OutputEventListenerBackedLoggerContext$NoOpLogger
instanceKlass org/gradle/api/logging/Logger
instanceKlass java/util/concurrent/atomic/AtomicReference
instanceKlass org/gradle/internal/time/TimeSource$1
instanceKlass org/gradle/internal/time/TimeSource
instanceKlass org/gradle/internal/time/MonotonicClock
instanceKlass org/gradle/internal/time/Clock
instanceKlass org/gradle/internal/time/CountdownTimer
instanceKlass org/gradle/internal/time/Timer
instanceKlass org/gradle/internal/time/Time
instanceKlass org/gradle/internal/logging/events/OutputEventListener
instanceKlass org/gradle/internal/logging/slf4j/OutputEventListenerBackedLoggerContext
instanceKlass org/slf4j/impl/StaticLoggerBinder
instanceKlass org/slf4j/spi/LoggerFactoryBinder
instanceKlass java/net/URLClassLoader$3$1
instanceKlass sun/misc/CompoundEnumeration
instanceKlass java/net/URLClassLoader$3
instanceKlass sun/misc/URLClassPath$1
instanceKlass java/lang/ClassLoader$2
instanceKlass sun/misc/URLClassPath$2
instanceKlass org/slf4j/helpers/Util
instanceKlass org/slf4j/helpers/NOPLoggerFactory
instanceKlass java/util/concurrent/LinkedBlockingQueue$Node
instanceKlass java/util/concurrent/locks/AbstractQueuedSynchronizer$ConditionObject
instanceKlass java/util/concurrent/locks/Condition
instanceKlass java/util/concurrent/BlockingQueue
instanceKlass org/slf4j/Logger
instanceKlass org/slf4j/helpers/SubstituteLoggerFactory
instanceKlass org/slf4j/event/LoggingEvent
instanceKlass org/slf4j/ILoggerFactory
instanceKlass org/slf4j/LoggerFactory
instanceKlass java/util/concurrent/locks/AbstractQueuedSynchronizer$Node
instanceKlass java/util/concurrent/locks/AbstractOwnableSynchronizer
instanceKlass java/util/concurrent/CopyOnWriteArrayList
instanceKlass org/slf4j/helpers/BasicMarker
instanceKlass org/slf4j/Marker
instanceKlass org/slf4j/helpers/BasicMarkerFactory
instanceKlass org/slf4j/IMarkerFactory
instanceKlass org/slf4j/MarkerFactory
instanceKlass org/gradle/api/logging/Logging
instanceKlass org/gradle/launcher/daemon/configuration/DaemonServerConfiguration
instanceKlass org/gradle/internal/service/ServiceRegistry
instanceKlass org/gradle/internal/service/ServiceLookup
instanceKlass org/gradle/launcher/bootstrap/ExecutionListener
instanceKlass org/gradle/launcher/bootstrap/ExecutionCompleter
instanceKlass org/gradle/api/Action
instanceKlass org/gradle/internal/logging/text/StyledTextOutputFactory
instanceKlass org/gradle/api/logging/configuration/LoggingConfiguration
instanceKlass org/gradle/initialization/BuildClientMetaData
instanceKlass org/gradle/launcher/bootstrap/EntryPoint
instanceKlass java/util/LinkedList$Node
instanceKlass java/net/URLClassLoader$2
instanceKlass sun/misc/Launcher$BootClassPathHolder$1
instanceKlass sun/misc/Launcher$BootClassPathHolder
instanceKlass org/gradle/api/Action
instanceKlass org/gradle/internal/IoActions
instanceKlass java/util/Properties$LineReader
instanceKlass java/util/regex/Pattern$TreeInfo
instanceKlass org/gradle/api/Transformer
instanceKlass org/gradle/util/internal/GUtil
instanceKlass java/lang/invoke/LambdaForm$MH
instanceKlass org/gradle/api/internal/classpath/DefaultModuleRegistry$$Lambda$2
instanceKlass java/lang/invoke/LambdaForm$DMH
instanceKlass java/util/LinkedHashMap$LinkedHashIterator
instanceKlass java/util/Collections$1
instanceKlass org/gradle/api/internal/classpath/DefaultModuleRegistry$DefaultModule
instanceKlass java/util/regex/Matcher
instanceKlass java/util/regex/MatchResult
instanceKlass java/util/regex/ASCII
instanceKlass java/util/regex/Pattern$Node
instanceKlass java/util/regex/Pattern
instanceKlass org/gradle/internal/service/CachingServiceLocator
instanceKlass org/gradle/internal/service/DefaultServiceLocator
instanceKlass org/gradle/internal/service/ServiceLocator
instanceKlass org/gradle/internal/classloader/DefaultClassLoaderFactory
instanceKlass java/util/ArrayList$SubList$1
instanceKlass org/gradle/api/internal/classpath/ManifestUtil
instanceKlass org/gradle/internal/Cast
instanceKlass org/gradle/internal/classloader/ClassLoaderSpec
instanceKlass org/gradle/internal/classloader/ClassLoaderVisitor
instanceKlass java/util/Collections$EmptyIterator
instanceKlass org/gradle/internal/classpath/DefaultClassPath
instanceKlass org/gradle/internal/classpath/ClassPath
instanceKlass org/gradle/internal/installation/GradleInstallation$1
instanceKlass java/io/FileFilter
instanceKlass org/gradle/internal/installation/GradleInstallation
instanceKlass java/net/URI$Parser
instanceKlass java/net/URI
instanceKlass org/gradle/internal/classloader/ClasspathUtil
instanceKlass org/gradle/internal/installation/CurrentGradleInstallationLocator
instanceKlass org/gradle/internal/installation/CurrentGradleInstallation
instanceKlass java/lang/invoke/LambdaForm$MH
instanceKlass java/lang/invoke/LambdaForm$MH
instanceKlass java/lang/invoke/InnerClassLambdaMetafactory$1
instanceKlass org/gradle/api/internal/classpath/DefaultModuleRegistry$$Lambda$1
instanceKlass java/lang/invoke/InfoFromMemberName
instanceKlass java/lang/invoke/MethodHandleInfo
instanceKlass sun/security/action/GetBooleanAction
instanceKlass sun/security/util/SecurityConstants
instanceKlass java/security/AccessController$1
instanceKlass java/lang/invoke/AbstractValidatingLambdaMetafactory
instanceKlass java/lang/invoke/LambdaForm$BMH
instanceKlass java/lang/invoke/LambdaForm$BMH
instanceKlass java/lang/invoke/LambdaForm$BMH
instanceKlass java/lang/invoke/LambdaForm$BMH
instanceKlass sun/reflect/UnsafeFieldAccessorFactory
instanceKlass jdk/internal/org/objectweb/asm/FieldVisitor
instanceKlass java/lang/invoke/BoundMethodHandle$Factory$1
instanceKlass java/lang/invoke/BoundMethodHandle$SpeciesData$1
instanceKlass java/lang/invoke/LambdaForm$BMH
instanceKlass java/lang/invoke/LambdaForm$MH
instanceKlass java/lang/invoke/LambdaForm$BMH
instanceKlass java/lang/invoke/LambdaForm$MH
instanceKlass java/lang/invoke/LambdaForm$DMH
instanceKlass java/lang/invoke/LambdaForm$DMH
instanceKlass java/lang/invoke/LambdaForm$BMH
instanceKlass java/lang/invoke/LambdaForm$BMH
instanceKlass java/lang/invoke/LambdaForm$MH
instanceKlass java/lang/invoke/LambdaFormBuffer
instanceKlass java/lang/invoke/LambdaFormEditor
instanceKlass java/lang/invoke/LambdaForm$BMH
instanceKlass java/lang/invoke/LambdaForm$DMH
instanceKlass java/lang/invoke/LambdaForm$DMH
instanceKlass java/lang/invoke/LambdaForm$DMH
instanceKlass java/lang/invoke/LambdaForm$DMH
instanceKlass java/lang/invoke/LambdaForm$MH
instanceKlass java/lang/invoke/LambdaForm$DMH
instanceKlass java/lang/invoke/LambdaForm$DMH
instanceKlass java/lang/invoke/LambdaForm$MH
instanceKlass java/lang/invoke/LambdaForm$DMH
instanceKlass java/lang/invoke/LambdaForm$DMH
instanceKlass java/lang/invoke/LambdaForm$MH
instanceKlass java/lang/invoke/LambdaForm$DMH
instanceKlass java/lang/invoke/LambdaForm$DMH
instanceKlass java/lang/invoke/LambdaForm$MH
instanceKlass java/lang/invoke/LambdaForm$DMH
instanceKlass java/lang/invoke/LambdaForm$DMH
instanceKlass java/lang/invoke/LambdaForm$MH
instanceKlass java/lang/invoke/LambdaForm$DMH
instanceKlass java/lang/invoke/LambdaForm$MH
instanceKlass java/lang/invoke/LambdaForm$DMH
instanceKlass java/lang/invoke/LambdaForm$DMH
instanceKlass java/lang/invoke/LambdaForm$MH
instanceKlass java/lang/invoke/LambdaForm$DMH
instanceKlass java/lang/invoke/LambdaForm$DMH
instanceKlass java/lang/invoke/LambdaForm$MH
instanceKlass java/lang/invoke/LambdaForm$DMH
instanceKlass java/lang/invoke/LambdaForm$MH
instanceKlass java/lang/invoke/LambdaForm$DMH
instanceKlass java/lang/invoke/LambdaForm$MH
instanceKlass java/lang/invoke/LambdaForm$DMH
instanceKlass java/lang/invoke/LambdaForm$DMH
instanceKlass java/lang/invoke/MethodHandleImpl$Lazy
instanceKlass java/lang/invoke/LambdaForm$BMH
instanceKlass java/lang/invoke/LambdaForm$MH
instanceKlass java/lang/invoke/LambdaForm$DMH
instanceKlass java/lang/invoke/LambdaForm$DMH
instanceKlass java/lang/invoke/LambdaForm$DMH
instanceKlass org/gradle/api/specs/Spec
instanceKlass java/lang/invoke/LambdaForm$DMH
instanceKlass java/lang/invoke/LambdaForm$DMH
instanceKlass java/lang/invoke/LambdaForm$DMH
instanceKlass java/util/SubList$1
instanceKlass java/util/ListIterator
instanceKlass java/util/ArrayList$Itr
instanceKlass java/lang/invoke/LambdaForm$MH
instanceKlass java/lang/invoke/LambdaForm$MH
instanceKlass java/lang/invoke/LambdaForm$MH
instanceKlass java/lang/invoke/LambdaForm$MH
instanceKlass java/lang/invoke/LambdaForm$MH
instanceKlass java/lang/invoke/LambdaForm$MH
instanceKlass java/lang/invoke/LambdaForm$MH
instanceKlass java/lang/invoke/LambdaForm$MH
instanceKlass java/lang/invoke/LambdaForm$MH
instanceKlass java/lang/invoke/LambdaForm$MH
instanceKlass java/lang/invoke/LambdaForm$MH
instanceKlass java/lang/invoke/LambdaForm$MH
instanceKlass java/lang/invoke/LambdaForm$DMH
instanceKlass java/lang/invoke/LambdaForm$DMH
instanceKlass java/lang/invoke/LambdaForm$DMH
instanceKlass java/lang/invoke/LambdaForm$DMH
instanceKlass java/lang/invoke/LambdaForm$DMH
instanceKlass java/lang/invoke/LambdaForm$DMH
instanceKlass java/util/HashMap$HashIterator
instanceKlass sun/invoke/empty/Empty
instanceKlass sun/invoke/util/VerifyType
instanceKlass java/lang/invoke/InvokerBytecodeGenerator$2
instanceKlass java/lang/invoke/InvokerBytecodeGenerator$CpPatch
instanceKlass jdk/internal/org/objectweb/asm/AnnotationVisitor
instanceKlass jdk/internal/org/objectweb/asm/Frame
instanceKlass jdk/internal/org/objectweb/asm/Label
instanceKlass jdk/internal/org/objectweb/asm/Type
instanceKlass jdk/internal/org/objectweb/asm/MethodVisitor
instanceKlass jdk/internal/org/objectweb/asm/Item
instanceKlass jdk/internal/org/objectweb/asm/ByteVector
instanceKlass jdk/internal/org/objectweb/asm/ClassVisitor
instanceKlass java/lang/invoke/InvokerBytecodeGenerator
instanceKlass java/util/AbstractList$Itr
instanceKlass java/util/Collections$UnmodifiableCollection$1
instanceKlass java/lang/invoke/DirectMethodHandle$Lazy
instanceKlass sun/invoke/util/BytecodeDescriptor
instanceKlass java/lang/invoke/BoundMethodHandle$Factory
instanceKlass java/lang/invoke/BoundMethodHandle$SpeciesData
instanceKlass java/lang/invoke/LambdaForm$NamedFunction
instanceKlass java/lang/invoke/LambdaForm$Name
instanceKlass sun/invoke/util/ValueConversions
instanceKlass sun/invoke/util/VerifyAccess
instanceKlass java/lang/Long$LongCache
instanceKlass java/lang/Character$CharacterCache
instanceKlass java/lang/Short$ShortCache
instanceKlass java/lang/Byte$ByteCache
instanceKlass sun/invoke/util/Wrapper$Format
instanceKlass java/lang/invoke/MethodHandles
instanceKlass java/lang/invoke/Invokers
instanceKlass java/lang/invoke/MethodTypeForm
instanceKlass java/lang/invoke/MethodType$ConcurrentWeakInternSet
instanceKlass java/lang/invoke/MethodHandles$Lookup
instanceKlass java/lang/invoke/LambdaMetafactory
instanceKlass org/gradle/api/internal/classpath/Module
instanceKlass org/gradle/api/internal/classpath/DefaultModuleRegistry
instanceKlass org/gradle/cache/GlobalCache
instanceKlass org/gradle/api/internal/DefaultClassPathProvider
instanceKlass org/gradle/api/internal/ClassPathProvider
instanceKlass org/gradle/api/internal/DefaultClassPathRegistry
instanceKlass org/gradle/internal/classloader/ClassLoaderHierarchy
instanceKlass org/gradle/internal/classloader/ClassLoaderFactory
instanceKlass org/gradle/api/internal/ClassPathRegistry
instanceKlass org/gradle/api/internal/classpath/ModuleRegistry
instanceKlass org/gradle/launcher/bootstrap/ProcessBootstrap
instanceKlass java/lang/Void
instanceKlass java/lang/Class$MethodArray
instanceKlass sun/launcher/LauncherHelper$FXHelper
instanceKlass org/gradle/launcher/daemon/bootstrap/GradleDaemon
instanceKlass java/io/FilePermission$1
instanceKlass sun/net/www/MessageHeader
instanceKlass java/net/URLConnection
instanceKlass java/util/zip/CRC32
instanceKlass java/util/zip/Checksum
instanceKlass sun/nio/ByteBuffered
instanceKlass java/lang/Package
instanceKlass sun/security/util/ManifestEntryVerifier
instanceKlass sun/misc/Resource
instanceKlass sun/misc/ASCIICaseInsensitiveComparator
instanceKlass java/util/jar/Attributes$Name
instanceKlass java/util/jar/Attributes
instanceKlass java/util/jar/JarVerifier$3
instanceKlass java/security/CodeSigner
instanceKlass java/util/jar/JarVerifier
instanceKlass sun/misc/IOUtils
instanceKlass sun/security/action/GetIntegerAction
instanceKlass sun/security/util/SignatureFileVerifier
instanceKlass java/util/zip/ZStreamRef
instanceKlass java/util/zip/Inflater
instanceKlass java/util/zip/ZipEntry
instanceKlass sun/misc/ExtensionDependency
instanceKlass sun/misc/JarIndex
instanceKlass sun/nio/ch/DirectBuffer
instanceKlass sun/misc/PerfCounter$CoreCounters
instanceKlass sun/misc/Perf
instanceKlass sun/misc/Perf$GetPerfAction
instanceKlass sun/misc/PerfCounter
instanceKlass java/util/zip/ZipCoder
instanceKlass java/util/Deque
instanceKlass java/util/Queue
instanceKlass java/nio/charset/StandardCharsets
instanceKlass java/util/jar/JavaUtilJarAccessImpl
instanceKlass sun/misc/JavaUtilJarAccess
instanceKlass sun/misc/FileURLMapper
instanceKlass sun/misc/URLClassPath$JarLoader$1
instanceKlass sun/nio/cs/ThreadLocalCoders$Cache
instanceKlass sun/nio/cs/ThreadLocalCoders
instanceKlass java/util/zip/ZipFile$1
instanceKlass sun/misc/JavaUtilZipFileAccess
instanceKlass java/util/zip/ZipFile
instanceKlass java/util/zip/ZipConstants
instanceKlass sun/misc/URLClassPath$Loader
instanceKlass sun/misc/URLClassPath$3
instanceKlass sun/net/util/URLUtil
instanceKlass java/net/URLClassLoader$1
instanceKlass java/lang/StringCoding$StringDecoder
instanceKlass java/io/FileOutputStream$1
instanceKlass java/lang/StringCoding$StringEncoder
instanceKlass java/lang/ThreadLocal$ThreadLocalMap
instanceKlass java/lang/StringCoding
instanceKlass sun/usagetracker/UsageTrackerClient$3
instanceKlass sun/usagetracker/UsageTrackerClient$2
instanceKlass sun/usagetracker/UsageTrackerClient$4
instanceKlass sun/usagetracker/UsageTrackerClient$1
instanceKlass java/util/concurrent/atomic/AtomicBoolean
instanceKlass sun/usagetracker/UsageTrackerClient
instanceKlass sun/misc/PostVMInitHook$1
instanceKlass jdk/internal/util/EnvUtils
instanceKlass sun/misc/PostVMInitHook$2
instanceKlass java/security/PermissionCollection
instanceKlass sun/security/validator/Validator
instanceKlass java/security/MessageDigestSpi
instanceKlass java/security/cert/X509Extension
instanceKlass java/security/cert/CertificateFactory
instanceKlass javax/crypto/JarVerifier
instanceKlass sun/misc/PostVMInitHook
instanceKlass java/lang/invoke/MethodHandleStatics$1
instanceKlass java/lang/invoke/MethodHandleStatics
instanceKlass java/lang/invoke/MemberName$Factory
instanceKlass java/lang/ClassValue$Version
instanceKlass java/lang/ClassValue$Identity
instanceKlass java/lang/ClassValue
instanceKlass java/lang/invoke/MethodHandleImpl$3
instanceKlass java/lang/invoke/MethodHandleImpl$2
instanceKlass java/util/function/Function
instanceKlass java/lang/invoke/MethodHandleImpl$1
instanceKlass java/lang/invoke/MethodHandleImpl
instanceKlass java/lang/SystemClassLoaderAction
instanceKlass sun/misc/Launcher$AppClassLoader$1
instanceKlass sun/misc/URLClassPath
instanceKlass java/security/Principal
instanceKlass java/security/ProtectionDomain$Key
instanceKlass java/security/ProtectionDomain$2
instanceKlass sun/misc/JavaSecurityProtectionDomainAccess
instanceKlass java/security/ProtectionDomain$JavaSecurityAccessImpl
instanceKlass sun/misc/JavaSecurityAccess
instanceKlass sun/net/util/IPAddressUtil
instanceKlass java/net/URLStreamHandler
instanceKlass java/net/Parts
instanceKlass java/util/BitSet
instanceKlass sun/net/www/ParseUtil
instanceKlass java/io/FileInputStream$1
instanceKlass java/lang/CharacterData
instanceKlass sun/util/locale/LocaleUtils
instanceKlass java/util/Locale$LocaleKey
instanceKlass sun/util/locale/BaseLocale$Key
instanceKlass sun/util/locale/BaseLocale
instanceKlass java/util/concurrent/ConcurrentHashMap$CollectionView
instanceKlass java/util/concurrent/ConcurrentHashMap$CounterCell
instanceKlass java/util/concurrent/ConcurrentHashMap$Node
instanceKlass java/util/concurrent/locks/ReentrantLock
instanceKlass java/util/concurrent/locks/Lock
instanceKlass java/util/concurrent/ConcurrentMap
instanceKlass sun/util/locale/LocaleObjectCache
instanceKlass java/util/Locale
instanceKlass java/lang/reflect/Array
instanceKlass java/nio/charset/CoderResult$Cache
instanceKlass java/nio/charset/CoderResult
instanceKlass java/nio/charset/CharsetDecoder
instanceKlass sun/nio/cs/ArrayDecoder
instanceKlass java/io/Reader
instanceKlass java/lang/Readable
instanceKlass sun/misc/MetaIndex
instanceKlass java/util/StringTokenizer
instanceKlass sun/misc/Launcher$ExtClassLoader$1
instanceKlass java/net/URLClassLoader$7
instanceKlass sun/misc/JavaNetAccess
instanceKlass java/lang/ClassLoader$ParallelLoaders
instanceKlass sun/security/util/Debug
instanceKlass sun/misc/Launcher$Factory
instanceKlass java/net/URLStreamHandlerFactory
instanceKlass java/lang/Compiler$1
instanceKlass java/lang/Compiler
instanceKlass java/lang/System$2
instanceKlass sun/misc/JavaLangAccess
instanceKlass sun/io/Win32ErrorMode
instanceKlass sun/misc/OSEnvironment
instanceKlass java/lang/Integer$IntegerCache
instanceKlass sun/misc/NativeSignalHandler
instanceKlass sun/misc/Signal
instanceKlass java/lang/Terminator$1
instanceKlass sun/misc/SignalHandler
instanceKlass java/lang/Terminator
instanceKlass java/io/ExpiringCache$Entry
instanceKlass java/lang/ClassLoaderHelper
instanceKlass java/lang/ClassLoader$NativeLibrary
instanceKlass java/lang/ClassLoader$3
instanceKlass java/nio/file/Path
instanceKlass java/nio/file/Watchable
instanceKlass java/lang/Enum
instanceKlass java/io/ExpiringCache
instanceKlass java/io/FileSystem
instanceKlass java/io/DefaultFileSystem
instanceKlass java/nio/Bits$1
instanceKlass sun/misc/JavaNioAccess
instanceKlass java/nio/ByteOrder
instanceKlass java/nio/Bits
instanceKlass java/nio/charset/CodingErrorAction
instanceKlass java/nio/charset/CharsetEncoder
instanceKlass sun/nio/cs/ArrayEncoder
instanceKlass sun/reflect/ReflectionFactory$1
instanceKlass java/lang/Class$1
instanceKlass sun/nio/cs/SingleByte
instanceKlass sun/nio/cs/HistoricallyNamedCharset
instanceKlass sun/security/action/GetPropertyAction
instanceKlass java/lang/ThreadLocal
instanceKlass java/nio/charset/spi/CharsetProvider
instanceKlass java/nio/charset/Charset
instanceKlass java/io/Writer
instanceKlass java/util/Arrays
instanceKlass sun/reflect/misc/ReflectUtil
instanceKlass java/lang/reflect/ReflectAccess
instanceKlass sun/reflect/LangReflectAccess
instanceKlass java/lang/reflect/Modifier
instanceKlass sun/reflect/annotation/AnnotationType
instanceKlass java/lang/Class$AnnotationData
instanceKlass sun/reflect/generics/repository/AbstractRepository
instanceKlass java/lang/Class$Atomic
instanceKlass java/lang/Class$ReflectionData
instanceKlass java/lang/Class$3
instanceKlass java/util/concurrent/atomic/AtomicReferenceFieldUpdater$AtomicReferenceFieldUpdaterImpl$1
instanceKlass java/security/PrivilegedExceptionAction
instanceKlass java/util/concurrent/atomic/AtomicReferenceFieldUpdater
instanceKlass java/io/OutputStream
instanceKlass java/io/Flushable
instanceKlass java/io/FileDescriptor$1
instanceKlass sun/misc/JavaIOFileDescriptorAccess
instanceKlass java/io/FileDescriptor
instanceKlass sun/misc/Version
instanceKlass java/lang/Runtime
instanceKlass java/util/Hashtable$Enumerator
instanceKlass java/util/Iterator
instanceKlass java/util/Enumeration
instanceKlass java/util/Objects
instanceKlass java/util/Collections$SynchronizedCollection
instanceKlass java/lang/Math
instanceKlass java/util/Hashtable$Entry
instanceKlass sun/misc/VM
instanceKlass java/util/HashMap$Node
instanceKlass java/util/Map$Entry
instanceKlass sun/reflect/Reflection
instanceKlass sun/misc/SharedSecrets
instanceKlass java/lang/ref/Reference$1
instanceKlass sun/misc/JavaLangRefAccess
instanceKlass java/lang/ref/ReferenceQueue$Lock
instanceKlass java/util/Collections$UnmodifiableCollection
instanceKlass java/util/AbstractMap
instanceKlass java/util/Set
instanceKlass java/util/Collections
instanceKlass java/lang/ref/Reference$Lock
instanceKlass sun/reflect/ReflectionFactory
instanceKlass java/util/AbstractCollection
instanceKlass java/util/RandomAccess
instanceKlass java/util/List
instanceKlass java/util/Collection
instanceKlass java/lang/Iterable
instanceKlass java/security/cert/Certificate
instanceKlass sun/reflect/ReflectionFactory$GetReflectionFactoryAction
instanceKlass java/security/PrivilegedAction
instanceKlass java/security/AccessController
instanceKlass java/security/Permission
instanceKlass java/security/Guard
instanceKlass java/lang/String$CaseInsensitiveComparator
instanceKlass java/util/Comparator
instanceKlass java/io/ObjectStreamField
instanceKlass java/lang/Number
instanceKlass java/lang/Character
instanceKlass java/lang/Boolean
instanceKlass java/nio/Buffer
instanceKlass java/lang/StackTraceElement
instanceKlass java/security/CodeSource
instanceKlass sun/misc/Launcher
instanceKlass java/util/jar/Manifest
instanceKlass java/net/URL
instanceKlass java/io/File
instanceKlass java/io/InputStream
instanceKlass java/io/Closeable
instanceKlass java/lang/AutoCloseable
instanceKlass sun/misc/Unsafe
instanceKlass java/lang/AbstractStringBuilder
instanceKlass java/lang/Appendable
instanceKlass java/lang/invoke/CallSite
instanceKlass java/lang/invoke/MethodType
instanceKlass java/lang/invoke/LambdaForm
instanceKlass java/lang/invoke/MethodHandleNatives
instanceKlass java/lang/invoke/MemberName
instanceKlass java/lang/invoke/MethodHandle
instanceKlass sun/reflect/CallerSensitive
instanceKlass java/lang/annotation/Annotation
instanceKlass sun/reflect/FieldAccessor
instanceKlass sun/reflect/ConstantPool
instanceKlass sun/reflect/ConstructorAccessor
instanceKlass sun/reflect/MethodAccessor
instanceKlass sun/reflect/MagicAccessorImpl
instanceKlass java/lang/reflect/Parameter
instanceKlass java/lang/reflect/Member
instanceKlass java/lang/reflect/AccessibleObject
instanceKlass java/util/Dictionary
instanceKlass java/util/Map
instanceKlass java/lang/ThreadGroup
instanceKlass java/lang/Thread$UncaughtExceptionHandler
instanceKlass java/lang/Thread
instanceKlass java/lang/Runnable
instanceKlass java/lang/ref/ReferenceQueue
instanceKlass java/lang/ref/Reference
instanceKlass java/security/AccessControlContext
instanceKlass java/security/ProtectionDomain
instanceKlass java/lang/SecurityManager
instanceKlass java/lang/Throwable
instanceKlass java/lang/System
instanceKlass java/lang/ClassLoader
instanceKlass java/lang/Cloneable
instanceKlass java/lang/Class
instanceKlass java/lang/reflect/Type
instanceKlass java/lang/reflect/GenericDeclaration
instanceKlass java/lang/reflect/AnnotatedElement
instanceKlass java/lang/String
instanceKlass java/lang/CharSequence
instanceKlass java/lang/Comparable
instanceKlass java/io/Serializable
ciInstanceKlass java/lang/Object 1 1 78 3 8 8 8 1 1 1 1 1 1 1 1 1 1 1 1 1 1 1 1 1 1 1 1 1 1 1 1 1 1 1 1 1 1 1 1 1 1 1 1 1 1 1 1 1 7 7 100 7 7 7 7 7 1 1 1 12 12 12 12 12 12 12 12 12 12 10 10 10 10 10 10 10 10 10 10 1
ciInstanceKlass java/io/Serializable 1 0 7 1 1 1 100 100 1
ciInstanceKlass java/lang/String 1 1 542 3 3 3 3 8 8 8 8 8 8 8 8 8 8 1 1 1 1 1 1 1 1 1 1 1 1 1 1 1 1 1 1 1 1 1 1 1 1 1 1 1 1 1 1 1 1 1 1 1 1 1 1 1 1 1 1 1 1 1 1 1 1 1 1 1 1 1 1 1 1 1 1 1 1 1 1 1 1 1 1 1 1 1 1 1 1 1 1 1 1 1 1 1 1 1 1 1 1 1 1 1 1 1 1 1 1 1 1 1 1 1 1 1 1 1 1 1 1 1 1 1 1 1 1 1 1 1 1 1 1 1 1 1 1 1 1 1 1 1 1 1 1 1 1 1 1 1 1 1 1 1 1 1 1 1 1 1 1 1 1 1 1 1 1 1 1 1 1 1 1 1 1 1 1 1 1 1 1 1 1 1 1 1 1 1 1 1 1 1 1 1 1 1 1 1 1 1 1 1 1 1 1 1 1 1 1 1 1 1 1 1 1 1 5 0 100 100 100 100 7 7 100 7 100 7 7 100 100 7 100 100 100 7 100 100 7 100 7 7 100 7 100 100 7 100 7 100 100 7 7 7 7 100 7 7 7 100 7 7 1 1 1 1 1 1 1 1 1 1 1 1 1 1 1 1 1 1 1 1 1 1 1 1 1 1 1 1 1 1 1 1 1 1 1 1 1 1 1 1 1 1 1 1 1 1 1 1 1 1 1 1 1 1 1 1 1 1 1 1 1 12 12 12 12 12 12 12 12 12 12 12 12 12 12 12 12 12 12 12 12 12 12 12 12 12 12 12 12 12 12 12 12 12 12 12 12 12 12 12 12 12 12 12 12 12 12 12 12 12 12 12 12 12 12 12 12 12 12 12 12 12 12 12 12 12 12 12 12 12 12 12 12 12 12 12 12 12 12 12 12 12 12 12 12 12 12 12 12 12 12 12 12 12 12 12 12 12 12 12 12 12 12 9 9 9 9 10 10 10 10 10 10 10 10 10 10 10 10 10 10 10 10 10 10 10 10 10 10 10 10 10 10 10 10 10 10 10 10 10 10 10 10 10 10 10 10 10 10 10 10 10 10 10 10 10 10 10 10 10 10 10 10 10 10 10 10 10 10 10 10 10 10 10 10 10 10 10 10 10 10 10 10 10 10 10 10 10 10 10 10 10 10 10 10 10 10 10 10 10 10 10 10 10 10 10 10 10 10 10 10 10 11 11 11 11 11 11 11 11 1 1
staticfield java/lang/String serialPersistentFields [Ljava/io/ObjectStreamField; 0 [Ljava/io/ObjectStreamField;
staticfield java/lang/String CASE_INSENSITIVE_ORDER Ljava/util/Comparator; java/lang/String$CaseInsensitiveComparator
ciInstanceKlass java/lang/Class 1 1 1190 8 8 8 8 8 8 8 8 8 8 8 8 8 8 8 8 8 8 7 1 1 1 1 1 1 1 1 1 1 1 1 1 1 1 1 1 1 1 1 1 1 1 1 1 1 1 1 1 1 1 1 1 1 1 1 1 1 1 1 1 1 1 1 1 1 1 1 1 1 1 1 1 1 1 1 1 1 1 1 1 1 1 1 1 1 1 1 1 1 1 1 1 1 1 1 1 1 1 1 1 1 1 1 1 1 1 1 1 1 1 1 1 1 1 1 1 1 1 1 1 1 1 1 1 1 1 1 1 1 1 1 1 1 1 1 1 1 1 1 1 1 1 1 1 1 1 1 1 1 1 1 1 1 1 1 1 1 1 1 1 1 1 1 1 1 1 1 1 1 1 1 1 1 1 1 1 1 1 1 1 1 1 1 1 1 1 1 1 1 1 1 1 1 1 1 1 1 1 1 1 1 1 1 1 1 1 1 1 1 1 1 1 1 1 1 1 1 1 1 1 1 1 1 1 1 1 1 1 1 1 1 1 1 1 1 1 1 1 1 1 1 1 1 1 1 1 1 1 1 1 1 1 1 1 1 1 1 1 1 1 1 1 1 1 1 1 1 1 1 1 1 1 1 1 1 1 1 1 1 1 1 1 1 1 1 1 1 1 1 1 1 1 1 1 1 1 1 1 1 1 1 1 1 1 1 1 1 1 1 1 1 1 1 1 1 1 1 1 1 1 1 1 1 1 1 1 1 1 1 1 1 1 1 1 1 1 1 1 1 1 1 1 1 1 1 1 1 1 1 1 1 1 1 1 1 1 1 1 1 1 1 1 1 1 1 1 1 1 1 1 1 1 1 1 1 1 1 1 1 1 1 1 1 1 1 1 1 1 1 1 1 1 1 1 1 1 1 1 1 1 1 1 1 1 1 1 1 1 1 1 1 1 1 1 1 1 1 1 1 1 1 3 3 3 5 0 8 8 8 8 8 7 7 7 100 100 100 7 7 100 7 100 7 7 7 7 7 7 7 100 7 7 100 100 7 7 100 100 7 100 100 7 7 7 7 100 7 100 7 7 7 100 100 7 7 100 100 7 7 7 7 100 7 7 100 100 100 7 7 7 100 100 7 100 7 7 100 7 7 7 7 100 100 7 7 7 7 100 7 100 7 7 7 7 7 100 7 1 1 1 1 1 1 1 1 1 1 1 1 1 1 1 1 1 1 1 1 1 1 1 1 1 1 1 1 1 1 1 1 1 1 1 1 1 1 1 1 1 1 1 1 1 1 1 1 1 1 1 1 1 1 1 1 1 1 1 1 1 1 1 1 1 1 1 1 1 1 1 1 1 1 1 1 1 1 1 1 1 1 1 1 1 1 1 1 1 1 1 1 1 1 1 1 1 1 1 1 1 1 1 1 1 1 1 1 1 1 1 1 1 1 1 1 1 1 1 1 1 1 1 1 1 1 1 1 1 1 1 1 1 1 1 1 1 1 1 1 1 1 1 1 1 1 1 1 1 1 1 1 1 1 1 1 1 1 1 1 1 1 1 1 1 1 1 12 12 12 12 12 12 12 12 12 12 12 12 12 12 12 12 12 12 12 12 12 12 12 12 12 12 12 12 12 12 12 12 12 12 12 12 12 12 12 12 12 12 12 12 12 12 12 12 12 12 12 12 12 12 12 12 12 12 12 12 12 12 12 12 12 12 12 12 12 12 12 12 12 12 12 12 12 12 12 12 12 12 12 12 12 12 12 12 12 12 12 12 12 12 12 12 12 12 12 12 12 12 12 12 12 12 12 12 12 12 12 12 12 12 12 12 12 12 12 12 12 12 12 12 12 12 12 12 12 12 12 12 12 12 12 12 12 12 12 12 12 12 12 12 12 12 12 12 12 12 12 12 12 12 12 12 12 12 12 12 12 12 12 12 12 12 12 12 12 12 12 12 12 12 12 12 12 12 12 12 12 12 12 12 12 12 12 12 12 12 12 12 12 12 12 12 12 12 12 12 12 12 12 12 12 12 12 12 12 12 12 12 12 12 12 12 12 12 12 12 12 12 12 12 12 12 12 12 12 12 12 12 9 9 9 9 9 9 9 9 9 9 9 9 9 9 9 9 9 9 9 9 9 9 9 9 9 9 9 9 9 9 9 9 9 9 9 9 9 10 10 10 10 10 10 10 10 10 10 10 10 10 10 10 10 10 10 10 10 10 10 10 10 10 10 10 10 10 10 10 10 10 10 10 10 10 10 10 10 10 10 10 10 10 10 10 10 10 10 10 10 10 10 10 10 10 10 10 10 10 10 10 10 10 10 10 10 10 10 10 10 10 10 10 10 10 10 10 10 10 10 10 10 10 10 10 10 10 10 10 10 10 10 10 10 10 10 10 10 10 10 10 10 10 10 10 10 10 10 10 10 10 10 10 10 10 10 10 10 10 10 10 10 10 10 10 10 10 10 10 10 10 10 10 10 10 10 10 10 10 10 10 10 10 10 10 10 10 10 10 10 10 10 10 10 10 10 10 10 10 10 10 10 10 10 10 10 10 10 10 10 10 10 10 10 10 10 10 10 10 10 10 10 10 10 10 10 10 10 10 10 10 10 10 10 10 10 10 10 10 10 10 10 10 10 10 10 10 10 11 11 11 11 11 11 11 11 11 11 11 11 11 11 11 11 11 11 1 1 1 1 1 1 1 1
staticfield java/lang/Class serialPersistentFields [Ljava/io/ObjectStreamField; 0 [Ljava/io/ObjectStreamField;
ciInstanceKlass java/lang/Cloneable 1 0 7 1 1 1 100 100 1
instanceKlass org/codehaus/groovy/reflection/ClassLoaderForClassArtifacts
instanceKlass org/codehaus/groovy/reflection/SunClassLoader
instanceKlass org/gradle/internal/classloader/CachingClassLoader
instanceKlass org/gradle/internal/classloader/MultiParentClassLoader
instanceKlass java/util/ResourceBundle$RBClassLoader
instanceKlass org/gradle/internal/classloader/FilteringClassLoader$RetrieveSystemPackagesClassLoader
instanceKlass org/gradle/internal/classloader/FilteringClassLoader
instanceKlass org/gradle/internal/classloader/FilteringClassLoader
instanceKlass sun/reflect/DelegatingClassLoader
instanceKlass java/security/SecureClassLoader
ciInstanceKlass java/lang/ClassLoader 1 1 832 8 8 8 8 8 8 8 8 8 8 8 8 8 8 8 8 8 8 7 1 1 1 1 1 1 1 1 1 1 1 1 1 1 1 1 1 1 1 1 1 1 1 1 1 1 1 1 1 1 1 1 1 1 1 1 1 1 1 1 1 1 1 1 1 1 1 1 1 1 1 1 1 1 1 1 1 1 1 1 1 1 1 1 1 1 1 1 1 1 1 1 1 1 1 1 1 1 1 1 1 1 1 1 1 1 1 1 1 1 1 1 1 1 1 1 1 1 1 1 1 1 1 1 1 1 1 1 1 1 1 1 1 1 1 1 1 1 1 1 1 1 1 1 1 1 1 1 1 1 1 1 1 1 1 1 1 1 1 1 1 1 1 1 1 1 1 1 1 1 1 1 1 1 1 1 1 1 1 1 1 1 1 1 1 1 1 1 1 1 1 1 1 1 1 1 1 1 1 1 1 1 1 1 1 1 1 1 1 1 1 1 1 1 1 1 1 1 1 1 1 1 1 1 1 1 1 1 1 1 1 1 1 1 1 1 1 1 1 1 1 1 1 1 1 1 1 1 1 1 1 1 1 1 1 1 1 1 1 1 1 1 1 1 1 1 1 1 1 1 1 1 1 1 1 1 1 1 1 1 1 1 1 1 1 1 1 1 1 1 1 1 1 1 1 1 100 7 100 7 7 7 7 100 100 100 7 7 100 7 7 7 7 100 7 100 7 100 100 7 7 100 100 7 100 7 7 100 100 100 100 7 100 100 7 7 100 7 7 7 7 7 7 7 7 7 7 7 7 7 7 7 7 7 7 100 100 1 1 1 1 1 1 1 1 1 1 1 1 1 1 1 1 1 1 1 1 1 1 1 1 1 1 1 1 1 1 1 1 1 1 1 1 1 1 1 1 1 1 1 1 1 1 1 1 1 1 1 1 1 1 1 1 1 1 1 1 1 1 1 1 1 1 1 1 1 1 1 1 1 1 1 1 1 1 1 1 1 1 1 1 1 1 1 1 1 1 1 1 1 1 1 1 1 1 1 1 1 1 1 1 1 1 1 1 1 1 1 1 12 12 12 12 12 12 12 12 12 12 12 12 12 12 12 12 12 12 12 12 12 12 12 12 12 12 12 12 12 12 12 12 12 12 12 12 12 12 12 12 12 12 12 12 12 12 12 12 12 12 12 12 12 12 12 12 12 12 12 12 12 12 12 12 12 12 12 12 12 12 12 12 12 12 12 12 12 12 12 12 12 12 12 12 12 12 12 12 12 12 12 12 12 12 12 12 12 12 12 12 12 12 12 12 12 12 12 12 12 12 12 12 12 12 12 12 12 12 12 12 12 12 12 12 12 12 12 12 12 12 12 12 12 12 12 12 12 12 12 12 12 12 12 12 12 12 12 12 12 12 12 12 12 12 12 12 12 12 12 12 12 12 12 12 12 12 12 12 9 9 9 9 9 9 9 9 9 9 9 9 9 9 9 9 9 9 9 9 9 9 9 9 9 9 9 9 10 10 10 10 10 10 10 10 10 10 10 10 10 10 10 10 10 10 10 10 10 10 10 10 10 10 10 10 10 10 10 10 10 10 10 10 10 10 10 10 10 10 10 10 10 10 10 10 10 10 10 10 10 10 10 10 10 10 10 10 10 10 10 10 10 10 10 10 10 10 10 10 10 10 10 10 10 10 10 10 10 10 10 10 10 10 10 10 10 10 10 10 10 10 10 10 10 10 10 10 10 10 10 10 10 10 10 10 10 10 10 10 10 10 10 10 10 10 10 10 10 10 10 10 10 10 10 10 10 10 10 10 10 10 10 10 10 10 10 10 10 10 10 10 10 10 10 10 10 10 10 10 10 10 10 10 10 10 10 10 11 11 11 11 11 1 1
staticfield java/lang/ClassLoader nocerts [Ljava/security/cert/Certificate; 0 [Ljava/security/cert/Certificate;
ciInstanceKlass java/lang/System 1 1 369 8 8 8 8 8 8 8 8 8 8 8 8 8 7 1 1 1 1 1 1 1 1 1 1 1 1 1 1 1 1 1 1 1 1 1 1 1 1 1 1 1 1 1 1 1 1 1 1 1 1 1 1 1 1 1 1 1 1 1 1 1 1 1 1 1 1 1 1 1 1 1 1 1 1 1 1 1 1 1 1 1 1 1 1 1 1 1 1 1 1 1 1 1 1 1 1 1 1 1 1 1 1 1 1 1 1 1 1 1 1 1 1 1 1 1 1 1 1 1 1 1 1 1 1 1 1 1 1 1 1 1 1 1 1 1 1 1 1 1 1 1 1 1 1 1 1 1 1 1 1 1 7 7 7 7 7 100 7 100 100 100 100 100 100 7 7 100 100 7 100 100 7 7 7 7 100 100 100 7 100 100 7 7 7 7 1 1 1 1 1 1 1 1 1 1 1 1 1 1 1 1 1 1 1 1 1 1 1 1 1 1 1 1 1 1 1 1 1 1 1 1 1 1 1 1 12 12 12 12 12 12 12 12 12 12 12 12 12 12 12 12 12 12 12 12 12 12 12 12 12 12 12 12 12 12 12 12 12 12 12 12 12 12 12 12 12 12 12 12 12 12 12 12 12 12 12 12 12 12 12 12 12 12 12 12 12 12 12 12 12 12 12 12 9 9 9 9 9 9 9 9 9 9 10 10 10 10 10 10 10 10 10 10 10 10 10 10 10 10 10 10 10 10 10 10 10 10 10 10 10 10 10 10 10 10 10 10 10 10 10 10 10 10 10 10 10 10 10 10 10 10 10 10 10 10 10 10 10 10 10 10 10 10 10 10 10 11 1
staticfield java/lang/System in Ljava/io/InputStream; java/io/PipedInputStream
staticfield java/lang/System out Ljava/io/PrintStream; org/gradle/internal/io/LinePerThreadBufferingOutputStream
staticfield java/lang/System err Ljava/io/PrintStream; org/gradle/internal/io/LinePerThreadBufferingOutputStream
instanceKlass java/lang/Exception
instanceKlass java/lang/Error
ciInstanceKlass java/lang/Throwable 1 1 353 8 8 8 8 8 8 8 8 8 8 8 8 8 8 8 8 8 8 8 7 1 1 1 1 1 1 1 1 1 1 1 1 1 1 1 1 1 1 1 1 1 1 1 1 1 1 1 1 1 1 1 1 1 1 1 1 1 1 1 1 1 1 1 1 1 1 1 1 1 1 1 1 1 1 1 1 1 1 1 1 1 1 1 1 1 1 1 1 1 1 1 1 1 1 1 1 1 1 1 1 1 1 1 1 1 1 1 1 1 1 1 1 1 1 1 1 1 1 1 1 1 1 1 1 1 1 1 1 1 1 1 1 1 1 1 1 1 1 1 1 1 1 1 1 1 1 1 1 1 1 1 1 1 1 1 1 1 1 5 0 100 100 100 100 100 100 100 100 7 100 100 100 100 100 100 7 100 7 100 7 100 100 100 100 100 100 100 7 7 100 100 100 100 100 1 1 1 1 1 1 1 1 1 1 1 1 1 1 1 1 1 1 1 1 1 1 1 1 1 1 1 1 1 1 1 12 12 12 12 12 12 12 12 12 12 12 12 12 12 12 12 12 12 12 12 12 12 12 12 12 12 12 12 12 12 12 12 12 12 12 12 12 12 12 12 12 12 12 12 12 12 12 12 12 12 12 12 12 12 12 12 12 9 9 9 9 9 9 9 9 9 9 9 9 10 10 10 10 10 10 10 10 10 10 10 10 10 10 10 10 10 10 10 10 10 10 10 10 10 10 10 10 10 10 10 10 10 10 10 10 10 10 10 10 10 10 10 10 10 11 11 11 11 11 11 11 11 1 1 1 1 1
staticfield java/lang/Throwable UNASSIGNED_STACK [Ljava/lang/StackTraceElement; 0 [Ljava/lang/StackTraceElement;
staticfield java/lang/Throwable SUPPRESSED_SENTINEL Ljava/util/List; java/util/Collections$UnmodifiableRandomAccessList
staticfield java/lang/Throwable EMPTY_THROWABLE_ARRAY [Ljava/lang/Throwable; 0 [Ljava/lang/Throwable;
staticfield java/lang/Throwable $assertionsDisabled Z 1
instanceKlass kotlin/jvm/KotlinReflectionNotSupportedError
instanceKlass java/util/ServiceConfigurationError
instanceKlass com/google/common/util/concurrent/ExecutionError
instanceKlass java/lang/AssertionError
instanceKlass java/lang/VirtualMachineError
instanceKlass java/lang/LinkageError
instanceKlass java/lang/ThreadDeath
ciInstanceKlass java/lang/Error 1 1 30 1 1 1 1 1 1 1 1 1 1 1 1 5 0 100 7 1 1 12 12 12 12 12 10 10 10 10 10 1
ciInstanceKlass java/lang/ThreadDeath 0 0 18 1 1 1 1 1 1 1 1 1 1 5 0 100 100 12 10 1
instanceKlass org/apache/maven/artifact/versioning/InvalidVersionSpecificationException
instanceKlass javax/xml/transform/TransformerException
instanceKlass javax/management/JMException
instanceKlass sun/security/ec/ECOperations$IntermediateValueException
instanceKlass javax/naming/NamingException
instanceKlass java/awt/AWTException
instanceKlass java/beans/PropertyVetoException
instanceKlass java/sql/SQLException
instanceKlass org/apache/maven/settings/building/SettingsBuildingException
instanceKlass com/jcraft/jsch/JSchException
instanceKlass javax/xml/xpath/XPathException
instanceKlass org/xml/sax/SAXException
instanceKlass javax/xml/parsers/ParserConfigurationException
instanceKlass org/gradle/api/internal/attributes/AttributeMergingException
instanceKlass java/lang/CloneNotSupportedException
instanceKlass java/util/concurrent/TimeoutException
instanceKlass java/util/concurrent/ExecutionException
instanceKlass java/text/ParseException
instanceKlass java/security/PrivilegedActionException
instanceKlass java/net/URISyntaxException
instanceKlass java/io/IOException
instanceKlass java/security/GeneralSecurityException
instanceKlass java/lang/InterruptedException
instanceKlass java/lang/ReflectiveOperationException
instanceKlass java/lang/RuntimeException
ciInstanceKlass java/lang/Exception 1 1 30 1 1 1 1 1 1 1 1 1 1 1 1 5 0 100 7 1 1 12 12 12 12 12 10 10 10 10 10 1
instanceKlass org/gradle/util/ConfigureUtil$IncompleteInputException
instanceKlass net/minecraftforge/artifactural/api/artifact/MissingArtifactException
instanceKlass org/gradle/workers/internal/WorkSerializationException
instanceKlass org/gradle/api/internal/NullNamingPropertyException
instanceKlass org/gradle/api/internal/NoNamingPropertyException
instanceKlass com/google/gson/JsonParseException
instanceKlass java/security/ProviderException
instanceKlass net/minecraftforge/gradle/common/util/EnvironmentChecks$EnvironmentCheckFailedException
instanceKlass org/gradle/internal/component/NoMatchingCapabilitiesException
instanceKlass org/gradle/internal/component/model/ConfigurationNotFoundException
instanceKlass org/gradle/internal/resource/transport/http/HttpErrorStatusCodeException
instanceKlass org/gradle/internal/reflect/UnsupportedPropertyValueException
instanceKlass org/gradle/model/internal/manage/schema/extract/InvalidManagedModelElementTypeException
instanceKlass org/gradle/api/internal/NoFactoryRegisteredForTypeException
instanceKlass org/gradle/util/internal/ConfigureUtil$IncompleteInputException
instanceKlass org/w3c/dom/DOMException
instanceKlass groovy/lang/StringWriterIOException
instanceKlass java/lang/reflect/MalformedParameterizedTypeException
instanceKlass org/gradle/cache/internal/btree/CorruptedCacheException
instanceKlass org/gradle/internal/execution/fingerprint/InputFingerprinter$InputFileFingerprintingException
instanceKlass org/gradle/internal/execution/OutputSnapshotter$OutputFileSnapshottingException
instanceKlass org/gradle/api/internal/attributes/AttributeMatchException
instanceKlass org/gradle/internal/locking/MissingLockStateException
instanceKlass org/gradle/internal/locking/InvalidLockFileException
instanceKlass org/gradle/api/internal/provider/AbstractProperty$PropertyQueryException
instanceKlass org/gradle/cli/CommandLineArgumentException
instanceKlass groovy/lang/GroovyRuntimeException
instanceKlass kotlin/NoWhenBranchMatchedException
instanceKlass java/util/ConcurrentModificationException
instanceKlass org/gradle/internal/reflect/NoSuchPropertyException
instanceKlass org/gradle/internal/snapshot/impl/IsolationException
instanceKlass org/gradle/internal/snapshot/ValueSnapshottingException
instanceKlass org/apache/tools/ant/BuildException
instanceKlass java/io/UncheckedIOException
instanceKlass org/gradle/tooling/internal/protocol/InternalBuildActionFailureException
instanceKlass org/gradle/tooling/internal/protocol/test/InternalTestExecutionException
instanceKlass org/gradle/internal/typeconversion/TypeConversionException
instanceKlass com/google/common/util/concurrent/UncheckedExecutionException
instanceKlass com/google/common/cache/CacheLoader$InvalidCacheLoadException
instanceKlass org/gradle/internal/work/NoAvailableWorkerLeaseException
instanceKlass org/gradle/launcher/daemon/server/BadlyFormedRequestException
instanceKlass org/gradle/internal/remote/internal/MessageIOException
instanceKlass org/gradle/cache/LockTimeoutException
instanceKlass org/gradle/cache/InsufficientLockModeException
instanceKlass org/gradle/cache/internal/locklistener/GracefullyStoppedException
instanceKlass org/gradle/launcher/daemon/registry/DaemonRegistry$EmptyRegistryException
instanceKlass org/gradle/cache/FileIntegrityViolationException
instanceKlass org/gradle/internal/file/FileException
instanceKlass org/gradle/launcher/daemon/server/api/DaemonStoppedException
instanceKlass org/gradle/launcher/daemon/server/api/DaemonUnavailableException
instanceKlass java/lang/TypeNotPresentException
instanceKlass java/util/MissingResourceException
instanceKlass org/gradle/util/internal/GFileUtils$TailReadingException
instanceKlass org/gradle/internal/jvm/JavaHomeException
instanceKlass kotlin/UninitializedPropertyAccessException
instanceKlass java/util/NoSuchElementException
instanceKlass org/gradle/api/reflect/ObjectInstantiationException
instanceKlass org/gradle/api/internal/classpath/UnknownModuleException
instanceKlass org/gradle/internal/nativeintegration/NativeIntegrationException
instanceKlass org/gradle/internal/reflect/NoSuchMethodException
instanceKlass net/rubygrapefruit/platform/NativeException
instanceKlass org/gradle/internal/service/ServiceLookupException
instanceKlass com/esotericsoftware/kryo/KryoException
instanceKlass java/lang/reflect/UndeclaredThrowableException
instanceKlass org/gradle/internal/operations/BuildOperationInvocationException
instanceKlass org/gradle/internal/UncheckedException
instanceKlass org/gradle/api/GradleException
instanceKlass java/lang/UnsupportedOperationException
instanceKlass java/lang/SecurityException
instanceKlass org/gradle/api/UncheckedIOException
instanceKlass org/gradle/internal/service/ServiceLookupException
instanceKlass java/lang/IndexOutOfBoundsException
instanceKlass org/gradle/api/GradleException
instanceKlass java/lang/invoke/WrongMethodTypeException
instanceKlass java/lang/IllegalStateException
instanceKlass org/gradle/api/UncheckedIOException
instanceKlass org/gradle/api/internal/classpath/UnknownModuleException
instanceKlass java/lang/IllegalArgumentException
instanceKlass java/lang/ArithmeticException
instanceKlass java/lang/NullPointerException
instanceKlass java/lang/IllegalMonitorStateException
instanceKlass java/lang/ArrayStoreException
instanceKlass java/lang/ClassCastException
ciInstanceKlass java/lang/RuntimeException 1 1 30 1 1 1 1 1 1 1 1 1 1 1 1 5 0 7 100 1 1 12 12 12 12 12 10 10 10 10 10 1
instanceKlass javax/crypto/JceSecurityManager
instanceKlass org/codehaus/groovy/reflection/ReflectionUtils$ClassContextHelper
ciInstanceKlass java/lang/SecurityManager 1 1 375 8 8 8 8 8 8 8 8 8 8 8 8 8 8 8 8 8 8 8 8 8 8 8 8 8 8 8 8 8 8 8 8 8 8 8 8 7 1 1 1 1 1 1 1 1 1 1 1 1 1 1 1 1 1 1 1 1 1 1 1 1 1 1 1 1 1 1 1 1 1 1 1 1 1 1 1 1 1 1 1 1 1 1 1 1 1 1 1 1 1 1 1 1 1 1 1 1 1 1 1 1 1 1 1 1 1 1 1 1 1 1 1 1 1 1 1 1 1 1 1 1 1 1 1 1 1 1 1 1 1 1 1 1 1 1 1 1 1 1 1 1 1 1 1 1 1 1 1 1 1 1 1 1 1 1 1 1 1 1 1 1 1 1 1 1 1 1 1 1 1 1 1 1 1 1 1 1 1 1 1 1 1 1 1 1 1 1 1 1 1 1 1 1 1 1 1 1 1 1 1 1 100 100 100 100 100 100 100 7 100 100 100 100 100 100 7 7 7 100 100 100 100 100 100 100 100 100 100 100 1 1 1 1 1 1 1 1 1 1 1 1 1 1 1 1 1 1 1 1 1 1 1 1 1 1 1 1 1 1 1 12 12 12 12 12 12 12 12 12 12 12 12 12 12 12 12 12 12 12 12 12 12 12 12 12 12 12 12 12 12 12 12 12 12 12 12 12 12 12 12 12 12 12 12 12 12 12 12 12 12 12 9 9 9 9 9 9 9 9 9 9 9 9 9 9 9 9 9 10 10 10 10 10 10 10 10 10 10 10 10 10 10 10 10 10 10 10 10 10 10 10 10 10 10 10 10 10 10 10 10 10 10 10 10 10 10 10 10 10 10 10 10 10 1
staticfield java/lang/SecurityManager packageAccessLock Ljava/lang/Object; java/lang/Object
staticfield java/lang/SecurityManager packageDefinitionLock Ljava/lang/Object; java/lang/Object
ciInstanceKlass java/security/ProtectionDomain 1 1 272 8 8 8 8 8 8 8 8 8 8 1 1 1 1 1 1 1 1 1 1 1 1 1 1 1 1 1 1 1 1 1 1 1 1 1 1 1 1 1 1 1 1 1 1 1 1 1 1 1 1 1 1 1 1 1 1 1 1 1 1 1 1 1 1 1 1 1 1 1 1 1 1 1 1 1 1 1 1 1 1 1 1 1 1 1 1 1 1 1 1 1 1 1 1 1 1 1 1 1 1 1 1 1 1 1 1 1 1 1 100 100 100 7 100 100 100 100 100 100 100 100 100 7 7 100 7 7 100 7 7 7 100 100 100 7 7 100 1 1 1 1 1 1 1 1 1 1 1 1 1 1 1 1 1 1 1 1 1 1 1 1 1 1 1 1 1 12 12 12 12 12 12 12 12 12 12 12 12 12 12 12 12 12 12 12 12 12 12 12 12 12 12 12 12 12 12 12 12 12 12 12 12 12 12 12 12 12 12 12 12 12 12 12 12 9 9 9 9 9 9 9 9 9 9 9 10 10 10 10 10 10 10 10 10 10 10 10 10 10 10 10 10 10 10 10 10 10 10 10 10 10 10 10 10 10 10 10 10 10 10 10 10 11 11 11 11 11 11 11 1 1
staticfield java/security/ProtectionDomain debug Lsun/security/util/Debug; null
ciInstanceKlass java/security/AccessControlContext 1 1 305 8 8 8 8 8 8 8 8 8 8 8 8 8 7 1 1 1 1 1 1 1 1 1 1 1 1 1 1 1 1 1 1 1 1 1 1 1 1 1 1 1 1 1 1 1 1 1 1 1 1 1 1 1 1 1 1 1 1 1 1 1 1 1 1 1 1 1 1 1 1 1 1 1 1 1 1 1 1 1 1 1 1 1 1 1 1 1 1 1 1 1 1 1 1 1 1 1 1 1 1 1 1 1 1 1 1 1 1 1 1 1 1 1 1 1 1 1 1 1 1 1 1 1 100 7 100 100 7 100 100 7 100 100 7 100 100 7 100 100 7 100 7 100 100 100 100 1 1 1 1 1 1 1 1 1 1 1 1 1 1 1 1 1 1 1 1 1 1 1 1 1 1 1 1 1 1 1 1 1 1 12 12 12 12 12 12 12 12 12 12 12 12 12 12 12 12 12 12 12 12 12 12 12 12 12 12 12 12 12 12 12 12 12 12 12 12 12 12 12 12 12 12 12 12 12 12 12 12 12 12 12 12 12 12 12 12 12 12 9 9 9 9 9 9 9 9 9 9 9 9 9 9 10 10 10 10 10 10 10 10 10 10 10 10 10 10 10 10 10 10 10 10 10 10 10 10 10 10 10 10 10 10 10 10 10 10 10 10 10 10 10 10 10 10 10 10 10 11 11 11 11 11 11 1
instanceKlass sun/reflect/misc/MethodUtil
instanceKlass java/net/URLClassLoader
ciInstanceKlass java/security/SecureClassLoader 1 1 130 8 8 8 8 1 1 1 1 1 1 1 1 1 1 1 1 1 1 1 1 1 1 1 1 1 1 1 1 1 1 1 1 1 1 1 1 1 1 1 1 1 1 1 1 1 1 1 1 1 1 7 100 100 100 100 7 100 7 7 7 7 7 1 1 1 1 1 1 1 1 1 1 1 1 1 1 1 1 1 1 12 12 12 12 12 12 12 12 12 12 12 12 12 12 12 12 12 12 12 12 12 12 12 9 9 9 10 10 10 10 10 10 10 10 10 10 10 10 10 10 10 10 10 10 10 10 10 10 1
staticfield java/security/SecureClassLoader debug Lsun/security/util/Debug; null
instanceKlass java/lang/reflect/InvocationTargetException
instanceKlass java/lang/IllegalAccessException
instanceKlass java/lang/NoSuchFieldException
instanceKlass java/lang/InstantiationException
instanceKlass java/lang/NoSuchMethodException
instanceKlass java/lang/ClassNotFoundException
ciInstanceKlass java/lang/ReflectiveOperationException 1 1 27 1 1 1 1 1 1 1 1 1 1 1 1 5 0 7 100 1 12 12 12 12 10 10 10 10 1
ciInstanceKlass java/lang/ClassNotFoundException 1 1 32 1 1 1 1 1 1 1 1 1 1 1 1 1 1 1 1 5 0 100 7 100 1 1 1 12 12 12 9 10 10 1
instanceKlass java/lang/ClassFormatError
instanceKlass java/lang/UnsatisfiedLinkError
instanceKlass java/lang/IncompatibleClassChangeError
instanceKlass java/lang/BootstrapMethodError
instanceKlass java/lang/NoClassDefFoundError
ciInstanceKlass java/lang/LinkageError 1 1 24 1 1 1 1 1 1 1 1 1 1 1 5 0 7 100 1 12 12 12 10 10 10 1
ciInstanceKlass java/lang/NoClassDefFoundError 1 1 21 1 1 1 1 1 1 1 1 1 1 1 5 0 7 100 12 12 10 10 1
instanceKlass org/codehaus/groovy/runtime/typehandling/GroovyCastException
ciInstanceKlass java/lang/ClassCastException 1 1 21 1 1 1 1 1 1 1 1 1 1 1 5 0 100 100 12 12 10 10 1
ciInstanceKlass java/lang/ArrayStoreException 1 1 21 1 1 1 1 1 1 1 1 1 1 1 5 0 100 100 12 12 10 10 1
instanceKlass java/lang/InternalError
instanceKlass java/lang/StackOverflowError
instanceKlass java/lang/OutOfMemoryError
ciInstanceKlass java/lang/VirtualMachineError 1 1 27 1 1 1 1 1 1 1 1 1 1 1 1 5 0 100 100 1 12 12 12 12 10 10 10 10 1
ciInstanceKlass java/lang/OutOfMemoryError 1 1 21 1 1 1 1 1 1 1 1 1 1 1 5 0 100 100 12 12 10 10 1
ciInstanceKlass java/lang/StackOverflowError 1 1 21 1 1 1 1 1 1 1 1 1 1 1 5 0 100 100 12 12 10 10 1
ciInstanceKlass java/lang/IllegalMonitorStateException 1 1 21 1 1 1 1 1 1 1 1 1 1 1 5 0 100 100 12 12 10 10 1
instanceKlass java/lang/ref/PhantomReference
instanceKlass java/lang/ref/FinalReference
instanceKlass java/lang/ref/WeakReference
instanceKlass java/lang/ref/SoftReference
ciInstanceKlass java/lang/ref/Reference 1 1 139 8 1 1 1 1 1 1 1 1 1 1 1 1 1 1 1 1 1 1 1 1 1 1 1 1 1 1 1 1 1 1 1 1 1 1 1 1 1 1 1 1 1 1 1 1 1 1 1 1 1 1 1 1 1 1 1 1 1 1 100 100 7 100 7 7 100 7 7 7 7 7 7 7 1 1 1 1 1 1 1 1 1 1 1 1 1 1 1 1 12 12 12 12 12 12 12 12 12 12 12 12 12 12 12 12 12 12 12 12 12 12 9 9 9 9 9 9 9 10 10 10 10 10 10 10 10 10 10 10 10 10 10 10 10 10 1 1 1
instanceKlass sun/security/util/MemoryCache$SoftCacheEntry
instanceKlass org/codehaus/groovy/util/ReferenceType$SoftRef
instanceKlass sun/util/locale/provider/LocaleResources$ResourceReference
instanceKlass java/util/ResourceBundle$BundleReference
instanceKlass java/lang/invoke/LambdaFormEditor$Transform
instanceKlass sun/util/locale/LocaleObjectCache$CacheEntry
ciInstanceKlass java/lang/ref/SoftReference 1 1 35 1 1 1 1 1 1 1 1 1 1 1 1 1 1 1 1 100 7 7 1 1 1 1 12 12 12 12 12 9 9 10 10 10 1
instanceKlass java/util/concurrent/ForkJoinTask$ExceptionNode
instanceKlass com/sun/jmx/mbeanserver/WeakIdentityHashMap$IdentityWeakReference
instanceKlass com/google/common/cache/LocalCache$WeakEntry
instanceKlass java/beans/WeakIdentityMap$Entry
instanceKlass org/codehaus/groovy/util/ReferenceType$WeakRef
instanceKlass com/google/common/collect/MapMakerInternalMap$WeakValueReferenceImpl
instanceKlass com/google/common/collect/MapMakerInternalMap$AbstractWeakKeyEntry
instanceKlass com/google/common/cache/LocalCache$WeakValueReference
instanceKlass java/util/ResourceBundle$LoaderReference
instanceKlass java/util/logging/LogManager$LoggerWeakRef
instanceKlass sun/nio/ch/SharedFileLockTable$FileLockReference
instanceKlass java/lang/reflect/WeakCache$CacheValue
instanceKlass java/lang/reflect/Proxy$Key1
instanceKlass java/lang/reflect/WeakCache$CacheKey
instanceKlass java/lang/invoke/MethodType$ConcurrentWeakInternSet$WeakEntry
instanceKlass java/lang/ThreadLocal$ThreadLocalMap$Entry
instanceKlass java/lang/ClassValue$Entry
instanceKlass java/util/WeakHashMap$Entry
ciInstanceKlass java/lang/ref/WeakReference 1 1 20 1 1 1 1 1 1 1 1 7 100 1 1 1 1 12 12 10 10 1
instanceKlass java/lang/ref/Finalizer
ciInstanceKlass java/lang/ref/FinalReference 1 1 25 8 1 1 1 1 1 1 1 1 1 1 1 1 100 100 7 1 1 1 12 12 10 10 1
instanceKlass sun/misc/Cleaner
ciInstanceKlass java/lang/ref/PhantomReference 1 1 19 1 1 1 1 1 1 1 1 1 1 100 7 1 1 1 12 10 1
ciInstanceKlass java/lang/ref/Finalizer 1 1 140 1 1 1 1 1 1 1 1 1 1 1 1 1 1 1 1 1 1 1 1 1 1 1 1 1 1 1 1 1 1 1 1 1 1 1 1 1 1 1 1 1 1 1 1 1 1 1 1 1 1 1 1 1 1 7 7 7 7 100 7 7 100 100 7 7 100 7 100 1 1 1 1 1 1 1 1 1 1 1 1 1 1 1 12 12 12 12 12 12 12 12 12 12 12 12 12 12 12 12 12 12 12 12 12 12 12 12 12 12 9 9 9 9 9 10 10 10 10 10 10 10 10 10 10 10 10 10 10 10 10 10 10 10 10 10 10 11 1 1
staticfield java/lang/ref/Finalizer lock Ljava/lang/Object; java/lang/Object
instanceKlass java/lang/ref/ReferenceQueue$Null
ciInstanceKlass java/lang/ref/ReferenceQueue 1 1 130 8 7 1 1 1 1 1 1 1 1 1 1 1 1 1 1 1 1 1 1 1 1 1 1 1 1 1 1 1 1 1 1 1 1 1 1 1 1 1 1 1 1 1 1 1 1 1 1 1 1 1 1 1 1 1 5 0 100 7 100 100 7 100 100 7 7 100 7 7 100 7 1 1 1 1 1 1 1 1 1 1 1 1 1 1 1 1 12 12 12 12 12 12 12 12 12 12 12 12 12 12 12 12 12 12 12 9 9 9 9 9 9 9 9 10 10 10 10 10 10 10 10 10 10 10 10 11 1 1
staticfield java/lang/ref/ReferenceQueue $assertionsDisabled Z 1
instanceKlass java/util/concurrent/ForkJoinWorkerThread
instanceKlass net/rubygrapefruit/platform/internal/jni/AbstractFileEventFunctions$NativeFileWatcher$1
instanceKlass org/gradle/launcher/daemon/server/exec/DaemonConnectionBackedEventConsumer$ForwardEvents
instanceKlass org/gradle/launcher/daemon/server/exec/LogToClient$AsynchronousLogDispatcher
instanceKlass java/util/logging/LogManager$Cleaner
instanceKlass java/lang/ref/Finalizer$FinalizerThread
instanceKlass java/lang/ref/Reference$ReferenceHandler
ciInstanceKlass java/lang/Thread 1 1 550 3 3 8 8 8 8 8 8 8 8 8 8 8 8 7 1 1 1 1 1 1 1 1 1 1 1 1 1 1 1 1 1 1 1 1 1 1 1 1 1 1 1 1 1 1 1 1 1 1 1 1 1 1 1 1 1 1 1 1 1 1 1 1 1 1 1 1 1 1 1 1 1 1 1 1 1 1 1 1 1 1 1 1 1 1 1 1 1 1 1 1 1 1 1 1 1 1 1 1 1 1 1 1 1 1 1 1 1 1 1 1 1 1 1 1 1 1 1 1 1 1 1 1 1 1 1 1 1 1 1 1 1 1 1 1 1 1 1 1 1 1 1 1 1 1 1 1 1 1 1 1 1 1 1 1 1 1 1 1 1 1 1 1 1 1 1 1 1 1 1 1 1 1 1 1 1 1 1 1 1 1 1 1 1 1 1 1 1 1 1 1 1 1 1 1 1 1 1 1 1 1 1 1 1 1 1 1 1 1 1 1 1 1 1 1 1 1 1 1 1 1 1 1 1 1 1 1 3 3 3 100 100 100 100 100 100 100 100 100 100 100 100 7 7 7 100 7 100 7 7 100 100 100 100 100 100 7 7 100 100 100 100 100 100 7 100 100 100 100 100 100 100 100 1 1 1 1 1 1 1 1 1 1 1 1 1 1 1 1 1 1 1 1 1 1 1 1 1 1 1 1 1 1 1 1 1 1 1 1 1 1 1 1 1 1 1 1 1 1 1 1 1 1 1 1 1 1 1 1 1 1 1 12 12 12 12 12 12 12 12 12 12 12 12 12 12 12 12 12 12 12 12 12 12 12 12 12 12 12 12 12 12 12 12 12 12 12 12 12 12 12 12 12 12 12 12 12 12 12 12 12 12 12 12 12 12 12 12 12 12 12 12 12 12 12 12 12 12 12 12 12 12 12 12 12 12 12 12 12 12 12 12 12 12 12 12 12 12 12 12 12 12 12 12 12 12 12 12 12 12 12 9 9 9 9 9 9 9 9 9 9 9 9 9 9 9 9 9 9 9 9 9 9 9 9 9 9 9 10 10 10 10 10 10 10 10 10 10 10 10 10 10 10 10 10 10 10 10 10 10 10 10 10 10 10 10 10 10 10 10 10 10 10 10 10 10 10 10 10 10 10 10 10 10 10 10 10 10 10 10 10 10 10 10 10 10 10 10 10 10 10 10 10 10 10 10 10 10 10 10 10 10 10 10 10 10 10 11 11 11 11 11 11 11 1 1 1 1 1
staticfield java/lang/Thread EMPTY_STACK_TRACE [Ljava/lang/StackTraceElement; 0 [Ljava/lang/StackTraceElement;
staticfield java/lang/Thread SUBCLASS_IMPLEMENTATION_PERMISSION Ljava/lang/RuntimePermission; java/lang/RuntimePermission
ciInstanceKlass java/lang/ThreadGroup 1 1 268 8 8 8 8 8 8 8 1 1 1 1 1 1 1 1 1 1 1 1 1 1 1 1 1 1 1 1 1 1 1 1 1 1 1 1 1 1 1 1 1 1 1 1 1 1 1 1 1 1 1 1 1 1 1 1 1 1 1 1 1 1 1 1 1 1 1 1 1 1 1 1 1 1 1 1 1 1 1 1 1 1 1 1 1 1 1 1 1 1 1 1 1 1 1 1 1 1 1 1 1 1 1 1 1 1 1 1 1 7 100 100 100 100 100 7 100 100 7 7 100 100 7 100 7 100 1 1 1 1 1 1 1 1 1 1 1 1 1 1 1 1 1 1 1 1 1 1 1 1 1 1 1 12 12 12 12 12 12 12 12 12 12 12 12 12 12 12 12 12 12 12 12 12 12 12 12 12 12 12 12 12 12 12 12 12 12 12 12 12 12 12 12 12 12 12 12 12 12 12 12 12 12 12 12 12 9 9 9 9 9 9 9 9 9 9 9 9 9 10 10 10 10 10 10 10 10 10 10 10 10 10 10 10 10 10 10 10 10 10 10 10 10 10 10 10 10 10 10 10 10 10 10 10 10 10 10 10 10 10 10 10 10 10 10 11 1 1
ciInstanceKlass java/util/Map 1 1 132 1 1 1 1 1 1 1 1 1 1 1 1 1 1 1 1 1 1 1 1 1 1 1 1 1 1 1 1 1 1 1 1 1 1 1 1 1 1 1 1 1 1 1 1 1 1 1 1 1 1 1 1 1 1 1 1 1 1 1 1 1 100 100 100 100 7 7 7 100 100 100 7 1 1 1 1 1 1 1 1 1 1 1 1 1 1 1 1 1 1 1 1 1 1 1 1 12 12 12 12 12 12 12 12 12 12 12 12 12 12 12 12 12 10 10 10 11 11 11 11 11 11 11 11 11 11 11 11 11 11 1
instanceKlass java/util/Hashtable
ciInstanceKlass java/util/Dictionary 1 1 31 1 1 1 1 1 1 1 1 1 1 1 1 1 1 1 1 1 1 1 7 100 1 1 1 1 1 1 12 10 1
instanceKlass java/util/Properties
ciInstanceKlass java/util/Hashtable 1 1 437 3 3 4 4 4 4 8 8 8 8 8 8 8 8 100 1 1 1 1 1 1 1 1 1 1 1 1 1 1 1 1 1 1 1 1 1 1 1 1 1 1 1 1 1 1 1 1 1 1 1 1 1 1 1 1 1 1 1 1 1 1 1 1 1 1 1 1 1 1 1 1 1 1 1 1 1 1 1 1 1 1 1 1 1 1 1 1 1 1 1 1 1 1 1 1 1 1 1 1 1 1 1 1 1 1 1 1 1 1 1 1 1 1 1 1 1 1 1 1 1 1 1 1 1 1 1 1 1 1 1 1 1 1 1 1 1 1 1 1 1 1 1 1 1 1 1 1 1 1 1 1 1 1 1 1 1 1 1 1 1 1 1 1 1 1 1 1 1 1 1 1 1 1 1 1 3 3 3 5 0 100 100 100 100 100 100 100 100 100 100 100 7 100 100 7 100 7 100 100 100 7 100 7 7 100 7 7 7 7 100 100 7 7 7 100 7 100 100 100 100 100 1 1 1 1 1 1 1 1 1 1 1 1 1 1 1 1 1 1 1 1 1 1 1 1 1 1 1 1 1 1 1 1 1 1 1 1 1 1 1 1 1 1 1 1 1 1 1 1 1 1 1 1 1 1 1 1 1 1 1 12 12 12 12 12 12 12 12 12 12 12 12 12 12 12 12 12 12 12 12 12 12 12 12 12 12 12 12 12 12 12 12 12 12 12 12 12 12 12 12 12 12 12 12 12 12 12 12 12 12 12 12 12 12 12 12 12 12 12 12 12 12 12 12 12 12 12 12 9 9 9 9 9 9 9 9 9 9 9 9 10 10 10 10 10 10 10 10 10 10 10 10 10 10 10 10 10 10 10 10 10 10 10 10 10 10 10 10 10 10 10 10 10 10 10 10 10 10 10 10 10 10 10 10 10 10 10 10 10 10 10 10 10 10 10 10 11 11 11 11 11 11 11 11 11 11 11 11 11 1 1 1 1 1 1 1
instanceKlass org/gradle/internal/classpath/AccessTrackingProperties
instanceKlass java/security/Provider
ciInstanceKlass java/util/Properties 1 1 263 3 8 8 8 8 8 8 8 1 1 1 1 1 1 1 1 1 1 1 1 1 1 1 1 1 1 1 1 1 1 1 1 1 1 1 1 1 1 1 1 1 1 1 1 1 1 1 1 1 1 1 1 1 1 1 1 1 1 1 1 1 1 1 1 1 1 1 1 1 1 1 1 1 1 1 1 1 1 1 1 1 1 1 1 1 1 1 1 1 1 1 1 1 1 1 1 1 1 1 1 1 1 1 1 1 5 0 100 100 100 100 100 100 100 100 100 100 100 7 100 100 100 100 7 7 100 100 7 7 100 1 1 1 1 1 1 1 1 1 1 1 1 1 1 1 1 1 1 1 1 1 1 1 1 1 1 1 1 1 1 1 12 12 12 12 12 12 12 12 12 12 12 12 12 12 12 12 12 12 12 12 12 12 12 12 12 12 12 12 12 12 12 12 12 12 12 12 12 12 12 12 12 12 12 12 12 9 9 9 10 10 10 10 10 10 10 10 10 10 10 10 10 10 10 10 10 10 10 10 10 10 10 10 10 10 10 10 10 10 10 10 10 10 10 10 10 10 10 10 10 10 10 10 10 10 10 10 11 11 1 1 1
staticfield java/util/Properties hexDigit [C 16
instanceKlass com/google/common/reflect/Element
instanceKlass java/lang/reflect/Executable
instanceKlass java/lang/reflect/Field
ciInstanceKlass java/lang/reflect/AccessibleObject 1 1 144 8 8 8 7 1 1 1 1 1 1 1 1 1 1 1 1 1 1 1 1 1 1 1 1 1 1 1 1 1 1 1 1 1 1 1 1 1 1 1 1 1 1 1 1 1 1 1 1 1 1 1 1 1 1 1 1 1 1 1 1 1 1 1 100 100 100 7 7 100 7 7 100 7 100 7 7 7 7 7 1 1 1 1 1 1 1 1 1 1 1 1 1 1 1 1 1 1 1 1 12 12 12 12 12 12 12 12 12 12 12 12 12 12 12 12 12 12 12 12 9 9 9 9 10 10 10 10 10 10 10 10 10 10 10 10 10 10 10 10 10 11 1 1
staticfield java/lang/reflect/AccessibleObject ACCESS_PERMISSION Ljava/security/Permission; java/lang/reflect/ReflectPermission
staticfield java/lang/reflect/AccessibleObject reflectionFactory Lsun/reflect/ReflectionFactory; sun/reflect/ReflectionFactory
ciInstanceKlass java/lang/reflect/Member 1 0 23 1 1 1 1 1 1 1 1 1 1 1 1 1 1 1 3 3 100 100 1 1 1
ciInstanceKlass java/lang/reflect/Field 1 1 362 8 8 8 8 1 1 1 1 1 1 1 1 1 1 1 1 1 1 1 1 1 1 1 1 1 1 1 1 1 1 1 1 1 1 1 1 1 1 1 1 1 1 1 1 1 1 1 1 1 1 1 1 1 1 1 1 1 1 1 1 1 1 1 1 1 1 1 1 1 1 1 1 1 1 1 1 1 1 1 1 1 1 1 1 1 1 1 1 1 1 1 1 1 1 1 1 1 1 1 1 1 1 1 1 1 1 1 1 1 1 1 1 1 1 1 1 1 1 1 1 1 1 1 1 1 1 1 1 1 1 1 1 7 100 100 100 100 100 7 7 100 100 100 7 7 7 7 7 7 7 7 100 100 100 100 100 100 100 1 1 1 1 1 1 1 1 1 1 1 1 1 1 1 1 1 1 1 1 1 1 1 1 1 1 1 1 1 1 1 1 1 1 1 1 1 1 1 1 1 1 1 1 1 1 1 1 1 1 1 1 1 1 12 12 12 12 12 12 12 12 12 12 12 12 12 12 12 12 12 12 12 12 12 12 12 12 12 12 12 12 12 12 12 12 12 12 12 12 12 12 12 12 12 12 12 12 12 12 12 12 12 12 12 12 12 12 12 12 12 12 12 12 12 12 12 12 12 12 12 12 12 12 12 9 9 9 9 9 9 9 9 9 9 9 9 9 9 9 10 10 10 10 10 10 10 10 10 10 10 10 10 10 10 10 10 10 10 10 10 10 10 10 10 10 10 10 10 10 10 10 10 10 10 10 10 10 10 10 11 11 11 11 11 11 11 11 11 11 11 11 11 11 11 11 11 11 11 11 11 1 1
ciInstanceKlass java/lang/reflect/Parameter 0 0 210 8 8 8 8 1 1 1 1 1 1 1 1 1 1 1 1 1 1 1 1 1 1 1 1 1 1 1 1 1 1 1 1 1 1 1 1 1 1 1 1 1 1 1 1 1 1 1 1 1 1 1 1 1 1 1 1 1 1 1 1 1 1 1 1 1 1 1 1 1 1 1 1 1 1 1 1 1 1 1 1 1 1 1 100 100 100 100 100 100 100 100 100 100 100 100 100 100 100 1 1 1 1 1 1 1 1 1 1 1 1 1 1 1 1 1 1 1 1 1 1 1 1 1 1 1 1 12 12 12 12 12 12 12 12 12 12 12 12 12 12 12 12 12 12 12 12 12 12 12 12 12 12 12 12 12 12 12 12 12 12 12 12 12 12 12 9 9 9 9 9 9 9 10 10 10 10 10 10 10 10 10 10 10 10 10 10 10 10 10 10 10 10 10 10 10 10 10 10 10 10 10 10 10 10 11 11 11 11 1
instanceKlass java/lang/reflect/Constructor
instanceKlass java/lang/reflect/Method
ciInstanceKlass java/lang/reflect/Executable 1 1 378 3 8 8 8 8 8 8 8 8 8 8 8 8 8 8 1 1 1 1 1 1 1 1 1 1 1 1 1 1 1 1 1 1 1 1 1 1 1 1 1 1 1 1 1 1 1 1 1 1 1 1 1 1 1 1 1 1 1 1 1 1 1 1 1 1 1 1 1 1 1 1 1 1 1 1 1 1 1 1 1 1 1 1 1 1 1 1 1 1 1 1 1 1 1 1 1 1 1 1 1 1 1 1 1 1 1 1 1 1 1 1 1 1 1 1 1 1 1 1 1 1 1 1 1 1 1 1 1 1 1 1 1 1 1 1 1 1 1 1 1 1 1 1 1 1 1 1 1 1 1 1 100 100 100 100 7 100 7 100 100 7 7 7 7 7 7 100 100 100 7 100 7 100 7 7 7 7 7 100 100 100 100 7 1 1 1 1 1 1 1 1 1 1 1 1 1 1 1 1 1 1 1 1 1 1 1 1 1 1 1 1 1 1 1 1 1 1 1 1 1 1 1 1 1 1 1 1 1 1 1 1 1 1 1 12 12 12 12 12 12 12 12 12 12 12 12 12 12 12 12 12 12 12 12 12 12 12 12 12 12 12 12 12 12 12 12 12 12 12 12 12 12 12 12 12 12 12 12 12 12 12 12 12 12 12 12 12 12 12 12 12 12 12 12 12 12 12 12 12 12 12 12 9 9 9 9 9 9 9 10 10 10 10 10 10 10 10 10 10 10 10 10 10 10 10 10 10 10 10 10 10 10 10 10 10 10 10 10 10 10 10 10 10 10 10 10 10 10 10 10 10 10 10 10 10 10 10 10 10 10 10 10 10 10 10 10 10 10 10 10 10 10 11 11 11 1 1
ciInstanceKlass java/lang/reflect/Method 1 1 346 8 8 8 1 1 1 1 1 1 1 1 1 1 1 1 1 1 1 1 1 1 1 1 1 1 1 1 1 1 1 1 1 1 1 1 1 1 1 1 1 1 1 1 1 1 1 1 1 1 1 1 1 1 1 1 1 1 1 1 1 1 1 1 1 1 1 1 1 1 1 1 1 1 1 1 1 1 1 1 1 1 1 1 1 1 1 1 1 1 1 1 1 1 1 1 1 1 1 1 1 1 1 1 1 1 1 1 1 1 1 1 1 1 1 1 1 1 1 1 1 1 1 1 1 1 1 1 1 1 1 1 7 7 7 100 100 7 7 7 100 7 100 7 7 7 7 7 7 7 7 7 7 7 7 7 7 7 7 1 1 1 1 1 1 1 1 1 1 1 1 1 1 1 1 1 1 1 1 1 1 1 1 1 1 1 1 1 1 1 1 1 1 1 1 1 1 1 1 1 1 1 1 1 1 1 1 12 12 12 12 12 12 12 12 12 12 12 12 12 12 12 12 12 12 12 12 12 12 12 12 12 12 12 12 12 12 12 12 12 12 12 12 12 12 12 12 12 12 12 12 12 12 12 12 12 12 12 12 12 12 12 12 12 12 12 12 12 12 12 12 12 12 12 9 9 9 9 9 9 9 9 9 9 9 9 9 9 9 9 10 10 10 10 10 10 10 10 10 10 10 10 10 10 10 10 10 10 10 10 10 10 10 10 10 10 10 10 10 10 10 10 10 10 10 10 10 10 10 10 10 10 10 10 10 10 10 10 10 10 10 10 11 11 11 1
ciInstanceKlass java/lang/reflect/Constructor 1 1 330 8 8 8 1 1 1 1 1 1 1 1 1 1 1 1 1 1 1 1 1 1 1 1 1 1 1 1 1 1 1 1 1 1 1 1 1 1 1 1 1 1 1 1 1 1 1 1 1 1 1 1 1 1 1 1 1 1 1 1 1 1 1 1 1 1 1 1 1 1 1 1 1 1 1 1 1 1 1 1 1 1 1 1 1 1 1 1 1 1 1 1 1 1 1 1 1 1 1 1 1 1 1 1 1 1 1 1 1 1 1 1 1 1 1 1 1 1 1 1 1 1 1 1 1 1 1 1 1 1 7 7 7 100 100 100 100 100 100 7 7 100 100 7 100 100 7 7 7 100 100 100 7 7 7 1 1 1 1 1 1 1 1 1 1 1 1 1 1 1 1 1 1 1 1 1 1 1 1 1 1 1 1 1 1 1 1 1 1 1 1 1 1 1 1 1 1 1 1 1 1 1 1 12 12 12 12 12 12 12 12 12 12 12 12 12 12 12 12 12 12 12 12 12 12 12 12 12 12 12 12 12 12 12 12 12 12 12 12 12 12 12 12 12 12 12 12 12 12 12 12 12 12 12 12 12 12 12 12 12 12 12 12 12 12 9 9 9 9 9 9 9 9 9 9 9 9 9 9 10 10 10 10 10 10 10 10 10 10 10 10 10 10 10 10 10 10 10 10 10 10 10 10 10 10 10 10 10 10 10 10 10 10 10 10 10 10 10 10 10 10 10 10 10 10 10 11 11 1 1
instanceKlass sun/reflect/GroovyMagic
instanceKlass sun/reflect/FieldAccessorImpl
instanceKlass sun/reflect/ConstructorAccessorImpl
instanceKlass sun/reflect/MethodAccessorImpl
ciInstanceKlass sun/reflect/MagicAccessorImpl 1 1 13 1 1 1 1 1 1 1 7 100 12 10 1
instanceKlass sun/reflect/GeneratedMethodAccessor3
instanceKlass sun/reflect/GeneratedMethodAccessor2
instanceKlass sun/reflect/GeneratedMethodAccessor1
instanceKlass sun/reflect/DelegatingMethodAccessorImpl
instanceKlass sun/reflect/NativeMethodAccessorImpl
ciInstanceKlass sun/reflect/MethodAccessorImpl 1 1 22 1 1 1 1 1 1 1 1 1 1 1 1 1 100 100 7 100 100 12 10 1
instanceKlass sun/reflect/GeneratedConstructorAccessor40
instanceKlass sun/reflect/GeneratedConstructorAccessor39
instanceKlass sun/reflect/GeneratedConstructorAccessor38
instanceKlass sun/reflect/GeneratedConstructorAccessor37
instanceKlass sun/reflect/GeneratedConstructorAccessor36
instanceKlass sun/reflect/GeneratedConstructorAccessor35
instanceKlass sun/reflect/GeneratedConstructorAccessor34
instanceKlass sun/reflect/GeneratedConstructorAccessor33
instanceKlass sun/reflect/GeneratedConstructorAccessor32
instanceKlass sun/reflect/GeneratedConstructorAccessor31
instanceKlass sun/reflect/GeneratedConstructorAccessor30
instanceKlass sun/reflect/GeneratedConstructorAccessor29
instanceKlass sun/reflect/GeneratedConstructorAccessor28
instanceKlass sun/reflect/GeneratedConstructorAccessor27
instanceKlass sun/reflect/GeneratedConstructorAccessor26
instanceKlass sun/reflect/GeneratedConstructorAccessor25
instanceKlass sun/reflect/GeneratedConstructorAccessor24
instanceKlass sun/reflect/GeneratedConstructorAccessor23
instanceKlass sun/reflect/GeneratedConstructorAccessor22
instanceKlass sun/reflect/GeneratedConstructorAccessor21
instanceKlass sun/reflect/GeneratedConstructorAccessor20
instanceKlass sun/reflect/GeneratedConstructorAccessor19
instanceKlass sun/reflect/GeneratedConstructorAccessor18
instanceKlass sun/reflect/GeneratedConstructorAccessor17
instanceKlass sun/reflect/GeneratedConstructorAccessor16
instanceKlass sun/reflect/GeneratedConstructorAccessor15
instanceKlass sun/reflect/GeneratedConstructorAccessor14
instanceKlass sun/reflect/GeneratedConstructorAccessor13
instanceKlass sun/reflect/GeneratedConstructorAccessor12
instanceKlass sun/reflect/GeneratedConstructorAccessor11
instanceKlass sun/reflect/GeneratedConstructorAccessor10
instanceKlass sun/reflect/GeneratedConstructorAccessor9
instanceKlass sun/reflect/GeneratedConstructorAccessor8
instanceKlass sun/reflect/GeneratedConstructorAccessor7
instanceKlass sun/reflect/GeneratedConstructorAccessor6
instanceKlass sun/reflect/GeneratedConstructorAccessor5
instanceKlass sun/reflect/GeneratedConstructorAccessor4
instanceKlass sun/reflect/GeneratedConstructorAccessor3
instanceKlass sun/reflect/GeneratedConstructorAccessor2
instanceKlass sun/reflect/BootstrapConstructorAccessorImpl
instanceKlass sun/reflect/GeneratedConstructorAccessor1
instanceKlass sun/reflect/DelegatingConstructorAccessorImpl
instanceKlass sun/reflect/NativeConstructorAccessorImpl
ciInstanceKlass sun/reflect/ConstructorAccessorImpl 1 1 24 1 1 1 1 1 1 1 1 1 1 1 1 1 1 100 100 100 100 100 7 12 10 1
ciInstanceKlass sun/reflect/DelegatingClassLoader 1 1 13 1 1 1 1 1 1 1 7 100 1 12 10
ciInstanceKlass sun/reflect/ConstantPool 1 1 106 8 7 1 1 1 1 1 1 1 1 1 1 1 1 1 1 1 1 1 1 1 1 1 1 1 1 1 1 1 1 1 1 1 1 1 1 1 1 1 1 1 1 1 1 1 1 1 1 1 1 100 7 7 1 1 1 1 1 1 1 1 1 1 1 1 1 1 1 1 1 12 12 12 12 12 12 12 12 12 12 12 12 12 12 12 12 12 9 10 10 10 10 10 10 10 10 10 10 10 10 10 10 10 10 1
instanceKlass sun/reflect/UnsafeFieldAccessorImpl
ciInstanceKlass sun/reflect/FieldAccessorImpl 1 1 56 1 1 1 1 1 1 1 1 1 1 1 1 1 1 1 1 1 1 1 1 1 1 1 1 1 1 1 1 1 1 1 1 1 1 100 100 100 100 7 1 1 1 1 1 1 1 1 1 1 1 1 1 12 10 1
instanceKlass sun/reflect/UnsafeObjectFieldAccessorImpl
instanceKlass sun/reflect/UnsafeQualifiedFieldAccessorImpl
instanceKlass sun/reflect/UnsafeStaticFieldAccessorImpl
ciInstanceKlass sun/reflect/UnsafeFieldAccessorImpl 1 1 230 8 8 8 8 8 8 8 8 8 8 8 8 8 8 8 8 8 8 8 8 8 8 1 1 1 1 1 1 1 1 1 1 1 1 1 1 1 1 1 1 1 1 1 1 1 1 1 1 1 1 1 1 1 1 1 1 1 1 1 1 1 1 1 1 1 1 1 1 1 1 1 1 1 1 1 1 1 1 1 1 1 1 1 1 1 1 1 1 1 1 1 1 1 1 1 1 1 1 1 1 1 1 1 1 1 1 1 1 1 1 1 1 1 1 1 1 1 1 1 1 100 100 100 7 100 100 100 100 100 100 7 100 100 100 7 7 7 7 7 1 1 1 1 1 1 1 1 1 1 1 1 1 1 1 1 1 1 12 12 12 12 12 12 12 12 12 12 12 12 12 12 12 12 12 12 12 12 12 12 12 12 12 12 12 12 12 12 12 12 12 12 9 9 9 9 10 10 10 10 10 10 10 10 10 10 10 10 10 10 10 10 10 10 10 10 10 10 10 10 10 10 10 10 10 10 10 10 10 1
staticfield sun/reflect/UnsafeFieldAccessorImpl unsafe Lsun/misc/Unsafe; sun/misc/Unsafe
instanceKlass sun/reflect/UnsafeStaticIntegerFieldAccessorImpl
instanceKlass sun/reflect/UnsafeQualifiedStaticFieldAccessorImpl
instanceKlass sun/reflect/UnsafeStaticObjectFieldAccessorImpl
ciInstanceKlass sun/reflect/UnsafeStaticFieldAccessorImpl 1 1 38 8 7 1 1 1 1 1 1 1 1 1 1 1 1 1 1 1 1 7 7 7 7 1 1 1 1 12 12 12 12 12 9 9 10 10 10 1
ciInstanceKlass sun/reflect/CallerSensitive 1 1 17 1 1 1 1 1 1 1 1 100 100 100 1 1 1 1 1
instanceKlass java/lang/invoke/DelegatingMethodHandle
instanceKlass java/lang/invoke/BoundMethodHandle
instanceKlass java/lang/invoke/DirectMethodHandle
ciInstanceKlass java/lang/invoke/MethodHandle 1 1 438 8 8 8 8 8 8 8 8 8 8 8 8 8 7 1 1 1 1 1 1 1 1 1 1 1 1 1 1 1 1 1 1 1 1 1 1 1 1 1 1 1 1 1 1 1 1 1 1 1 1 1 1 1 1 1 1 1 1 1 1 1 1 1 1 1 1 1 1 1 1 1 1 1 1 1 1 1 1 1 1 1 1 1 1 1 1 1 1 1 1 1 1 1 1 1 1 1 1 1 1 1 1 1 1 1 1 1 1 1 1 1 1 1 1 1 1 1 1 1 1 1 1 1 1 1 1 1 1 1 1 1 1 1 1 1 1 1 1 1 1 1 1 1 1 1 1 1 1 1 1 1 1 1 1 1 1 1 1 1 1 1 1 1 1 1 1 1 1 1 1 1 100 7 100 100 100 100 7 100 100 100 7 100 7 7 7 7 100 7 7 7 7 100 100 100 7 1 1 1 1 1 1 1 1 1 1 1 1 1 1 1 1 1 1 1 1 1 1 1 1 1 1 1 1 1 1 1 1 1 1 1 1 1 1 1 1 1 1 1 1 1 1 1 1 1 1 1 1 1 1 1 1 1 1 1 1 1 1 1 1 1 1 1 12 12 12 12 12 12 12 12 12 12 12 12 12 12 12 12 12 12 12 12 12 12 12 12 12 12 12 12 12 12 12 12 12 12 12 12 12 12 12 12 12 12 12 12 12 12 12 12 12 12 12 12 12 12 12 12 12 12 12 12 12 12 12 12 12 12 12 12 12 12 12 12 12 12 12 12 12 12 12 12 12 12 12 9 9 9 9 9 9 9 9 9 9 9 9 10 10 10 10 10 10 10 10 10 10 10 10 10 10 10 10 10 10 10 10 10 10 10 10 10 10 10 10 10 10 10 10 10 10 10 10 10 10 10 10 10 10 10 10 10 10 10 10 10 10 10 10 10 10 10 10 10 10 10 10 10 10 10 10 10 10 10 10 10 10 10 10 10 10 10 11 1 1 1
staticfield java/lang/invoke/MethodHandle FORM_OFFSET J 20
staticfield java/lang/invoke/MethodHandle $assertionsDisabled Z 1
instanceKlass java/lang/invoke/DirectMethodHandle$Constructor
instanceKlass java/lang/invoke/DirectMethodHandle$Special
instanceKlass java/lang/invoke/DirectMethodHandle$Accessor
instanceKlass java/lang/invoke/DirectMethodHandle$Interface
ciInstanceKlass java/lang/invoke/DirectMethodHandle 1 1 701 8 8 8 8 8 8 8 8 8 8 8 8 8 8 8 8 8 8 8 8 8 7 7 7 7 7 7 7 7 7 7 7 1 1 1 1 1 1 1 1 1 1 1 1 1 1 1 1 1 1 1 1 1 1 1 1 1 1 1 1 1 1 1 1 1 1 1 1 1 1 1 1 1 1 1 1 1 1 1 1 1 1 1 1 1 1 1 1 1 1 1 1 1 1 1 1 1 1 1 1 1 1 1 1 1 1 1 1 1 1 1 1 1 1 1 1 1 1 1 1 1 1 1 1 1 1 1 1 1 1 1 1 1 1 1 1 1 1 1 1 1 1 1 1 1 1 1 1 1 1 1 1 1 1 1 1 1 1 1 1 1 1 1 1 1 1 1 1 1 1 1 1 1 1 1 1 1 1 1 1 1 1 1 1 1 1 1 1 1 1 1 1 1 1 1 1 1 1 1 1 1 1 1 1 1 1 1 1 1 1 1 1 1 1 1 1 1 1 1 1 1 1 1 1 1 1 1 1 1 1 1 1 1 1 1 1 1 1 1 1 1 1 1 1 1 1 1 1 1 1 1 1 1 1 1 1 1 1 1 1 1 1 1 100 100 7 7 7 100 7 100 7 7 100 7 7 100 7 7 7 7 7 7 100 7 7 100 7 7 100 7 7 7 100 100 100 7 7 7 7 1 1 1 1 1 1 1 1 1 1 1 1 1 1 1 1 1 1 1 1 1 1 1 1 1 1 1 1 1 1 1 1 1 1 1 1 1 1 1 1 1 1 1 1 1 1 1 1 1 1 1 1 1 1 1 1 1 1 1 1 1 1 1 1 1 1 1 1 1 1 1 1 1 1 1 1 1 1 1 12 12 12 12 12 12 12 12 12 12 12 12 12 12 12 12 12 12 12 12 12 12 12 12 12 12 12 12 12 12 12 12 12 12 12 12 12 12 12 12 12 12 12 12 12 12 12 12 12 12 12 12 12 12 12 12 12 12 12 12 12 12 12 12 12 12 12 12 12 12 12 12 12 12 12 12 12 12 12 12 12 12 12 12 12 12 12 12 12 12 12 12 12 12 12 12 12 12 12 12 12 12 12 12 12 12 12 12 12 12 12 12 12 12 12 12 12 12 12 12 12 12 12 12 12 12 12 12 12 12 12 12 12 12 12 12 12 12 12 12 12 12 12 12 12 12 12 12 12 12 12 12 9 9 9 9 9 9 9 9 9 9 9 9 9 9 9 9 9 9 9 9 9 9 9 9 9 9 9 9 9 9 9 9 9 9 9 9 10 10 10 10 10 10 10 10 10 10 10 10 10 10 10 10 10 10 10 10 10 10 10 10 10 10 10 10 10 10 10 10 10 10 10 10 10 10 10 10 10 10 10 10 10 10 10 10 10 10 10 10 10 10 10 10 10 10 10 10 10 10 10 10 10 10 10 10 10 10 10 10 10 10 10 10 10 10 10 10 10 10 10 10 10 10 10 10 10 10 10 10 10 10 10 10 10 10 10 10 10 10 10 10 10 10 10 10 10 10 10 10 10 10 10 10 10 10 10 10 10 10 10 1 1 1 1 1 1 1 1 1 1
staticfield java/lang/invoke/DirectMethodHandle IMPL_NAMES Ljava/lang/invoke/MemberName$Factory; java/lang/invoke/MemberName$Factory
staticfield java/lang/invoke/DirectMethodHandle ACCESSOR_FORMS [Ljava/lang/invoke/LambdaForm; 132 [Ljava/lang/invoke/LambdaForm;
staticfield java/lang/invoke/DirectMethodHandle $assertionsDisabled Z 1
ciInstanceKlass java/lang/invoke/MemberName 1 1 642 3 3 3 3 3 3 3 3 3 3 3 8 8 8 8 8 8 8 8 8 8 8 8 8 8 8 8 8 8 8 8 8 8 8 8 8 8 8 8 8 8 8 7 7 7 7 1 1 1 1 1 1 1 1 1 1 1 1 1 1 1 1 1 1 1 1 1 1 1 1 1 1 1 1 1 1 1 1 1 1 1 1 1 1 1 1 1 1 1 1 1 1 1 1 1 1 1 1 1 1 1 1 1 1 1 1 1 1 1 1 1 1 1 1 1 1 1 1 1 1 1 1 1 1 1 1 1 1 1 1 1 1 1 1 1 1 1 1 1 1 1 1 1 1 1 1 1 1 1 1 1 1 1 1 1 1 1 1 1 1 1 1 1 1 1 1 1 1 1 1 1 1 1 1 1 1 1 1 1 1 1 1 1 1 1 1 1 1 1 1 1 1 1 1 1 1 1 1 1 1 1 1 1 1 1 1 1 1 1 1 1 1 1 1 1 1 1 1 1 1 1 1 1 1 1 1 1 1 1 1 1 1 1 1 1 1 1 1 1 1 1 1 1 1 1 1 1 1 1 1 1 1 1 1 1 1 1 1 1 1 1 1 1 1 1 1 1 1 1 1 1 1 1 1 1 1 1 3 3 3 3 3 3 3 3 7 7 100 100 100 7 7 100 100 100 100 100 100 100 100 100 7 100 7 7 7 7 7 100 7 7 100 100 100 100 7 100 100 100 7 7 7 100 7 1 1 1 1 1 1 1 1 1 1 1 1 1 1 1 1 1 1 1 1 1 1 1 1 1 1 1 1 1 1 1 1 1 1 1 1 1 1 1 1 1 1 1 1 1 1 1 1 1 1 1 1 1 1 1 1 1 1 1 1 1 1 1 1 12 12 12 12 12 12 12 12 12 12 12 12 12 12 12 12 12 12 12 12 12 12 12 12 12 12 12 12 12 12 12 12 12 12 12 12 12 12 12 12 12 12 12 12 12 12 12 12 12 12 12 12 12 12 12 12 12 12 12 12 12 12 12 12 12 12 12 12 12 12 12 12 12 12 12 12 12 12 12 12 12 12 12 12 12 12 12 12 12 12 12 12 12 12 12 12 12 12 12 12 12 12 12 12 12 12 12 12 12 12 12 12 12 9 9 9 9 9 9 9 9 9 9 10 10 10 10 10 10 10 10 10 10 10 10 10 10 10 10 10 10 10 10 10 10 10 10 10 10 10 10 10 10 10 10 10 10 10 10 10 10 10 10 10 10 10 10 10 10 10 10 10 10 10 10 10 10 10 10 10 10 10 10 10 10 10 10 10 10 10 10 10 10 10 10 10 10 10 10 10 10 10 10 10 10 10 10 10 10 10 10 10 10 10 10 10 10 10 10 10 10 10 10 10 10 10 10 10 10 10 10 10 10 10 10 10 10 10 10 10 10 10 10 10 10 10 10 10 10 1 1 1 1
staticfield java/lang/invoke/MemberName $assertionsDisabled Z 1
ciInstanceKlass java/lang/invoke/MethodHandleNatives 1 1 427 8 8 8 8 8 8 8 8 8 8 8 8 8 8 8 8 8 8 8 8 8 8 8 8 8 8 8 8 100 100 7 7 100 1 1 1 1 1 1 1 1 1 1 1 1 1 1 1 1 1 1 1 1 1 1 1 1 1 1 1 1 1 1 1 1 1 1 1 1 1 1 1 1 1 1 1 1 1 1 1 1 1 1 1 1 1 1 1 1 1 1 1 1 1 1 1 1 1 1 1 1 1 1 1 1 1 1 1 1 1 1 1 1 1 1 1 1 1 1 1 1 1 1 1 1 1 1 1 1 1 1 1 1 1 1 1 1 1 1 1 1 1 1 1 1 1 1 1 1 1 1 1 1 1 1 1 1 1 1 1 1 1 1 1 1 1 1 1 1 1 1 1 1 1 1 1 1 1 1 1 1 1 1 1 1 1 1 1 1 1 1 1 1 1 1 1 1 1 1 1 100 100 100 100 7 100 100 100 100 100 100 100 100 100 100 100 100 100 7 100 7 100 100 100 7 7 7 7 7 7 100 7 7 100 100 1 1 1 1 1 1 1 1 1 1 1 1 1 1 1 1 1 1 1 1 1 1 1 1 1 1 1 1 1 1 1 1 1 1 1 1 1 1 1 1 1 1 1 1 1 1 1 12 12 12 12 12 12 12 12 12 12 12 12 12 12 12 12 12 12 12 12 12 12 12 12 12 12 12 12 12 12 12 12 12 12 12 12 12 12 12 12 12 12 12 12 12 12 12 12 12 12 12 12 12 12 12 12 12 12 12 12 12 12 12 12 9 9 9 9 9 9 10 10 10 10 10 10 10 10 10 10 10 10 10 10 10 10 10 10 10 10 10 10 10 10 10 10 10 10 10 10 10 10 10 10 10 10 10 10 10 10 10 10 10 10 10 10 10 10 10 10 10 10 10 10 10 10 10 10 10 10 10 10 10 10 10 10 10 10 10 10 10 1 1 1
staticfield java/lang/invoke/MethodHandleNatives COUNT_GWT Z 1
staticfield java/lang/invoke/MethodHandleNatives $assertionsDisabled Z 1
ciInstanceKlass java/lang/invoke/LambdaForm 1 1 967 8 8 8 8 8 8 8 8 8 8 8 8 8 8 8 8 8 8 8 8 8 8 8 8 8 8 8 8 8 8 8 8 8 8 8 8 8 8 8 8 8 8 8 8 8 8 8 8 8 8 8 8 8 8 100 7 7 1 1 1 1 1 1 1 1 1 1 1 1 1 1 1 1 1 1 1 1 1 1 1 1 1 1 1 1 1 1 1 1 1 1 1 1 1 1 1 1 1 1 1 1 1 1 1 1 1 1 1 1 1 1 1 1 1 1 1 1 1 1 1 1 1 1 1 1 1 1 1 1 1 1 1 1 1 1 1 1 1 1 1 1 1 1 1 1 1 1 1 1 1 1 1 1 1 1 1 1 1 1 1 1 1 1 1 1 1 1 1 1 1 1 1 1 1 1 1 1 1 1 1 1 1 1 1 1 1 1 1 1 1 1 1 1 1 1 1 1 1 1 1 1 1 1 1 1 1 1 1 1 1 1 1 1 1 1 1 1 1 1 1 1 1 1 1 1 1 1 1 1 1 1 1 1 1 1 1 1 1 1 1 1 1 1 1 1 1 1 1 1 1 1 1 1 1 1 1 1 1 1 1 1 1 1 1 1 1 1 1 1 1 1 1 1 1 1 1 1 1 1 1 1 1 1 1 1 1 1 1 1 1 1 1 1 1 1 1 1 1 1 1 1 1 1 1 1 1 1 1 1 1 1 1 1 1 1 1 1 1 1 1 1 1 1 1 1 1 1 1 1 1 1 1 1 1 1 1 1 1 1 1 1 1 1 1 1 1 1 1 1 1 1 1 1 1 1 1 1 1 1 1 1 1 1 1 1 1 1 1 1 1 1 1 1 1 1 1 1 1 1 1 1 1 1 1 1 1 1 1 1 1 1 1 1 1 1 1 1 3 3 3 3 8 100 100 100 100 7 7 100 100 100 7 100 100 100 100 100 100 100 100 7 7 7 100 7 7 100 100 100 7 100 7 100 100 7 7 7 7 7 100 100 7 7 7 7 100 100 7 7 7 1 1 1 1 1 1 1 1 1 1 1 1 1 1 1 1 1 1 1 1 1 1 1 1 1 1 1 1 1 1 1 1 1 1 1 1 1 1 1 1 1 1 1 1 1 1 1 1 1 1 1 1 1 1 1 1 1 1 1 1 1 1 1 1 1 1 1 1 1 1 1 1 1 1 1 1 1 1 1 1 1 1 1 1 1 1 1 1 1 1 1 1 1 1 1 1 1 1 1 1 1 1 1 1 1 1 1 1 1 1 1 1 1 1 12 12 12 12 12 12 12 12 12 12 12 12 12 12 12 12 12 12 12 12 12 12 12 12 12 12 12 12 12 12 12 12 12 12 12 12 12 12 12 12 12 12 12 12 12 12 12 12 12 12 12 12 12 12 12 12 12 12 12 12 12 12 12 12 12 12 12 12 12 12 12 12 12 12 12 12 12 12 12 12 12 12 12 12 12 12 12 12 12 12 12 12 12 12 12 12 12 12 12 12 12 12 12 12 12 12 12 12 12 12 12 12 12 12 12 12 12 12 12 12 12 12 12 12 12 12 12 12 12 12 12 12 12 12 12 12 12 12 12 12 12 12 12 12 12 12 12 12 12 12 12 12 12 12 12 12 12 12 12 12 12 12 12 12 12 12 12 12 12 12 12 12 12 12 12 12 12 12 12 12 12 12 12 12 12 12 12 12 12 12 12 9 9 9 9 9 9 9 9 9 9 9 9 9 9 9 9 9 9 9 9 9 9 9 9 9 9 9 9 9 9 9 9 9 9 9 9 9 9 9 9 10 10 10 10 10 10 10 10 10 10 10 10 10 10 10 10 10 10 10 10 10 10 10 10 10 10 10 10 10 10 10 10 10 10 10 10 10 10 10 10 10 10 10 10 10 10 10 10 10 10 10 10 10 10 10 10 10 10 10 10 10 10 10 10 10 10 10 10 10 10 10 10 10 10 10 10 10 10 10 10 10 10 10 10 10 10 10 10 10 10 10 10 10 10 10 10 10 10 10 10 10 10 10 10 10 10 10 10 10 10 10 10 10 10 10 10 10 10 10 10 10 10 10 10 10 10 10 10 10 10 10 10 10 10 10 10 10 10 10 10 10 10 10 10 10 10 10 10 10 10 10 10 10 10 10 10 10 10 10 10 11 11 11 11 11 1 1 1 1 1 1
staticfield java/lang/invoke/LambdaForm COMPILE_THRESHOLD I 0
staticfield java/lang/invoke/LambdaForm INTERNED_ARGUMENTS [[Ljava/lang/invoke/LambdaForm$Name; 5 [[Ljava/lang/invoke/LambdaForm$Name;
staticfield java/lang/invoke/LambdaForm IMPL_NAMES Ljava/lang/invoke/MemberName$Factory; java/lang/invoke/MemberName$Factory
staticfield java/lang/invoke/LambdaForm LF_identityForm [Ljava/lang/invoke/LambdaForm; 6 [Ljava/lang/invoke/LambdaForm;
staticfield java/lang/invoke/LambdaForm LF_zeroForm [Ljava/lang/invoke/LambdaForm; 6 [Ljava/lang/invoke/LambdaForm;
staticfield java/lang/invoke/LambdaForm NF_identity [Ljava/lang/invoke/LambdaForm$NamedFunction; 6 [Ljava/lang/invoke/LambdaForm$NamedFunction;
staticfield java/lang/invoke/LambdaForm NF_zero [Ljava/lang/invoke/LambdaForm$NamedFunction; 6 [Ljava/lang/invoke/LambdaForm$NamedFunction;
staticfield java/lang/invoke/LambdaForm DEBUG_NAME_COUNTERS Ljava/util/HashMap; null
staticfield java/lang/invoke/LambdaForm TRACE_INTERPRETER Z 0
staticfield java/lang/invoke/LambdaForm $assertionsDisabled Z 1
ciInstanceKlass java/lang/invoke/MethodType 1 1 588 8 8 8 8 8 8 8 8 8 8 8 8 7 7 7 7 1 1 1 1 1 1 1 1 1 1 1 1 1 1 1 1 1 1 1 1 1 1 1 1 1 1 1 1 1 1 1 1 1 1 1 1 1 1 1 1 1 1 1 1 1 1 1 1 1 1 1 1 1 1 1 1 1 1 1 1 1 1 1 1 1 1 1 1 1 1 1 1 1 1 1 1 1 1 1 1 1 1 1 1 1 1 1 1 1 1 1 1 1 1 1 1 1 1 1 1 1 1 1 1 1 1 1 1 1 1 1 1 1 1 1 1 1 1 1 1 1 1 1 1 1 1 1 1 1 1 1 1 1 1 1 1 1 1 1 1 1 1 1 1 1 1 1 1 1 1 1 1 1 1 1 1 1 1 1 1 1 1 1 1 1 1 1 1 1 1 1 1 1 1 1 1 1 1 1 1 1 1 1 1 1 1 1 1 1 1 1 1 1 1 1 1 1 1 3 3 3 5 0 7 100 100 100 100 7 100 100 7 100 7 100 100 100 100 100 7 7 7 7 100 7 7 7 7 7 7 7 7 7 7 100 100 7 1 1 1 1 1 1 1 1 1 1 1 1 1 1 1 1 1 1 1 1 1 1 1 1 1 1 1 1 1 1 1 1 1 1 1 1 1 1 1 1 1 1 1 1 1 1 1 1 1 1 1 1 1 1 1 1 1 1 1 1 1 1 1 1 1 1 1 1 1 1 1 1 1 1 1 1 1 1 1 1 1 1 1 1 1 1 1 1 1 1 1 1 1 1 1 1 1 1 1 1 1 1 12 12 12 12 12 12 12 12 12 12 12 12 12 12 12 12 12 12 12 12 12 12 12 12 12 12 12 12 12 12 12 12 12 12 12 12 12 12 12 12 12 12 12 12 12 12 12 12 12 12 12 12 12 12 12 12 12 12 12 12 12 12 12 12 12 12 12 12 12 12 12 12 12 12 12 12 12 12 12 12 12 12 12 12 12 12 12 12 12 12 12 12 12 12 12 12 12 12 12 12 12 12 12 12 12 12 12 12 12 12 12 9 9 9 9 9 9 9 9 9 9 9 9 9 9 9 9 9 9 10 10 10 10 10 10 10 10 10 10 10 10 10 10 10 10 10 10 10 10 10 10 10 10 10 10 10 10 10 10 10 10 10 10 10 10 10 10 10 10 10 10 10 10 10 10 10 10 10 10 10 10 10 10 10 10 10 10 10 10 10 10 10 10 10 10 10 10 10 10 10 10 10 10 10 10 10 10 10 10 10 10 10 10 10 10 10 10 10 10 10 10 10 10 10 10 10 11 11 11 11 1 1
staticfield java/lang/invoke/MethodType internTable Ljava/lang/invoke/MethodType$ConcurrentWeakInternSet; java/lang/invoke/MethodType$ConcurrentWeakInternSet
staticfield java/lang/invoke/MethodType NO_PTYPES [Ljava/lang/Class; 0 [Ljava/lang/Class;
staticfield java/lang/invoke/MethodType objectOnlyTypes [Ljava/lang/invoke/MethodType; 20 [Ljava/lang/invoke/MethodType;
staticfield java/lang/invoke/MethodType serialPersistentFields [Ljava/io/ObjectStreamField; 0 [Ljava/io/ObjectStreamField;
staticfield java/lang/invoke/MethodType rtypeOffset J 12
staticfield java/lang/invoke/MethodType ptypesOffset J 16
staticfield java/lang/invoke/MethodType $assertionsDisabled Z 1
ciInstanceKlass java/lang/BootstrapMethodError 0 0 38 1 1 1 1 1 1 1 1 1 1 1 1 1 1 1 1 1 1 5 0 100 100 100 100 1 1 12 12 12 12 12 10 10 10 10 10 1
instanceKlass java/lang/invoke/VolatileCallSite
instanceKlass java/lang/invoke/MutableCallSite
instanceKlass java/lang/invoke/ConstantCallSite
ciInstanceKlass java/lang/invoke/CallSite 1 1 311 8 8 8 8 8 8 8 8 7 7 7 7 1 1 1 1 1 1 1 1 1 1 1 1 1 1 1 1 1 1 1 1 1 1 1 1 1 1 1 1 1 1 1 1 1 1 1 1 1 1 1 1 1 1 1 1 1 1 1 1 1 1 1 1 1 1 1 1 1 1 1 1 1 1 1 1 1 1 1 1 1 1 1 1 1 1 1 1 1 1 1 1 1 1 1 1 1 1 1 1 1 1 1 1 1 1 1 1 1 1 1 1 1 1 1 1 1 1 100 7 100 100 100 100 7 100 100 100 100 100 100 7 7 7 7 7 7 100 100 7 1 1 1 1 1 1 1 1 1 1 1 1 1 1 1 1 1 1 1 1 1 1 1 1 1 1 1 1 1 1 1 1 1 1 1 1 1 1 1 1 1 1 1 12 12 12 12 12 12 12 12 12 12 12 12 12 12 12 12 12 12 12 12 12 12 12 12 12 12 12 12 12 12 12 12 12 12 12 12 12 12 12 12 12 12 12 12 12 12 12 12 12 12 12 12 12 12 12 12 12 12 12 12 9 9 9 9 9 9 10 10 10 10 10 10 10 10 10 10 10 10 10 10 10 10 10 10 10 10 10 10 10 10 10 10 10 10 10 10 10 10 10 10 10 10 10 10 10 10 10 10 10 10 10 10 10 10 10 10 10 10 10 10 10 10 10 10 10 1 1
staticfield java/lang/invoke/CallSite GET_TARGET Ljava/lang/invoke/MethodHandle; java/lang/invoke/DirectMethodHandle
staticfield java/lang/invoke/CallSite THROW_UCS Ljava/lang/invoke/MethodHandle; java/lang/invoke/MethodHandleImpl$AsVarargsCollector
staticfield java/lang/invoke/CallSite TARGET_OFFSET J 12
ciInstanceKlass java/lang/invoke/ConstantCallSite 1 1 42 1 1 1 1 1 1 1 1 1 1 1 1 1 1 1 1 1 1 1 1 100 100 100 7 7 1 1 12 12 12 12 12 12 9 9 10 10 10 10 10 1
instanceKlass org/codehaus/groovy/vmplugin/v8/CacheableCallSite
ciInstanceKlass java/lang/invoke/MutableCallSite 1 1 57 1 1 1 1 1 1 1 1 1 1 1 1 1 1 1 1 1 1 1 1 1 1 1 1 1 7 7 7 7 1 1 1 1 1 1 12 12 12 12 12 12 12 12 12 12 9 9 10 10 10 10 10 10 10 10 1
staticfield java/lang/invoke/MutableCallSite STORE_BARRIER Ljava/util/concurrent/atomic/AtomicInteger; java/util/concurrent/atomic/AtomicInteger
ciInstanceKlass java/lang/invoke/VolatileCallSite 0 0 33 1 1 1 1 1 1 1 1 1 1 1 1 1 1 100 100 1 1 1 12 12 12 12 12 12 10 10 10 10 10 10 1
instanceKlass java/lang/StringBuilder
instanceKlass java/lang/StringBuffer
ciInstanceKlass java/lang/AbstractStringBuilder 1 1 318 3 3 3 8 8 8 8 8 8 8 8 8 8 8 8 8 1 1 1 1 1 1 1 1 1 1 1 1 1 1 1 1 1 1 1 1 1 1 1 1 1 1 1 1 1 1 1 1 1 1 1 1 1 1 1 1 1 1 1 1 1 1 1 1 1 1 1 1 1 1 1 1 1 1 1 1 1 1 1 1 1 1 1 1 1 1 1 1 1 1 1 1 1 1 1 1 1 1 1 1 1 1 1 1 1 1 1 1 1 1 1 1 1 1 1 1 1 1 1 1 1 1 1 1 1 1 1 1 1 1 1 1 5 0 7 7 100 7 100 100 100 7 7 7 100 7 100 100 100 7 7 7 1 1 1 1 1 1 1 1 1 1 1 1 1 1 1 1 1 1 1 1 1 1 1 1 1 1 1 1 1 1 1 1 1 1 1 1 1 1 1 1 1 1 1 12 12 12 12 12 12 12 12 12 12 12 12 12 12 12 12 12 12 12 12 12 12 12 12 12 12 12 12 12 12 12 12 12 12 12 12 12 12 12 12 12 12 12 12 12 12 12 12 12 12 12 12 12 12 12 9 9 10 10 10 10 10 10 10 10 10 10 10 10 10 10 10 10 10 10 10 10 10 10 10 10 10 10 10 10 10 10 10 10 10 10 10 10 10 10 10 10 10 10 10 10 10 10 10 10 10 10 10 10 10 10 10 10 10 10 10 10 10 10 11 11 1
ciInstanceKlass java/lang/StringBuffer 1 1 377 8 8 8 8 7 1 1 1 1 1 1 1 1 1 1 1 1 1 1 1 1 1 1 1 1 1 1 1 1 1 1 1 1 1 1 1 1 1 1 1 1 1 1 1 1 1 1 1 1 1 1 1 1 1 1 1 1 1 1 1 1 1 1 1 1 1 1 1 1 1 1 1 1 1 1 1 1 1 1 1 1 1 1 1 1 1 1 1 1 1 1 1 1 1 1 1 5 0 100 100 100 100 100 7 100 100 7 7 100 100 7 7 7 100 7 1 1 1 1 1 1 1 1 1 1 1 1 1 1 1 1 1 1 1 1 1 1 1 1 1 1 1 1 1 1 1 1 1 1 1 1 1 1 1 1 1 1 1 1 1 1 1 1 1 1 1 1 1 1 1 1 1 1 1 1 1 1 1 1 1 1 1 1 12 12 12 12 12 12 12 12 12 12 12 12 12 12 12 12 12 12 12 12 12 12 12 12 12 12 12 12 12 12 12 12 12 12 12 12 12 12 12 12 12 12 12 12 12 12 12 12 12 12 12 12 12 12 12 12 12 12 12 12 12 12 12 12 12 12 12 12 12 12 12 12 12 12 12 12 12 12 12 12 12 12 12 12 12 12 12 12 12 12 12 12 9 9 9 9 9 9 10 10 10 10 10 10 10 10 10 10 10 10 10 10 10 10 10 10 10 10 10 10 10 10 10 10 10 10 10 10 10 10 10 10 10 10 10 10 10 10 10 10 10 10 10 10 10 10 10 10 10 10 10 10 10 10 10 10 10 10 10 10 10 10 10 10 10 10 10 10 10 10 10 10 10 10 10 10 10 10 10 10 10 10 10 10 10 10 10 10 10 11 1 1 1
staticfield java/lang/StringBuffer serialPersistentFields [Ljava/io/ObjectStreamField; 3 [Ljava/io/ObjectStreamField;
ciInstanceKlass java/lang/StringBuilder 1 1 333 8 1 1 1 1 1 1 1 1 1 1 1 1 1 1 1 1 1 1 1 1 1 1 1 1 1 1 1 1 1 1 1 1 1 1 1 1 1 1 1 1 1 1 1 1 1 1 1 1 1 1 1 1 1 1 1 1 1 1 1 1 1 1 1 1 1 1 1 1 1 1 1 1 5 0 100 100 100 100 100 100 7 100 100 7 7 1 1 1 1 1 1 1 1 1 1 1 1 1 1 1 1 1 1 1 1 1 1 1 1 1 1 1 1 1 1 1 1 1 1 1 1 1 1 1 1 1 1 1 1 1 1 1 1 1 1 1 1 1 1 1 1 1 1 1 1 1 1 12 12 12 12 12 12 12 12 12 12 12 12 12 12 12 12 12 12 12 12 12 12 12 12 12 12 12 12 12 12 12 12 12 12 12 12 12 12 12 12 12 12 12 12 12 12 12 12 12 12 12 12 12 12 12 12 12 12 12 12 12 12 12 12 12 12 12 12 12 12 12 12 12 12 12 12 12 12 12 12 12 12 12 12 12 12 12 12 12 12 9 9 10 10 10 10 10 10 10 10 10 10 10 10 10 10 10 10 10 10 10 10 10 10 10 10 10 10 10 10 10 10 10 10 10 10 10 10 10 10 10 10 10 10 10 10 10 10 10 10 10 10 10 10 10 10 10 10 10 10 10 10 10 10 10 10 10 10 10 10 10 10 10 10 10 10 10 10 10 10 10 10 10 10 10 10 10 10 10 10 10 10 11 1
ciInstanceKlass sun/misc/Unsafe 1 1 389 8 8 7 7 7 7 7 7 7 7 7 7 1 1 1 1 1 1 1 1 1 1 1 1 1 1 1 1 1 1 1 1 1 1 1 1 1 1 1 1 1 1 1 1 1 1 1 1 1 1 1 1 1 1 1 1 1 1 1 1 1 1 1 1 1 1 1 1 1 1 1 1 1 1 1 1 1 1 1 1 1 1 1 1 1 1 1 1 1 1 1 1 1 1 1 1 1 1 1 1 1 1 1 1 1 1 1 1 1 1 1 1 1 1 1 1 1 1 1 1 1 1 1 1 1 1 1 1 1 1 1 1 1 1 1 1 1 1 1 1 1 1 1 1 1 1 1 1 1 1 1 1 1 1 1 1 1 1 1 1 1 1 1 1 1 1 1 1 1 1 1 1 1 1 1 1 1 1 1 1 3 100 7 100 100 7 7 7 100 100 7 7 1 1 1 1 1 1 1 1 1 1 1 1 1 1 1 1 1 1 1 1 1 1 1 1 1 1 1 1 1 1 1 1 1 1 1 1 1 1 1 1 1 1 1 1 1 1 1 1 1 1 1 1 1 1 1 1 1 1 1 1 1 1 1 1 1 1 1 1 1 12 12 12 12 12 12 12 12 12 12 12 12 12 12 12 12 12 12 12 12 12 12 12 12 12 12 12 12 12 12 12 12 12 12 12 12 12 12 12 12 12 12 12 12 12 12 12 12 12 12 12 12 12 12 12 12 12 12 12 12 12 12 9 9 9 9 9 9 9 9 9 9 9 9 9 9 9 9 9 9 9 9 10 10 10 10 10 10 10 10 10 10 10 10 10 10 10 10 10 10 10 10 10 10 10 10 10 10 10 10 10 10 10 10 10 10 10 10 10 10 10 10 10 10 10 10 1
staticfield sun/misc/Unsafe theUnsafe Lsun/misc/Unsafe; sun/misc/Unsafe
staticfield sun/misc/Unsafe ARRAY_BOOLEAN_BASE_OFFSET I 16
staticfield sun/misc/Unsafe ARRAY_BYTE_BASE_OFFSET I 16
staticfield sun/misc/Unsafe ARRAY_SHORT_BASE_OFFSET I 16
staticfield sun/misc/Unsafe ARRAY_CHAR_BASE_OFFSET I 16
staticfield sun/misc/Unsafe ARRAY_INT_BASE_OFFSET I 16
staticfield sun/misc/Unsafe ARRAY_LONG_BASE_OFFSET I 16
staticfield sun/misc/Unsafe ARRAY_FLOAT_BASE_OFFSET I 16
staticfield sun/misc/Unsafe ARRAY_DOUBLE_BASE_OFFSET I 16
staticfield sun/misc/Unsafe ARRAY_OBJECT_BASE_OFFSET I 16
staticfield sun/misc/Unsafe ARRAY_BOOLEAN_INDEX_SCALE I 1
staticfield sun/misc/Unsafe ARRAY_BYTE_INDEX_SCALE I 1
staticfield sun/misc/Unsafe ARRAY_SHORT_INDEX_SCALE I 2
staticfield sun/misc/Unsafe ARRAY_CHAR_INDEX_SCALE I 2
staticfield sun/misc/Unsafe ARRAY_INT_INDEX_SCALE I 4
staticfield sun/misc/Unsafe ARRAY_LONG_INDEX_SCALE I 8
staticfield sun/misc/Unsafe ARRAY_FLOAT_INDEX_SCALE I 4
staticfield sun/misc/Unsafe ARRAY_DOUBLE_INDEX_SCALE I 8
staticfield sun/misc/Unsafe ARRAY_OBJECT_INDEX_SCALE I 4
staticfield sun/misc/Unsafe ADDRESS_SIZE I 8
instanceKlass sun/nio/ch/ChannelInputStream
instanceKlass org/apache/tools/ant/DemuxInputStream
instanceKlass sun/net/www/protocol/http/EmptyInputStream
instanceKlass sun/security/ssl/SSLSocketImpl$AppInputStream
instanceKlass java/util/jar/JarVerifier$VerifierStream
instanceKlass org/apache/commons/compress/archivers/ArchiveInputStream
instanceKlass org/gradle/internal/io/StreamByteBuffer$StreamByteBufferInputStream
instanceKlass com/google/common/io/BaseEncoding$StandardBaseEncoding$2
instanceKlass java/io/ObjectInputStream
instanceKlass org/apache/tools/ant/util/FileUtils$1
instanceKlass org/gradle/util/internal/BulkReadInputStream
instanceKlass java/io/PipedInputStream
instanceKlass org/gradle/internal/remote/internal/inet/SocketConnection$SocketInputStream
instanceKlass org/gradle/internal/io/RandomAccessFileInputStream
instanceKlass com/esotericsoftware/kryo/io/Input
instanceKlass org/gradle/internal/serialize/kryo/KryoBackedDecoder$1
instanceKlass org/gradle/internal/serialize/AbstractDecoder$DecoderStream
instanceKlass org/gradle/internal/stream/EncodedStream$EncodedInput
instanceKlass java/util/zip/ZipFile$ZipFileInputStream
instanceKlass java/io/FilterInputStream
instanceKlass java/io/FileInputStream
instanceKlass java/io/ByteArrayInputStream
ciInstanceKlass java/io/InputStream 1 1 61 8 1 1 1 1 1 1 1 1 1 1 1 1 1 1 1 1 1 1 1 1 1 1 1 1 1 1 1 1 1 1 1 1 1 1 1 3 5 0 100 100 7 7 100 100 100 7 12 12 12 12 12 10 10 10 10 10 10 10 1
instanceKlass sun/security/util/DerInputBuffer
ciInstanceKlass java/io/ByteArrayInputStream 1 1 62 1 1 1 1 1 1 1 1 1 1 1 1 1 1 1 1 1 1 1 1 1 1 1 1 1 1 1 1 1 1 1 1 1 1 1 1 7 100 7 100 7 100 7 1 12 12 12 12 12 12 12 9 9 9 9 10 10 10 10 10 1
ciInstanceKlass java/io/File 1 1 582 8 8 8 8 8 8 8 8 8 8 8 8 8 8 8 8 8 8 8 7 1 1 1 1 1 1 1 1 1 1 1 1 1 1 1 1 1 1 1 1 1 1 1 1 1 1 1 1 1 1 1 1 1 1 1 1 1 1 1 1 1 1 1 1 1 1 1 1 1 1 1 1 1 1 1 1 1 1 1 1 1 1 1 1 1 1 1 1 1 1 1 1 1 1 1 1 1 1 1 1 1 1 1 1 1 1 1 1 1 1 1 1 1 1 1 1 1 1 1 1 1 1 1 1 1 1 1 1 1 1 1 1 1 1 1 1 1 1 1 1 1 1 1 1 1 1 1 1 1 1 1 1 1 1 1 1 1 1 1 1 1 1 1 1 1 1 1 1 1 1 1 1 1 1 1 1 1 1 1 1 1 1 1 1 1 1 1 1 1 1 1 1 1 1 1 1 1 1 1 1 1 1 1 1 1 1 1 1 1 1 1 1 1 1 1 1 1 1 1 1 1 1 1 1 1 1 1 1 1 1 1 1 1 1 1 1 1 1 5 0 7 100 7 7 7 7 7 7 100 100 100 100 100 100 100 7 100 100 100 100 100 7 100 100 100 100 7 7 7 100 100 7 100 100 7 7 100 7 100 7 1 1 1 1 1 1 1 1 1 1 1 1 1 1 1 1 1 1 1 1 1 1 1 1 1 1 1 1 1 1 1 1 1 1 1 1 1 1 1 1 1 1 1 1 1 1 1 1 1 1 1 1 1 1 1 12 12 12 12 12 12 12 12 12 12 12 12 12 12 12 12 12 12 12 12 12 12 12 12 12 12 12 12 12 12 12 12 12 12 12 12 12 12 12 12 12 12 12 12 12 12 12 12 12 12 12 12 12 12 12 12 12 12 12 12 12 12 12 12 12 12 12 12 12 12 12 12 12 12 12 12 12 12 12 12 12 12 12 12 12 12 12 12 12 12 12 12 12 12 12 12 12 12 12 12 12 12 12 12 12 12 12 12 12 12 12 12 12 12 12 9 9 9 9 9 9 9 9 9 9 9 9 9 9 9 10 10 10 10 10 10 10 10 10 10 10 10 10 10 10 10 10 10 10 10 10 10 10 10 10 10 10 10 10 10 10 10 10 10 10 10 10 10 10 10 10 10 10 10 10 10 10 10 10 10 10 10 10 10 10 10 10 10 10 10 10 10 10 10 10 10 10 10 10 10 10 10 10 10 10 10 10 10 10 10 10 10 10 10 10 10 10 10 10 10 10 10 10 10 10 10 10 10 10 10 10 10 10 10 10 10 10 11 11 11 11 11 1 1 1 1
staticfield java/io/File fs Ljava/io/FileSystem; java/io/WinNTFileSystem
staticfield java/io/File separatorChar C 92
staticfield java/io/File separator Ljava/lang/String; "\"
staticfield java/io/File pathSeparatorChar C 59
staticfield java/io/File pathSeparator Ljava/lang/String; ";"
staticfield java/io/File PATH_OFFSET J 16
staticfield java/io/File PREFIX_LENGTH_OFFSET J 12
staticfield java/io/File UNSAFE Lsun/misc/Unsafe; sun/misc/Unsafe
staticfield java/io/File $assertionsDisabled Z 1
instanceKlass groovy/lang/GroovyClassLoader
instanceKlass org/gradle/internal/classloader/VisitableURLClassLoader
instanceKlass org/gradle/internal/classloader/VisitableURLClassLoader
instanceKlass sun/misc/Launcher$ExtClassLoader
instanceKlass sun/misc/Launcher$AppClassLoader
ciInstanceKlass java/net/URLClassLoader 1 1 524 8 8 8 8 8 8 8 8 8 8 8 8 1 1 1 1 1 1 1 1 1 1 1 1 1 1 1 1 1 1 1 1 1 1 1 1 1 1 1 1 1 1 1 1 1 1 1 1 1 1 1 1 1 1 1 1 1 1 1 1 1 1 1 1 1 1 1 1 1 1 1 1 1 1 1 1 1 1 1 1 1 1 1 1 1 1 1 1 1 1 1 1 1 1 1 1 1 1 1 1 1 1 1 1 1 1 1 1 1 1 1 1 1 1 1 1 1 1 1 1 1 1 1 1 1 1 1 1 1 1 1 1 1 1 1 1 1 1 1 1 1 1 1 1 1 1 1 1 1 1 1 1 1 1 1 1 1 1 1 1 1 1 1 1 1 1 1 1 1 1 1 1 1 1 1 1 1 1 1 1 1 1 1 1 1 1 1 1 1 1 1 1 1 100 100 7 7 7 100 100 7 7 7 7 100 7 100 100 100 7 100 7 100 7 100 7 7 7 7 7 100 100 100 7 7 100 100 100 7 7 7 7 100 7 100 100 100 7 7 7 100 7 7 7 7 7 7 100 100 1 1 1 1 1 1 1 1 1 1 1 1 1 1 1 1 1 1 1 1 1 1 1 1 1 1 1 1 1 1 1 1 1 1 1 1 1 1 1 1 1 1 1 1 1 1 1 1 1 1 1 1 1 1 1 1 1 1 1 1 1 1 1 1 1 1 1 1 1 1 12 12 12 12 12 12 12 12 12 12 12 12 12 12 12 12 12 12 12 12 12 12 12 12 12 12 12 12 12 12 12 12 12 12 12 12 12 12 12 12 12 12 12 12 12 12 12 12 12 12 12 12 12 12 12 12 12 12 12 12 12 12 12 12 12 12 12 12 12 12 12 12 12 12 12 12 12 12 12 12 12 12 12 12 12 12 12 12 12 12 12 12 12 12 12 12 12 9 9 9 9 9 9 9 9 9 9 9 9 10 10 10 10 10 10 10 10 10 10 10 10 10 10 10 10 10 10 10 10 10 10 10 10 10 10 10 10 10 10 10 10 10 10 10 10 10 10 10 10 10 10 10 10 10 10 10 10 10 10 10 10 10 10 10 10 10 10 10 10 10 10 10 10 10 10 10 10 10 10 10 10 10 10 10 10 10 10 10 10 10 10 10 10 10 10 11 11 11 11 11 11 11 11 11
ciInstanceKlass java/net/URL 1 1 584 8 8 8 8 8 8 8 8 8 8 8 8 8 8 8 8 8 8 8 8 8 8 8 8 8 8 7 1 1 1 1 1 1 1 1 1 1 1 1 1 1 1 1 1 1 1 1 1 1 1 1 1 1 1 1 1 1 1 1 1 1 1 1 1 1 1 1 1 1 1 1 1 1 1 1 1 1 1 1 1 1 1 1 1 1 1 1 1 1 1 1 1 1 1 1 1 1 1 1 1 1 1 1 1 1 1 1 1 1 1 1 1 1 1 1 1 1 1 1 1 1 1 1 1 1 1 1 1 1 1 1 1 1 1 1 1 1 1 1 1 1 1 1 1 1 1 1 1 1 1 1 1 1 1 1 1 1 1 1 1 1 1 1 1 1 1 1 1 1 1 1 1 1 1 1 1 1 1 1 1 1 1 1 1 1 1 1 1 1 1 1 1 1 1 1 1 1 1 1 1 1 1 1 1 1 1 1 1 1 1 1 1 1 1 1 1 1 1 1 1 1 1 1 1 1 1 1 1 1 1 1 1 1 1 1 1 5 0 100 100 100 100 100 100 7 100 7 7 100 100 100 100 100 7 7 100 100 7 7 100 100 100 100 7 100 100 7 100 7 7 7 100 100 100 7 7 7 100 7 7 7 100 1 1 1 1 1 1 1 1 1 1 1 1 1 1 1 1 1 1 1 1 1 1 1 1 1 1 1 1 1 1 1 1 1 1 1 1 1 1 1 1 1 1 1 1 1 1 1 1 1 1 1 1 1 1 1 12 12 12 12 12 12 12 12 12 12 12 12 12 12 12 12 12 12 12 12 12 12 12 12 12 12 12 12 12 12 12 12 12 12 12 12 12 12 12 12 12 12 12 12 12 12 12 12 12 12 12 12 12 12 12 12 12 12 12 12 12 12 12 12 12 12 12 12 12 12 12 12 12 12 12 12 12 12 12 12 12 12 12 12 12 12 12 12 12 12 12 12 12 12 12 12 12 12 12 12 12 12 12 12 12 12 12 12 12 12 12 12 12 12 12 9 9 9 9 9 9 9 9 9 9 9 9 9 9 9 9 9 9 9 9 9 10 10 10 10 10 10 10 10 10 10 10 10 10 10 10 10 10 10 10 10 10 10 10 10 10 10 10 10 10 10 10 10 10 10 10 10 10 10 10 10 10 10 10 10 10 10 10 10 10 10 10 10 10 10 10 10 10 10 10 10 10 10 10 10 10 10 10 10 10 10 10 10 10 10 10 10 10 10 10 10 10 10 10 10 10 10 10 10 10 10 10 10 10 10 10 10 10 10 10 10 10 10 10 10 10 10 10 10 11 1
staticfield java/net/URL serialPersistentFields [Ljava/io/ObjectStreamField; 7 [Ljava/io/ObjectStreamField;
ciInstanceKlass java/util/jar/Manifest 1 1 256 8 8 8 8 8 8 8 1 1 1 1 1 1 1 1 1 1 1 1 1 1 1 1 1 1 1 1 1 1 1 1 1 1 1 1 1 1 1 1 1 1 1 1 1 1 1 1 1 1 1 1 1 1 1 1 1 1 1 1 1 1 1 1 1 1 1 1 1 1 1 1 1 1 1 1 1 1 1 1 1 1 1 1 1 1 1 1 1 1 1 1 1 1 1 1 1 1 1 1 1 100 100 100 100 100 100 7 7 100 7 100 100 7 7 100 7 100 100 7 100 7 7 1 1 1 1 1 1 1 1 1 1 1 1 1 1 1 1 1 1 1 1 1 1 1 1 1 12 12 12 12 12 12 12 12 12 12 12 12 12 12 12 12 12 12 12 12 12 12 12 12 12 12 12 12 12 12 12 12 12 12 12 12 12 12 12 12 12 12 12 12 12 12 12 12 9 9 9 10 10 10 10 10 10 10 10 10 10 10 10 10 10 10 10 10 10 10 10 10 10 10 10 10 10 10 10 10 10 10 10 10 10 10 10 10 10 10 10 10 10 10 11 11 11 11 11 11 11 11 11 11 11 11 1 1
ciInstanceKlass sun/misc/Launcher 1 1 222 8 8 8 8 8 8 8 8 8 8 1 1 1 1 1 1 1 1 1 1 1 1 1 1 1 1 1 1 1 1 1 1 1 1 1 1 1 1 1 1 1 1 1 1 1 1 1 1 1 1 1 1 1 1 1 1 1 1 1 1 1 1 1 1 1 1 1 1 1 1 1 1 1 1 1 1 1 1 1 1 1 1 1 1 1 1 1 1 1 1 1 1 1 1 1 1 1 1 1 1 100 100 7 100 100 100 100 100 100 100 100 7 100 7 100 7 7 100 7 7 100 7 7 7 7 7 1 1 1 1 1 1 1 1 1 1 1 1 1 1 1 1 1 1 1 1 1 1 1 12 12 12 12 12 12 12 12 12 12 12 12 12 12 12 12 12 12 12 12 12 12 12 12 12 12 12 12 12 12 12 12 9 9 9 9 9 9 10 10 10 10 10 10 10 10 10 10 10 10 10 10 10 10 10 10 10 10 10 10 10 10 10 10 10 10 10 10 1 1 1 1
ciInstanceKlass sun/misc/Launcher$AppClassLoader 1 1 201 8 8 7 1 1 1 1 1 1 1 1 1 1 1 1 1 1 1 1 1 1 1 1 1 1 1 1 1 1 1 1 1 1 1 1 1 1 1 1 1 1 1 1 1 1 1 1 1 1 1 1 1 1 1 1 1 1 1 1 1 1 1 1 1 1 1 1 1 1 1 1 1 1 1 1 1 1 1 1 1 100 100 100 100 100 7 7 100 7 100 7 7 100 100 7 100 7 100 7 100 7 7 7 100 7 7 1 1 1 1 1 1 1 1 1 1 1 1 1 1 1 1 1 1 1 1 1 1 1 1 1 12 12 12 12 12 12 12 12 12 12 12 12 12 12 12 12 12 12 12 12 12 12 12 12 12 12 12 12 12 12 12 12 12 9 9 10 10 10 10 10 10 10 10 10 10 10 10 10 10 10 10 10 10 10 10 10 10 10 10 10 10 10 10 10 10 10 10 11 1
staticfield sun/misc/Launcher$AppClassLoader $assertionsDisabled Z 1
ciInstanceKlass sun/misc/Launcher$ExtClassLoader 1 1 243 8 8 8 7 1 1 1 1 1 1 1 1 1 1 1 1 1 1 1 1 1 1 1 1 1 1 1 1 1 1 1 1 1 1 1 1 1 1 1 1 1 1 1 1 1 1 1 1 1 1 1 1 1 1 1 1 1 1 1 1 1 1 1 1 1 1 1 1 1 1 1 1 1 1 1 1 1 1 1 1 1 1 1 1 1 1 1 1 1 1 1 1 1 1 1 100 100 100 100 7 100 7 100 7 7 100 7 100 7 7 100 100 100 7 100 100 100 7 7 7 7 7 100 7 7 7 1 1 1 1 1 1 1 1 1 1 1 1 1 1 1 1 1 1 1 1 1 1 1 1 1 1 1 12 12 12 12 12 12 12 12 12 12 12 12 12 12 12 12 12 12 12 12 12 12 12 12 12 12 12 12 12 12 12 12 12 12 12 12 12 12 12 12 12 12 12 9 9 10 10 10 10 10 10 10 10 10 10 10 10 10 10 10 10 10 10 10 10 10 10 10 10 10 10 10 10 10 10 10 10 10 10 10 10 10 10 10 10 10 11 11 1
ciInstanceKlass java/security/CodeSource 1 1 324 8 8 8 8 8 8 8 8 8 8 8 8 8 8 1 1 1 1 1 1 1 1 1 1 1 1 1 1 1 1 1 1 1 1 1 1 1 1 1 1 1 1 1 1 1 1 1 1 1 1 1 1 1 1 1 1 1 1 1 1 1 1 1 1 1 1 1 1 1 1 1 1 1 1 1 1 1 1 1 1 1 1 1 1 1 1 1 1 1 1 1 1 1 1 1 1 1 1 1 1 1 1 1 1 1 1 1 1 1 1 1 1 1 1 1 1 1 1 1 1 1 1 1 1 1 1 1 1 1 1 1 1 1 1 1 1 5 0 100 7 7 100 100 100 100 100 100 7 100 100 100 7 7 7 7 7 100 100 100 100 7 100 100 100 1 1 1 1 1 1 1 1 1 1 1 1 1 1 1 1 1 1 1 1 1 1 1 1 1 12 12 12 12 12 12 12 12 12 12 12 12 12 12 12 12 12 12 12 12 12 12 12 12 12 12 12 12 12 12 12 12 12 12 12 12 12 12 12 12 12 12 12 12 12 12 12 12 12 12 12 12 12 12 12 12 12 12 12 12 12 9 9 9 9 9 10 10 10 10 10 10 10 10 10 10 10 10 10 10 10 10 10 10 10 10 10 10 10 10 10 10 10 10 10 10 10 10 10 10 10 10 10 10 10 10 10 10 10 10 10 10 10 10 10 10 10 10 10 10 10 10 10 10 10 10 10 10 10 11 11 11 11 1
ciInstanceKlass java/lang/StackTraceElement 1 0 98 8 8 8 8 8 8 8 8 1 1 1 1 1 1 1 1 1 1 1 1 1 1 1 1 1 1 1 1 1 1 1 1 1 1 1 1 1 1 1 1 1 1 1 1 1 1 1 1 1 1 1 5 0 100 100 100 100 100 100 1 1 1 1 1 1 12 12 12 12 12 12 12 12 12 12 12 12 12 12 12 9 9 9 9 10 10 10 10 10 10 10 10 10 10 10 10 1
instanceKlass java/nio/LongBuffer
instanceKlass java/nio/CharBuffer
instanceKlass java/nio/ByteBuffer
ciInstanceKlass java/nio/Buffer 1 1 132 8 8 8 8 8 8 8 8 7 1 1 1 1 1 1 1 1 1 1 1 1 1 1 1 1 1 1 1 1 1 1 1 1 1 1 1 1 1 1 1 1 1 1 1 1 1 1 1 1 1 1 1 1 1 1 1 1 1 1 1 1 1 1 1 1 1 1 1 1 1 1 1 1 1 1 1 1 3 100 7 100 100 7 100 100 100 100 100 1 1 1 1 1 1 12 12 12 12 12 12 12 12 12 12 12 12 12 12 12 9 9 9 9 9 10 10 10 10 10 10 10 10 10 10 10 10 10 10 10 10 1
staticfield java/nio/Buffer $assertionsDisabled Z 1
ciInstanceKlass java/lang/Boolean 1 1 110 8 8 8 1 1 1 1 1 1 1 1 1 1 1 1 1 1 1 1 1 1 1 1 1 1 1 1 1 1 1 1 1 1 1 1 1 1 1 1 1 1 1 1 1 1 1 1 1 1 1 1 1 1 1 1 1 1 1 1 1 5 0 100 7 7 100 100 100 7 100 7 7 1 1 1 1 1 1 1 1 12 12 12 12 12 12 12 12 12 12 12 12 12 12 9 9 9 9 10 10 10 10 10 10 10 10 10 10 1
staticfield java/lang/Boolean TRUE Ljava/lang/Boolean; java/lang/Boolean
staticfield java/lang/Boolean FALSE Ljava/lang/Boolean; java/lang/Boolean
staticfield java/lang/Boolean TYPE Ljava/lang/Class; java/lang/Class
ciInstanceKlass java/lang/Character 1 1 459 3 3 3 3 3 3 3 3 8 8 7 1 1 1 1 1 1 1 1 1 1 1 1 1 1 1 1 1 1 1 1 1 1 1 1 1 1 1 1 1 1 1 1 1 1 1 1 1 1 1 1 1 1 1 1 1 1 1 1 1 1 1 1 1 1 1 1 1 1 1 1 1 1 1 1 1 1 1 1 1 1 1 1 1 1 1 1 1 1 1 1 1 1 1 1 1 1 1 1 1 1 1 1 1 1 1 1 1 1 1 1 1 1 1 1 1 1 1 1 1 1 1 1 1 1 1 1 1 1 1 1 1 1 1 1 1 1 1 1 1 1 1 1 1 1 1 1 1 1 1 1 1 1 1 1 1 1 1 1 1 1 1 1 1 1 1 1 1 1 1 1 1 1 1 1 1 1 1 1 1 1 1 1 1 1 1 1 1 1 1 1 1 1 1 1 1 1 1 1 1 1 1 1 1 1 1 1 1 1 1 1 1 1 1 1 1 1 1 1 1 1 1 1 1 3 3 3 3 3 3 3 3 3 3 3 3 3 3 3 3 3 3 3 3 3 3 3 3 3 3 3 3 3 3 3 3 3 3 3 3 3 5 0 5 0 100 100 7 7 100 100 100 7 100 7 100 100 100 100 7 7 100 100 1 1 1 1 1 1 1 1 1 1 1 1 1 1 1 12 12 12 12 12 12 12 12 12 12 12 12 12 12 12 12 12 12 12 12 12 12 12 12 12 12 12 12 12 12 12 12 12 12 12 12 12 12 12 12 12 12 12 12 12 12 12 12 12 12 12 12 12 12 12 12 12 12 12 12 12 12 12 12 12 12 12 12 9 9 9 9 9 10 10 10 10 10 10 10 10 10 10 10 10 10 10 10 10 10 10 10 10 10 10 10 10 10 10 10 10 10 10 10 10 10 10 10 10 10 10 10 10 10 10 10 10 10 10 10 10 10 10 10 10 10 10 10 10 10 10 10 10 10 10 10 10 10 10 10 10 10 10 10 10 10 10 10 10 10 10 10 10 11 11 1 1 1 1 1
staticfield java/lang/Character TYPE Ljava/lang/Class; java/lang/Class
staticfield java/lang/Character $assertionsDisabled Z 1
instanceKlass com/google/gson/internal/LazilyParsedNumber
instanceKlass com/google/common/cache/Striped64
instanceKlass java/math/BigInteger
instanceKlass java/math/BigDecimal
instanceKlass java/util/concurrent/atomic/AtomicLong
instanceKlass java/util/concurrent/atomic/AtomicInteger
instanceKlass java/lang/Long
instanceKlass java/lang/Integer
instanceKlass java/lang/Short
instanceKlass java/lang/Byte
instanceKlass java/lang/Double
instanceKlass java/lang/Float
ciInstanceKlass java/lang/Number 1 1 34 1 1 1 1 1 1 1 1 1 1 1 1 1 1 1 1 1 1 1 1 1 1 1 5 0 100 100 7 12 12 10 10 1
ciInstanceKlass java/lang/Float 1 1 169 3 3 3 4 4 4 4 8 8 8 1 1 1 1 1 1 1 1 1 1 1 1 1 1 1 1 1 1 1 1 1 1 1 1 1 1 1 1 1 1 1 1 1 1 1 1 1 1 1 1 1 1 1 1 1 1 1 1 1 1 1 1 1 1 1 1 1 1 1 1 1 1 1 1 1 1 1 1 1 1 1 1 1 1 1 1 1 1 1 1 1 1 1 1 1 1 1 1 3 3 3 3 4 4 5 0 7 100 100 7 100 7 100 100 7 1 1 1 1 1 1 1 1 1 12 12 12 12 12 12 12 12 12 12 12 12 12 12 12 12 12 12 12 12 12 9 9 10 10 10 10 10 10 10 10 10 10 10 10 10 10 10 10 10 10 10 10 1
staticfield java/lang/Float TYPE Ljava/lang/Class; java/lang/Class
ciInstanceKlass java/lang/Double 1 1 223 8 8 8 8 8 8 8 8 8 8 1 1 1 1 1 1 1 1 1 1 1 1 1 1 1 1 1 1 1 1 1 1 1 1 1 1 1 1 1 1 1 1 1 1 1 1 1 1 1 1 1 1 1 1 1 1 1 1 1 1 1 1 1 1 1 1 1 1 1 1 1 1 1 1 1 1 1 1 1 1 1 1 1 1 1 1 1 1 1 1 1 1 1 1 1 1 1 1 1 1 1 1 1 1 1 1 1 1 1 1 1 3 3 3 3 5 0 5 0 5 0 5 0 5 0 6 0 6 0 6 0 6 0 6 0 6 0 6 0 7 100 7 100 100 7 100 100 100 7 1 1 1 1 1 1 1 1 1 1 1 12 12 12 12 12 12 12 12 12 12 12 12 12 12 12 12 12 12 12 12 12 12 12 12 12 12 12 12 12 12 9 9 10 10 10 10 10 10 10 10 10 10 10 10 10 10 10 10 10 10 10 10 10 10 10 10 10 10 10 10 10 1
staticfield java/lang/Double TYPE Ljava/lang/Class; java/lang/Class
ciInstanceKlass java/lang/Byte 1 1 153 8 8 8 8 8 1 1 1 1 1 1 1 1 1 1 1 1 1 1 1 1 1 1 1 1 1 1 1 1 1 1 1 1 1 1 1 1 1 1 1 1 1 1 1 1 1 1 1 1 1 1 1 1 1 1 1 1 1 1 1 1 1 1 1 1 1 1 1 1 1 1 1 1 1 1 1 1 3 3 3 3 5 0 5 0 7 7 7 100 100 7 100 100 1 1 1 1 1 1 1 1 1 1 1 1 1 1 12 12 12 12 12 12 12 12 12 12 12 12 12 12 12 12 12 12 12 12 12 9 9 9 10 10 10 10 10 10 10 10 10 10 10 10 10 10 10 10 10 10 10 1 1
staticfield java/lang/Byte TYPE Ljava/lang/Class; java/lang/Class
ciInstanceKlass java/lang/Short 1 1 159 3 3 8 8 8 8 8 1 1 1 1 1 1 1 1 1 1 1 1 1 1 1 1 1 1 1 1 1 1 1 1 1 1 1 1 1 1 1 1 1 1 1 1 1 1 1 1 1 1 1 1 1 1 1 1 1 1 1 1 1 1 1 1 1 1 1 1 1 1 1 1 1 1 1 1 1 1 1 1 1 1 3 3 3 3 5 0 5 0 7 100 100 7 100 7 7 100 1 1 1 1 1 1 1 1 1 1 1 1 1 1 12 12 12 12 12 12 12 12 12 12 12 12 12 12 12 12 12 12 12 12 12 12 9 9 9 10 10 10 10 10 10 10 10 10 10 10 10 10 10 10 10 10 10 10 10 1 1
staticfield java/lang/Short TYPE Ljava/lang/Class; java/lang/Class
ciInstanceKlass java/lang/Integer 1 1 313 3 3 3 3 3 3 3 3 3 3 3 3 3 3 3 8 8 8 8 8 8 8 8 8 8 8 8 8 8 8 8 1 1 1 1 1 1 1 1 1 1 1 1 1 1 1 1 1 1 1 1 1 1 1 1 1 1 1 1 1 1 1 1 1 1 1 1 1 1 1 1 1 1 1 1 1 1 1 1 1 1 1 1 1 1 1 1 1 1 1 1 1 1 1 1 1 1 1 1 1 1 1 1 1 1 1 1 1 1 1 1 1 1 1 1 1 1 1 1 1 1 1 1 1 1 1 1 1 1 1 1 1 1 1 1 1 1 1 1 1 1 1 1 1 1 1 1 1 1 1 1 1 1 1 1 1 1 1 1 1 1 1 1 1 1 1 1 1 1 1 1 3 3 5 0 5 0 5 0 100 7 7 100 100 7 7 100 7 100 7 100 100 100 7 100 7 1 1 1 1 1 1 1 1 1 1 1 1 1 1 1 1 1 12 12 12 12 12 12 12 12 12 12 12 12 12 12 12 12 12 12 12 12 12 12 12 12 12 12 12 12 12 12 12 12 12 12 12 12 12 12 12 12 12 12 12 12 12 12 12 12 9 9 9 9 9 9 9 9 10 10 10 10 10 10 10 10 10 10 10 10 10 10 10 10 10 10 10 10 10 10 10 10 10 10 10 10 10 10 10 10 10 10 10 10 10 10 10 10 10 1 1
staticfield java/lang/Integer TYPE Ljava/lang/Class; java/lang/Class
staticfield java/lang/Integer digits [C 36
staticfield java/lang/Integer DigitTens [C 100
staticfield java/lang/Integer DigitOnes [C 100
staticfield java/lang/Integer sizeTable [I 10
ciInstanceKlass java/lang/Long 1 1 360 3 3 8 8 8 8 8 8 8 8 8 8 8 8 8 8 8 8 8 1 1 1 1 1 1 1 1 1 1 1 1 1 1 1 1 1 1 1 1 1 1 1 1 1 1 1 1 1 1 1 1 1 1 1 1 1 1 1 1 1 1 1 1 1 1 1 1 1 1 1 1 1 1 1 1 1 1 1 1 1 1 1 1 1 1 1 1 1 1 1 1 1 1 1 1 1 1 1 1 1 1 1 1 1 1 1 1 1 1 1 1 1 1 1 1 1 1 1 1 1 1 1 1 1 1 1 1 1 1 1 1 1 1 1 1 1 1 1 1 1 1 1 1 1 1 1 1 1 1 1 1 1 1 1 1 1 1 1 1 1 1 1 1 1 1 3 3 5 0 5 0 5 0 5 0 5 0 5 0 5 0 5 0 5 0 5 0 5 0 5 0 5 0 5 0 5 0 100 7 7 100 100 7 7 7 7 100 7 7 100 100 7 100 7 100 1 1 1 1 1 1 1 1 1 1 1 1 1 1 1 1 1 1 1 1 1 1 12 12 12 12 12 12 12 12 12 12 12 12 12 12 12 12 12 12 12 12 12 12 12 12 12 12 12 12 12 12 12 12 12 12 12 12 12 12 12 12 12 12 12 12 12 12 12 12 12 12 12 12 12 12 12 12 12 12 12 9 9 9 9 9 9 10 10 10 10 10 10 10 10 10 10 10 10 10 10 10 10 10 10 10 10 10 10 10 10 10 10 10 10 10 10 10 10 10 10 10 10 10 10 10 10 10 10 10 10 10 10 10 10 10 10 10 10 10 10 10 1 1
staticfield java/lang/Long TYPE Ljava/lang/Class; java/lang/Class
instanceKlass kotlin/KotlinNullPointerException
ciInstanceKlass java/lang/NullPointerException 1 1 21 1 1 1 1 1 1 1 1 1 1 1 5 0 100 100 12 12 10 10 1
ciInstanceKlass java/lang/ArithmeticException 1 1 21 1 1 1 1 1 1 1 1 1 1 1 5 0 100 100 12 12 10 10 1
instanceKlass javax/crypto/CryptoPermission
instanceKlass java/net/SocketPermission
instanceKlass java/security/UnresolvedPermission
instanceKlass java/security/AllPermission
instanceKlass java/io/FilePermission
instanceKlass java/security/BasicPermission
ciInstanceKlass java/security/Permission 1 1 88 8 8 8 1 1 1 1 1 1 1 1 1 1 1 1 1 1 1 1 1 1 1 1 1 1 1 1 1 1 1 1 1 1 1 1 1 1 1 1 1 1 1 1 1 1 1 5 0 100 100 7 100 100 100 100 100 100 7 1 1 1 1 1 1 1 12 12 12 12 12 12 12 12 12 12 9 10 10 10 10 10 10 10 10 10 10 1
ciInstanceKlass java/lang/RuntimePermission 1 1 21 1 1 1 1 1 1 1 1 1 1 1 5 0 100 7 12 12 10 10 1
ciInstanceKlass java/security/AccessController 1 1 187 8 8 8 8 8 8 8 8 1 1 1 1 1 1 1 1 1 1 1 1 1 1 1 1 1 1 1 1 1 1 1 1 1 1 1 1 1 1 1 1 1 1 1 1 1 1 1 1 1 1 1 1 1 1 1 1 1 1 1 1 1 1 1 1 1 1 1 1 1 1 100 100 100 100 100 100 7 100 7 7 100 100 100 7 7 100 1 1 1 1 1 1 1 1 1 1 1 1 1 1 1 1 1 1 1 1 1 1 1 1 1 1 1 1 1 1 1 1 12 12 12 12 12 12 12 12 12 12 12 12 12 12 12 12 12 12 12 12 12 12 12 12 12 12 12 12 12 12 12 12 12 10 10 10 10 10 10 10 10 10 10 10 10 10 10 10 10 10 10 10 10 10 10 10 10 10 10 10 10 10 10 10 10 10 10 1
ciInstanceKlass java/security/PrivilegedAction 1 0 12 1 1 1 1 1 1 1 100 100 1 1
ciInstanceKlass java/util/Collection 1 1 87 1 1 1 1 1 1 1 1 1 1 1 1 1 1 1 1 1 1 1 1 1 1 1 1 1 1 1 1 1 1 1 1 1 1 1 1 1 1 1 1 1 1 100 100 7 7 7 100 7 7 1 1 1 1 1 1 1 1 1 1 1 1 1 1 1 1 1 12 12 12 12 12 12 12 12 12 10 10 10 11 11 11 11 11 11 1
ciInstanceKlass java/util/List 1 1 112 1 1 1 1 1 1 1 1 1 1 1 1 1 1 1 1 1 1 1 1 1 1 1 1 1 1 1 1 1 1 1 1 1 1 1 1 1 1 1 1 1 1 1 1 1 1 1 1 1 1 1 1 100 100 7 100 100 7 7 100 7 100 1 1 1 1 1 1 1 1 1 1 1 1 1 1 1 1 1 1 1 1 1 1 1 1 1 1 1 1 1 1 12 12 12 12 12 12 12 12 12 10 10 10 11 11 11 11 11 11 1
ciInstanceKlass sun/reflect/ReflectionFactory 1 1 452 8 8 8 8 8 8 8 8 8 8 8 8 100 100 100 100 100 100 7 7 7 1 1 1 1 1 1 1 1 1 1 1 1 1 1 1 1 1 1 1 1 1 1 1 1 1 1 1 1 1 1 1 1 1 1 1 1 1 1 1 1 1 1 1 1 1 1 1 1 1 1 1 1 1 1 1 1 1 1 1 1 1 1 1 1 1 1 1 1 1 1 1 1 1 1 1 1 1 1 1 1 1 1 1 1 1 1 1 1 1 1 1 1 1 1 1 1 1 1 1 1 1 1 1 1 1 1 1 1 1 1 1 1 1 1 1 1 1 1 1 1 1 1 1 1 1 1 1 1 1 1 1 1 1 1 1 1 1 1 1 1 1 1 1 1 1 1 1 1 1 1 1 1 1 1 1 1 1 1 1 1 100 100 100 100 100 100 7 100 100 100 7 100 100 100 7 100 100 7 7 100 7 7 7 100 7 100 7 7 7 7 7 100 7 100 1 1 1 1 1 1 1 1 1 1 1 1 1 1 1 1 1 1 1 1 1 1 1 1 1 1 1 1 1 1 1 1 1 1 1 1 1 1 1 1 1 1 1 1 1 1 1 1 1 1 1 1 1 1 1 1 1 1 1 1 1 1 1 1 1 1 12 12 12 12 12 12 12 12 12 12 12 12 12 12 12 12 12 12 12 12 12 12 12 12 12 12 12 12 12 12 12 12 12 12 12 12 12 12 12 12 12 12 12 12 12 12 12 12 12 12 12 12 12 12 12 12 12 12 12 12 12 12 12 12 12 12 12 12 12 12 12 12 12 12 12 12 9 9 9 9 9 9 9 9 9 10 10 10 10 10 10 10 10 10 10 10 10 10 10 10 10 10 10 10 10 10 10 10 10 10 10 10 10 10 10 10 10 10 10 10 10 10 10 10 10 10 10 10 10 10 10 10 10 10 10 10 10 10 10 10 10 10 10 10 10 10 10 10 10 10 10 10 11 11 11 11 11 11 11 11 11 11 11 11 11 11 11 1 1 1
staticfield sun/reflect/ReflectionFactory reflectionFactoryAccessPerm Ljava/security/Permission; java/lang/RuntimePermission
staticfield sun/reflect/ReflectionFactory soleInstance Lsun/reflect/ReflectionFactory; sun/reflect/ReflectionFactory
ciInstanceKlass java/util/ArrayList 1 1 356 3 3 8 8 8 8 8 8 8 8 7 7 1 1 1 1 1 1 1 1 1 1 1 1 1 1 1 1 1 1 1 1 1 1 1 1 1 1 1 1 1 1 1 1 1 1 1 1 1 1 1 1 1 1 1 1 1 1 1 1 1 1 1 1 1 1 1 1 1 1 1 1 1 1 1 1 1 1 1 1 1 1 1 1 1 1 1 1 1 1 1 1 1 1 1 1 1 1 1 1 1 1 1 1 1 1 1 1 1 1 1 1 1 1 1 1 1 1 1 1 1 1 1 1 1 1 1 1 1 1 1 1 1 1 1 1 1 1 1 1 1 1 1 1 1 1 1 1 1 1 1 1 1 3 5 0 7 100 100 100 7 100 100 100 100 100 7 7 100 100 7 100 7 7 7 7 7 7 100 7 100 100 7 100 7 100 100 100 100 1 1 1 1 1 1 1 1 1 1 1 1 1 1 1 1 1 1 1 1 1 1 1 1 1 1 1 1 1 1 1 1 1 1 1 1 1 1 1 1 1 1 1 1 1 1 1 1 1 1 1 12 12 12 12 12 12 12 12 12 12 12 12 12 12 12 12 12 12 12 12 12 12 12 12 12 12 12 12 12 12 12 12 12 12 12 12 12 12 12 12 12 12 12 12 12 12 12 12 12 12 12 12 12 9 9 9 9 9 10 10 10 10 10 10 10 10 10 10 10 10 10 10 10 10 10 10 10 10 10 10 10 10 10 10 10 10 10 10 10 10 10 10 10 10 10 10 10 10 10 10 10 10 10 10 11 11 11 11 11 11 1 1 1 1 1
staticfield java/util/ArrayList EMPTY_ELEMENTDATA [Ljava/lang/Object; 0 [Ljava/lang/Object;
staticfield java/util/ArrayList DEFAULTCAPACITY_EMPTY_ELEMENTDATA [Ljava/lang/Object; 0 [Ljava/lang/Object;
ciInstanceKlass java/util/Set 1 1 48 1 1 1 1 1 1 1 1 1 1 1 1 1 1 1 1 1 1 1 1 1 1 1 1 1 1 1 1 100 100 100 100 1 1 1 1 1 1 1 1 1 1 1 1 12 10 1
instanceKlass org/gradle/api/internal/file/collections/DefaultConfigurableFileCollection$PathSet
instanceKlass java/util/Hashtable$KeySet
instanceKlass java/util/TreeSet
instanceKlass com/google/common/collect/Sets$ImprovedAbstractSet
instanceKlass java/util/TreeMap$KeySet
instanceKlass java/lang/ProcessEnvironment$CheckedKeySet
instanceKlass java/util/IdentityHashMap$KeySet
instanceKlass java/util/TreeMap$EntrySet
instanceKlass java/util/concurrent/CopyOnWriteArraySet
instanceKlass sun/util/resources/ParallelListResourceBundle$KeySet
instanceKlass java/util/LinkedHashMap$LinkedEntrySet
instanceKlass com/google/common/collect/Sets$SetView
instanceKlass java/lang/ProcessEnvironment$CheckedEntrySet
instanceKlass java/util/HashMap$KeySet
instanceKlass java/util/EnumSet
instanceKlass java/util/LinkedHashMap$LinkedKeySet
instanceKlass java/util/Collections$SingletonSet
instanceKlass java/util/HashSet
instanceKlass java/util/HashMap$EntrySet
instanceKlass java/util/WeakHashMap$KeySet
instanceKlass java/util/Collections$SetFromMap
instanceKlass java/util/Hashtable$EntrySet
instanceKlass java/util/Collections$EmptySet
ciInstanceKlass java/util/AbstractSet 1 1 71 1 1 1 1 1 1 1 1 1 1 1 1 1 1 1 1 1 1 1 1 1 1 1 1 1 1 1 1 1 1 1 1 100 100 7 7 7 7 7 7 7 1 1 1 1 12 12 12 12 12 12 12 12 12 12 12 10 10 10 10 10 10 10 11 11 11 11 11 11 1
instanceKlass com/google/common/collect/Maps$ViewCachingAbstractMap
instanceKlass java/util/Collections$SingletonMap
instanceKlass com/google/common/collect/MapMakerInternalMap
instanceKlass java/util/EnumMap
instanceKlass com/google/common/cache/LocalCache
instanceKlass java/util/TreeMap
instanceKlass java/util/IdentityHashMap
instanceKlass java/util/concurrent/ConcurrentHashMap
instanceKlass sun/util/PreHashedMap
instanceKlass java/util/WeakHashMap
instanceKlass java/util/HashMap
instanceKlass java/util/Collections$EmptyMap
ciInstanceKlass java/util/AbstractMap 1 1 152 8 8 1 1 1 1 1 1 1 1 1 1 1 1 1 1 1 1 1 1 1 1 1 1 1 1 1 1 1 1 1 1 1 1 1 1 1 1 1 1 1 1 1 1 1 1 1 1 1 1 1 1 1 1 1 1 1 1 1 1 1 100 7 100 7 100 100 7 100 100 100 100 100 7 7 7 7 1 1 1 1 1 1 1 1 1 1 1 1 1 1 1 1 1 1 1 12 12 12 12 12 12 12 12 12 12 12 12 12 12 12 12 12 12 12 12 12 12 12 9 9 10 10 10 10 10 10 10 10 10 10 10 10 10 10 11 11 11 11 11 11 11 11 11 11 11 11 11 1 1 1
ciInstanceKlass sun/reflect/Reflection 1 1 233 8 8 8 8 8 8 8 8 8 8 7 7 100 7 1 1 1 1 1 1 1 1 1 1 1 1 1 1 1 1 1 1 1 1 1 1 1 1 1 1 1 1 1 1 1 1 1 1 1 1 1 1 1 1 1 1 1 1 1 1 1 1 1 1 1 1 1 1 1 1 1 1 1 1 1 1 1 1 1 1 1 1 1 1 1 1 1 1 1 1 1 1 1 1 1 1 1 1 1 100 7 100 7 100 100 100 100 100 7 100 100 7 100 7 7 7 100 1 1 1 1 1 1 1 1 1 1 1 1 1 1 1 1 1 1 1 1 1 1 1 1 1 1 1 1 1 1 1 1 1 1 1 1 1 1 12 12 12 12 12 12 12 12 12 12 12 12 12 12 12 12 12 12 12 12 12 12 12 12 12 12 12 12 12 12 12 12 12 12 12 9 9 10 10 10 10 10 10 10 10 10 10 10 10 10 10 10 10 10 10 10 10 10 10 10 10 10 10 10 10 10 10 10 10 10 10 10 10 11 11 11 1
instanceKlass sun/net/www/http/KeepAliveCache
instanceKlass groovy/lang/SpreadMap
instanceKlass sun/nio/ch/WindowsSelectorImpl$FdMap
instanceKlass java/lang/ProcessEnvironment
instanceKlass java/util/LinkedHashMap
ciInstanceKlass java/util/HashMap 1 1 497 3 3 4 4 4 4 4 8 8 8 8 100 7 100 1 1 1 1 1 1 1 1 1 1 1 1 1 1 1 1 1 1 1 1 1 1 1 1 1 1 1 1 1 1 1 1 1 1 1 1 1 1 1 1 1 1 1 1 1 1 1 1 1 1 1 1 1 1 1 1 1 1 1 1 1 1 1 1 1 1 1 1 1 1 1 1 1 1 1 1 1 1 1 1 1 1 1 1 1 1 1 1 1 1 1 1 1 1 1 1 1 1 1 1 1 1 1 1 1 1 1 1 1 1 1 1 1 1 1 1 1 1 1 1 1 1 1 1 1 1 1 1 1 1 1 1 1 1 1 1 1 1 1 1 1 1 1 1 1 1 1 1 1 1 1 1 1 1 1 1 1 1 1 1 1 1 1 1 1 1 1 1 1 1 1 1 1 1 1 1 1 1 1 1 3 3 3 3 5 0 100 7 100 100 100 100 100 100 100 100 100 100 7 100 100 100 100 7 100 100 100 7 100 100 7 100 7 100 100 100 100 7 100 7 7 100 100 100 7 7 7 7 7 100 100 7 100 100 1 1 1 1 1 1 1 1 1 1 1 1 1 1 1 1 1 1 1 1 1 1 1 1 1 1 1 1 1 1 1 1 1 1 1 1 1 1 1 1 1 1 1 1 1 1 1 1 1 1 1 1 1 1 1 1 1 1 1 1 1 1 1 1 1 1 1 1 1 1 1 1 1 1 1 12 12 12 12 12 12 12 12 12 12 12 12 12 12 12 12 12 12 12 12 12 12 12 12 12 12 12 12 12 12 12 12 12 12 12 12 12 12 12 12 12 12 12 12 12 12 12 12 12 12 12 12 12 12 12 12 12 12 12 12 12 12 12 12 12 12 12 12 12 12 12 12 12 12 12 9 9 9 9 9 9 9 9 9 9 9 9 9 9 10 10 10 10 10 10 10 10 10 10 10 10 10 10 10 10 10 10 10 10 10 10 10 10 10 10 10 10 10 10 10 10 10 10 10 10 10 10 10 10 10 10 10 10 10 10 10 10 10 10 10 10 10 10 10 11 11 11 11 11 11 11 11 11 11 11 11 11 11 1 1 1 1 1 1 1 1 1 1 1 1 1 1 1
ciInstanceKlass java/util/Map$Entry 1 0 155 8 8 8 8 8 8 8 8 8 8 8 1 1 1 1 1 1 1 1 1 1 1 1 1 1 1 1 1 1 1 1 1 1 1 1 1 1 1 1 1 1 1 1 1 1 1 1 1 1 1 1 1 1 1 1 1 1 1 1 1 1 1 1 1 1 1 1 1 1 1 3 3 100 100 100 100 100 100 100 100 100 100 7 7 100 1 1 1 1 1 1 1 1 1 1 1 12 12 12 12 12 12 12 12 12 12 12 12 12 12 12 12 12 12 12 12 12 12 12 10 10 10 10 10 10 10 10 10 10 10 10 10 10 11 11 11 11 11 11 11 11 15 15 15 15 15 16 16 18 18 18 18 1 1
instanceKlass java/util/LinkedHashMap$Entry
ciInstanceKlass java/util/HashMap$Node 1 1 85 8 1 1 1 1 1 1 1 1 1 1 1 1 1 1 1 1 1 1 1 1 1 1 1 1 1 1 1 1 1 1 1 1 1 1 1 1 1 1 1 1 1 7 100 100 7 100 100 7 1 1 1 1 1 1 1 1 1 12 12 12 12 12 12 12 12 12 12 12 12 9 9 9 9 10 10 10 10 10 10 10 11 11 1
ciInstanceKlass java/util/Iterator 1 1 45 8 1 1 1 1 1 1 1 1 1 1 1 1 1 1 1 1 1 1 1 1 1 1 1 100 100 7 7 7 1 1 1 1 12 12 12 12 12 10 10 11 11 11 1
ciInstanceKlass java/lang/Class$3 1 1 56 8 8 1 1 1 1 1 1 1 1 1 1 1 1 1 1 1 1 1 1 1 1 1 1 1 1 1 1 1 1 1 7 7 7 100 7 100 1 1 12 12 12 12 12 12 12 12 9 10 10 10 10 10 10 1
ciInstanceKlass java/lang/Class$ReflectionData 1 1 39 1 1 1 1 1 1 1 1 1 1 1 1 1 1 1 1 1 1 1 1 1 1 1 1 1 1 100 7 7 1 1 1 12 12 9 10 1 1
ciInstanceKlass java/lang/Class$Atomic 1 1 102 8 8 8 8 8 7 1 1 1 1 1 1 1 1 1 1 1 1 1 1 1 1 1 1 1 1 1 1 1 1 1 1 1 1 1 1 1 1 1 1 1 1 1 1 1 1 100 7 100 100 100 100 100 7 1 1 1 1 1 1 1 1 1 1 1 1 1 1 12 12 12 12 12 12 12 12 12 12 12 12 12 12 9 9 9 9 10 10 10 10 10 10 10 10 10 10 10 1 1 1 1
staticfield java/lang/Class$Atomic unsafe Lsun/misc/Unsafe; sun/misc/Unsafe
staticfield java/lang/Class$Atomic reflectionDataOffset J 28
staticfield java/lang/Class$Atomic annotationTypeOffset J 48
staticfield java/lang/Class$Atomic annotationDataOffset J 44
ciInstanceKlass java/lang/reflect/Modifier 1 1 152 3 8 8 8 8 8 8 8 8 8 8 8 8 8 1 1 1 1 1 1 1 1 1 1 1 1 1 1 1 1 1 1 1 1 1 1 1 1 1 1 1 1 1 1 1 1 1 1 1 1 1 1 1 1 1 1 1 1 1 1 1 1 1 1 1 1 1 1 1 1 1 1 1 1 1 1 1 1 1 1 1 1 1 1 1 1 1 1 1 1 1 1 1 1 1 1 1 1 1 1 1 3 3 3 3 3 3 3 3 3 3 3 3 3 3 3 3 3 3 3 3 100 7 7 100 7 7 7 7 1 1 1 12 12 12 12 12 12 12 10 10 10 10 10 10 10 10 10 10 1 1
ciInstanceKlass java/util/Arrays 1 1 800 3 8 8 8 8 8 8 8 8 100 100 100 100 100 100 7 100 100 7 1 1 1 1 1 1 1 1 1 1 1 1 1 1 1 1 1 1 1 1 1 1 1 1 1 1 1 1 1 1 1 1 1 1 1 1 1 1 1 1 1 1 1 1 1 1 1 1 1 1 1 1 1 1 1 1 1 1 1 1 1 1 1 1 1 1 1 1 1 1 1 1 1 1 1 1 1 1 1 1 1 1 1 1 1 1 1 1 1 1 1 1 1 1 1 1 1 1 1 1 1 1 1 1 1 1 1 1 1 1 1 1 1 1 1 1 1 1 1 1 1 1 1 1 1 1 1 1 1 1 1 1 1 1 1 1 1 1 1 1 1 1 1 1 1 1 1 1 1 1 1 1 1 1 1 1 1 1 1 1 1 1 1 1 1 1 1 1 1 1 1 1 1 1 1 1 1 1 1 1 1 1 1 1 1 1 1 1 1 1 1 1 1 1 1 1 1 1 1 1 1 1 1 1 1 1 1 1 1 1 1 1 1 1 1 1 1 1 1 1 1 1 1 1 1 1 1 1 1 1 1 1 1 1 1 1 1 1 1 1 1 1 1 1 1 1 1 1 1 1 1 1 1 1 1 1 3 3 100 100 100 7 7 100 100 100 7 7 7 7 7 100 100 100 7 100 100 100 100 100 7 7 100 100 100 100 100 100 100 100 100 100 100 100 100 100 100 100 100 100 7 7 7 100 100 100 100 100 100 100 7 7 100 100 100 100 100 100 7 1 1 1 1 1 1 1 1 1 1 1 1 1 1 1 1 1 1 1 1 1 1 1 1 1 1 1 1 1 1 1 1 1 1 1 1 1 1 1 1 1 1 1 1 1 1 1 1 1 1 1 1 1 1 1 1 1 1 1 1 1 1 1 1 1 1 1 1 1 1 1 1 1 1 1 1 1 1 1 1 1 1 1 1 1 1 1 1 1 1 1 1 1 1 1 1 1 1 1 1 1 1 1 1 1 1 1 1 1 1 1 1 1 1 1 1 1 1 1 1 1 1 1 1 1 1 1 1 1 1 1 1 12 12 12 12 12 12 12 12 12 12 12 12 12 12 12 12 12 12 12 12 12 12 12 12 12 12 12 12 12 12 12 12 12 12 12 12 12 12 12 12 12 12 12 12 12 12 12 12 12 12 12 12 12 12 12 12 12 12 12 12 12 12 12 12 12 12 12 12 12 12 12 12 12 12 12 12 12 12 12 12 12 12 12 12 12 12 12 12 12 12 12 12 12 12 12 12 12 12 12 12 12 12 12 12 12 12 12 12 12 12 12 12 12 12 12 12 12 12 12 12 12 12 12 12 12 12 12 12 12 12 12 12 12 12 12 12 12 12 12 12 12 12 12 9 9 10 10 10 10 10 10 10 10 10 10 10 10 10 10 10 10 10 10 10 10 10 10 10 10 10 10 10 10 10 10 10 10 10 10 10 10 10 10 10 10 10 10 10 10 10 10 10 10 10 10 10 10 10 10 10 10 10 10 10 10 10 10 10 10 10 10 10 10 10 10 10 10 10 10 10 10 10 10 10 10 10 10 10 10 10 10 10 10 10 10 10 10 10 10 10 10 10 10 10 10 10 10 10 10 10 10 10 10 10 10 10 10 10 10 10 10 10 10 10 10 10 10 10 10 10 10 10 10 10 10 10 10 10 10 10 10 10 10 10 10 10 11 11 11 11 11 11 11 11 11 11 11 11 15 15 15 15 15 16 18 18 18 18 1 1 1 1 1 1 1 1 1 1 1 1 1 1 1 1 1 1 1 1 1
staticfield java/util/Arrays $assertionsDisabled Z 1
instanceKlass java/io/ExpiringCache$1
ciInstanceKlass java/util/LinkedHashMap 1 1 230 1 1 1 1 1 1 1 1 1 1 1 1 1 1 1 1 1 1 1 1 1 1 1 1 1 1 1 1 1 1 1 1 1 1 1 1 1 1 1 1 1 1 1 1 1 1 1 1 1 1 1 1 1 1 1 1 1 1 1 1 1 1 1 1 1 1 1 1 1 1 1 1 1 1 1 1 1 1 1 1 1 1 1 1 1 5 0 100 100 100 100 100 100 7 7 7 7 7 100 7 100 100 7 100 7 100 100 100 100 100 1 1 1 1 1 1 1 1 1 1 1 1 1 1 1 1 1 1 1 1 1 1 1 1 1 1 1 1 1 1 1 1 1 1 1 1 1 1 1 1 1 1 12 12 12 12 12 12 12 12 12 12 12 12 12 12 12 12 12 12 12 12 12 12 12 12 12 12 12 12 12 12 12 9 9 9 9 9 9 9 9 9 9 9 9 9 10 10 10 10 10 10 10 10 10 10 10 10 10 10 10 10 10 10 10 10 10 10 11 11 1 1 1 1 1 1 1 1 1
ciInstanceKlass java/io/ExpiringCache$1 1 1 45 1 1 1 1 1 1 1 1 1 1 1 1 1 1 1 1 1 1 1 1 1 1 7 7 100 7 100 100 1 1 1 1 1 1 12 12 12 12 12 9 10 10 10 1
instanceKlass java/util/HashMap$TreeNode
ciInstanceKlass java/util/LinkedHashMap$Entry 1 1 27 1 1 1 1 1 1 1 1 1 1 1 1 1 1 100 7 100 100 1 1 1 1 1 12 10 1
instanceKlass java/security/InvalidParameterException
instanceKlass org/gradle/internal/exceptions/ConfigurationNotConsumableException
instanceKlass java/lang/NumberFormatException
instanceKlass org/gradle/internal/service/UnknownServiceException
instanceKlass org/gradle/internal/service/UnknownServiceException
ciInstanceKlass java/lang/IllegalArgumentException 1 1 27 1 1 1 1 1 1 1 1 1 1 1 1 5 0 100 7 1 12 12 12 12 10 10 10 10 1
ciInstanceKlass java/lang/reflect/Array 1 1 70 1 1 1 1 1 1 1 1 1 1 1 1 1 1 1 1 1 1 1 1 1 1 1 1 1 1 1 1 1 1 1 1 1 1 100 100 100 100 7 1 1 1 1 1 1 1 1 1 1 1 1 1 1 1 1 1 1 1 1 1 1 1 12 12 12 10 10 10 1
ciInstanceKlass java/util/HashMap$TreeNode 1 1 177 7 1 1 1 1 1 1 1 1 1 1 1 1 1 1 1 1 1 1 1 1 1 1 1 1 1 1 1 1 1 1 1 1 1 1 1 1 1 1 1 1 1 1 1 1 1 1 1 1 1 1 1 1 1 1 1 1 1 1 1 1 1 1 1 1 100 100 7 7 7 7 7 7 100 7 1 1 1 1 1 1 1 1 1 1 1 1 1 1 1 1 1 1 1 1 1 1 1 1 1 1 1 1 1 1 1 1 1 1 12 12 12 12 12 12 12 12 12 12 12 12 12 12 12 12 12 12 12 12 12 12 12 12 12 12 12 12 12 12 12 12 9 9 9 9 9 9 9 9 9 9 10 10 10 10 10 10 10 10 10 10 10 10 10 10 10 10 10 10 10 10 10 10 10 1 1
staticfield java/util/HashMap$TreeNode $assertionsDisabled Z 1
ciInstanceKlass java/lang/Class$MethodArray 1 1 127 8 1 1 1 1 1 1 1 1 1 1 1 1 1 1 1 1 1 1 1 1 1 1 1 1 1 1 1 1 1 1 1 1 1 1 1 1 1 1 1 1 1 1 1 1 1 1 1 1 1 1 1 1 1 7 7 7 100 7 7 7 7 1 1 1 1 1 1 1 1 1 1 1 1 12 12 12 12 12 12 12 12 12 12 12 12 12 12 12 12 12 12 12 12 12 12 12 12 12 9 9 9 10 10 10 10 10 10 10 10 10 10 10 10 10 10 10 10 10 10 10 10 10 10 1 1
instanceKlass java/util/HashMap$KeyIterator
instanceKlass java/util/HashMap$EntryIterator
instanceKlass java/util/HashMap$ValueIterator
ciInstanceKlass java/util/HashMap$HashIterator 1 1 81 1 1 1 1 1 1 1 1 1 1 1 1 1 1 1 1 1 1 1 1 1 1 1 1 1 1 1 1 1 1 1 1 1 1 100 100 7 100 7 7 7 100 1 1 1 1 1 1 1 1 12 12 12 12 12 12 12 12 12 12 12 12 9 9 9 9 9 9 9 9 9 9 10 10 10 10 10 10 1 1
ciInstanceKlass sun/security/util/SecurityConstants 1 1 193 8 8 8 8 8 8 8 8 8 8 8 8 8 8 8 8 8 8 8 8 8 8 1 1 1 1 1 1 1 1 1 1 1 1 1 1 1 1 1 1 1 1 1 1 1 1 1 1 1 1 1 1 1 1 1 1 1 1 1 1 1 1 1 1 1 1 1 1 1 1 1 1 1 1 1 1 1 1 1 1 1 1 1 1 1 1 1 1 1 1 1 1 1 1 1 1 1 1 1 1 1 1 1 1 1 1 1 1 1 1 1 1 8 8 8 8 8 8 8 8 8 8 100 7 7 7 7 7 7 7 100 1 1 1 1 1 12 12 12 12 12 12 12 12 12 12 12 12 12 12 12 12 12 12 12 12 12 12 12 12 12 12 9 9 9 9 9 9 9 9 9 9 9 9 9 9 9 9 9 9 9 9 9 9 10 10 10 10 10 10 10 1
staticfield sun/security/util/SecurityConstants ALL_PERMISSION Ljava/security/AllPermission; java/security/AllPermission
staticfield sun/security/util/SecurityConstants SPECIFY_HANDLER_PERMISSION Ljava/net/NetPermission; java/net/NetPermission
staticfield sun/security/util/SecurityConstants SET_PROXYSELECTOR_PERMISSION Ljava/net/NetPermission; java/net/NetPermission
staticfield sun/security/util/SecurityConstants GET_PROXYSELECTOR_PERMISSION Ljava/net/NetPermission; java/net/NetPermission
staticfield sun/security/util/SecurityConstants SET_COOKIEHANDLER_PERMISSION Ljava/net/NetPermission; java/net/NetPermission
staticfield sun/security/util/SecurityConstants GET_COOKIEHANDLER_PERMISSION Ljava/net/NetPermission; java/net/NetPermission
staticfield sun/security/util/SecurityConstants SET_RESPONSECACHE_PERMISSION Ljava/net/NetPermission; java/net/NetPermission
staticfield sun/security/util/SecurityConstants GET_RESPONSECACHE_PERMISSION Ljava/net/NetPermission; java/net/NetPermission
staticfield sun/security/util/SecurityConstants SET_SOCKETIMPL_PERMISSION Ljava/net/NetPermission; java/net/NetPermission
staticfield sun/security/util/SecurityConstants CREATE_CLASSLOADER_PERMISSION Ljava/lang/RuntimePermission; java/lang/RuntimePermission
staticfield sun/security/util/SecurityConstants CHECK_MEMBER_ACCESS_PERMISSION Ljava/lang/RuntimePermission; java/lang/RuntimePermission
staticfield sun/security/util/SecurityConstants MODIFY_THREAD_PERMISSION Ljava/lang/RuntimePermission; java/lang/RuntimePermission
staticfield sun/security/util/SecurityConstants MODIFY_THREADGROUP_PERMISSION Ljava/lang/RuntimePermission; java/lang/RuntimePermission
staticfield sun/security/util/SecurityConstants GET_PD_PERMISSION Ljava/lang/RuntimePermission; java/lang/RuntimePermission
staticfield sun/security/util/SecurityConstants GET_CLASSLOADER_PERMISSION Ljava/lang/RuntimePermission; java/lang/RuntimePermission
staticfield sun/security/util/SecurityConstants STOP_THREAD_PERMISSION Ljava/lang/RuntimePermission; java/lang/RuntimePermission
staticfield sun/security/util/SecurityConstants GET_STACK_TRACE_PERMISSION Ljava/lang/RuntimePermission; java/lang/RuntimePermission
staticfield sun/security/util/SecurityConstants CREATE_ACC_PERMISSION Ljava/security/SecurityPermission; java/security/SecurityPermission
staticfield sun/security/util/SecurityConstants GET_COMBINER_PERMISSION Ljava/security/SecurityPermission; java/security/SecurityPermission
staticfield sun/security/util/SecurityConstants GET_POLICY_PERMISSION Ljava/security/SecurityPermission; java/security/SecurityPermission
staticfield sun/security/util/SecurityConstants LOCAL_LISTEN_PERMISSION Ljava/net/SocketPermission; java/net/SocketPermission
staticfield sun/security/util/SecurityConstants PROVIDER_VER Ljava/lang/String; "1.8"
instanceKlass java/util/LinkedHashSet
ciInstanceKlass java/util/HashSet 1 1 250 4 4 4 4 8 8 8 100 1 1 1 1 1 1 1 1 1 1 1 1 1 1 1 1 1 1 1 1 1 1 1 1 1 1 1 1 1 1 1 1 1 1 1 1 1 1 1 1 1 1 1 1 1 1 1 1 1 1 1 1 1 1 1 1 1 1 1 1 1 1 1 1 1 1 1 1 1 1 1 1 1 1 1 1 1 1 1 1 1 1 1 1 1 1 1 1 1 1 1 1 1 1 1 1 1 1 1 1 1 5 0 7 100 100 100 100 100 7 100 100 100 100 7 7 100 7 7 7 7 7 100 7 100 100 100 7 100 100 1 1 1 1 1 1 1 1 1 1 1 1 1 1 1 1 1 1 1 1 12 12 12 12 12 12 12 12 12 12 12 12 12 12 12 12 12 12 12 12 12 12 12 12 12 12 12 12 12 12 12 12 12 12 12 12 12 12 12 12 12 9 9 10 10 10 10 10 10 10 10 10 10 10 10 10 10 10 10 10 10 10 10 10 10 10 10 10 10 10 10 10 10 10 10 10 10 10 10 10 10 10 10 11 11 11 11 11 1 1 1
staticfield java/util/HashSet PRESENT Ljava/lang/Object; java/lang/Object
ciInstanceKlass java/util/HashMap$KeyIterator 1 1 40 1 1 1 1 1 1 1 1 1 1 1 1 1 1 1 1 1 1 1 100 7 7 7 100 1 1 1 1 12 12 12 12 9 9 10 10 1 1 1
ciInstanceKlass java/util/NoSuchElementException 0 0 21 1 1 1 1 1 1 1 1 1 1 1 5 0 100 100 12 12 10 10 1
ciInstanceKlass groovy/lang/GroovyObject 1 1 43 1 7 1 100 1 1 1 1 1 1 12 11 1 7 1 12 11 1 1 1 1 1 1 1 1 1 12 11 1 1 1 1 12 11 1 1 1 1 1 1 1 1
ciInstanceKlass groovy/lang/MetaClass 1 0 37 1 100 1 100 1 100 1 1 1 1 1 1 1 1 1 1 1 1 1 1 1 1 1 1 1 1 1 1 1 1 1 1 1 1 1 1
ciInstanceKlass java/util/ConcurrentModificationException 0 0 27 1 1 1 1 1 1 1 1 1 1 1 1 5 0 100 100 1 12 12 12 12 10 10 10 10 1
ciInstanceKlass org/gradle/internal/reflect/MethodSet$MethodKey 1 1 84 10 10 9 10 9 10 7 10 10 10 10 7 10 10 1 1 1 1 1 1 1 1 1 1 1 1 1 1 1 1 1 1 1 1 1 1 1 100 1 1 1 1 1 1 12 12 12 7 12 12 12 100 1 12 7 12 12 7 12 1 7 12 12 1 1 1 1 1 1 1 1 1 1 1 1 1 1 1 1 1 1 1 1
ciInstanceKlass org/codehaus/groovy/reflection/ClassInfo 1 1 508 1 7 1 7 1 100 1 1 100 1 1 7 1 1 7 1 1 7 1 1 7 1 7 1 7 1 1 100 1 7 1 1 1 1 1 1 1 1 1 3 1 1 1 1 1 1 1 1 1 1 1 1 1 1 1 1 1 1 1 1 1 1 1 1 1 1 1 1 1 1 12 10 1 7 10 12 9 12 9 1 7 10 12 9 1 7 1 12 9 12 9 12 9 1 7 1 12 10 12 9 12 9 1 12 10 12 9 10 12 9 1 1 1 1 1 1 1 12 10 1 1 12 10 1 7 1 1 12 10 1 7 1 12 11 1 1 12 9 1 7 1 7 1 1 12 9 1 7 1 1 12 10 1 7 1 1 12 11 1 1 12 11 1 12 11 1 1 12 10 1 1 1 1 1 1 1 12 10 1 7 1 1 10 1 7 1 1 10 1 100 1 1 12 9 1 12 11 1 1 12 11 1 1 1 1 1 12 10 1 1 1 100 11 1 1 12 11 1 1 1 12 9 1 12 10 1 1 1 1 12 9 1 12 10 1 1 12 10 1 1 12 9 1 7 10 1 1 1 12 10 1 1 1 12 10 1 12 10 1 1 12 10 1 1 1 12 10 1 7 1 1 12 10 1 1 12 11 1 12 10 1 1 12 10 1 12 11 1 12 10 12 10 1 1 1 1 1 1 7 1 1 1 12 10 12 10 12 10 1 12 10 1 100 1 1 12 10 12 10 1 1 1 1 12 10 1 12 10 1 1 1 7 12 10 1 7 1 7 10 1 7 1 1 12 10 1 12 10 1 7 1 12 10 1 7 1 12 9 1 7 1 12 10 1 7 9 1 7 10 1 7 1 7 10 1 7 9 1 7 10 1 7 9 1 7 10 1 7 9 1 100 10 1 7 9 1 7 10 1 7 9 1 7 10 1 7 1 7 10 1 7 9 1 100 10 10 1 12 10 1 7 10 1 7 1 7 10 1 12 10 1 7 10 1 1 1 1 1 12 10 1 10 10 12 9 1 100 1 12 10 1 1 1 7 1 1 12 10 1 12 10 1 1 12 10 12 10 1 1 10 10 1 1 1 1 1 1 12 10 1 1 12 9 1 1 12 10 10 10 1 7 1 1 12 10 1 12 10 1 1 1 1 1 1 1 1 1
staticfield org/codehaus/groovy/reflection/ClassInfo softBundle Lorg/codehaus/groovy/util/ReferenceBundle; org/codehaus/groovy/util/ReferenceBundle
staticfield org/codehaus/groovy/reflection/ClassInfo weakBundle Lorg/codehaus/groovy/util/ReferenceBundle; org/codehaus/groovy/util/ReferenceBundle
staticfield org/codehaus/groovy/reflection/ClassInfo modifiedExpandos Lorg/codehaus/groovy/util/ManagedConcurrentLinkedQueue; org/codehaus/groovy/util/ManagedConcurrentLinkedQueue
staticfield org/codehaus/groovy/reflection/ClassInfo globalClassValue Lorg/codehaus/groovy/reflection/GroovyClassValue; org/codehaus/groovy/reflection/v7/GroovyClassValueJava7
staticfield org/codehaus/groovy/reflection/ClassInfo globalClassSet Lorg/codehaus/groovy/reflection/ClassInfo$GlobalClassSet; org/codehaus/groovy/reflection/ClassInfo$GlobalClassSet
instanceKlass org/codehaus/groovy/reflection/CachedConstructor
instanceKlass groovy/lang/MetaMethod
ciInstanceKlass org/codehaus/groovy/reflection/ParameterTypes 1 1 248 1 7 1 7 1 1 1 1 1 1 1 1 1 1 12 10 1 1 1 12 9 1 1 1 100 1 7 1 100 1 1 12 10 1 100 10 1 1 12 10 1 1 1 1 1 1 1 1 12 10 12 9 1 7 1 12 9 100 12 9 1 1 1 12 10 1 1 12 10 100 12 9 1 12 9 1 7 1 1 12 10 1 1 1 12 10 1 1 12 10 1 100 1 12 10 1 1 12 10 1 12 10 1 1 1 1 12 10 1 1 1 1 1 1 1 1 1 1 12 10 1 1 12 10 1 1 1 1 7 12 9 12 10 1 12 10 1 7 1 1 12 10 1 12 9 12 10 1 1 12 10 1 1 12 10 7 1 1 12 10 1 1 12 10 1 7 1 1 12 10 12 10 1 1 12 10 1 100 1 8 10 1 1 1 1 1 1 1 1 1 7 1 1 12 10 1 1 1 1 1 1 1 1 12 10 1 1 12 10 1 12 9 1 1 1 1 12 10 1 1 1 12 10 1 1 1 12 10 1 1 1 1 12 10 1 100 1 12 10 1 1 1 1 1 1 1 1
staticfield org/codehaus/groovy/reflection/ParameterTypes NO_PARAMETERS [Ljava/lang/Class; 0 [Ljava/lang/Class;
instanceKlass org/codehaus/groovy/runtime/metaclass/ClosureMetaMethod$AnonymousMetaMethod
instanceKlass org/codehaus/groovy/runtime/metaclass/ClosureMetaMethod
instanceKlass org/codehaus/groovy/runtime/metaclass/MixinInstanceMetaMethod
instanceKlass org/codehaus/groovy/runtime/metaclass/ClosureStaticMetaMethod
instanceKlass groovy/lang/MetaClassImpl$DummyMetaMethod
instanceKlass org/codehaus/groovy/runtime/metaclass/TransformMetaMethod
instanceKlass groovy/lang/MetaClassImpl$MetaConstructor
instanceKlass org/codehaus/groovy/runtime/metaclass/ReflectionMetaMethod
instanceKlass org/codehaus/groovy/runtime/callsite/CallSiteAwareMetaMethod
instanceKlass org/codehaus/groovy/reflection/CachedMethod
instanceKlass org/codehaus/groovy/reflection/GeneratedMetaMethod
ciInstanceKlass groovy/lang/MetaMethod 1 1 242 1 7 1 7 1 100 1 1 1 1 1 1 1 1 12 10 1 1 1 12 10 1 1 1 1 1 1 1 1 1 1 1 1 1 1 1 12 10 1 100 1 7 10 1 8 1 1 12 10 12 10 1 8 1 1 12 10 1 100 1 1 12 10 1 8 12 10 1 12 10 1 1 1 1 7 1 1 12 10 12 10 12 10 1 7 10 1 1 12 10 1 1 1 7 1 12 10 1 1 1 1 1 1 10 1 8 1 8 1 8 1 12 10 1 8 12 10 1 8 1 1 1 100 12 10 1 100 1 8 1 12 10 1 1 1 1 1 1 1 1 1 1 1 12 10 1 1 1 1 1 1 1 12 10 1 100 1 1 12 10 1 12 9 1 12 10 1 12 10 1 100 10 1 12 10 100 1 8 10 1 1 1 1 1 12 9 1 7 1 12 10 1 8 1 12 10 1 12 10 1 8 1 8 1 1 1 1 1 100 1 8 1 100 1 1 12 10 1 1 1 1 1 1 1 100 1 1 12 10 12 10 12 10 1 12 9 1 1 1 1 1
staticfield groovy/lang/MetaMethod EMPTY_ARRAY [Lgroovy/lang/MetaMethod; 0 [Lgroovy/lang/MetaMethod;
instanceKlass org/codehaus/groovy/runtime/dgm$579
instanceKlass org/codehaus/groovy/runtime/dgm$578
instanceKlass org/codehaus/groovy/runtime/dgm$577
instanceKlass org/codehaus/groovy/runtime/dgm$606
instanceKlass org/codehaus/groovy/runtime/dgm$1240
instanceKlass org/codehaus/groovy/runtime/dgm$1242
instanceKlass org/codehaus/groovy/runtime/dgm$372
instanceKlass org/codehaus/groovy/runtime/dgm$1158
instanceKlass org/codehaus/groovy/runtime/dgm$1221
instanceKlass org/codehaus/groovy/runtime/dgm$33
instanceKlass org/codehaus/groovy/runtime/dgm$1224
instanceKlass org/codehaus/groovy/runtime/dgm$240
instanceKlass org/codehaus/groovy/runtime/dgm$32
instanceKlass org/codehaus/groovy/runtime/dgm$1154
instanceKlass org/codehaus/groovy/runtime/dgm$358
instanceKlass org/codehaus/groovy/runtime/dgm$357
instanceKlass org/codehaus/groovy/runtime/dgm$356
instanceKlass org/codehaus/groovy/runtime/dgm$312
instanceKlass org/codehaus/groovy/runtime/dgm$311
instanceKlass org/codehaus/groovy/runtime/dgm$355
instanceKlass org/codehaus/groovy/runtime/dgm$1208
instanceKlass org/codehaus/groovy/runtime/dgm$1199
instanceKlass org/codehaus/groovy/runtime/dgm$309
instanceKlass org/codehaus/groovy/runtime/dgm$1155
instanceKlass org/codehaus/groovy/reflection/GeneratedMetaMethod$Proxy
ciInstanceKlass org/codehaus/groovy/reflection/GeneratedMetaMethod 1 1 49 1 7 1 7 1 1 100 1 1 100 1 1 1 1 1 1 1 1 1 1 12 10 12 9 12 9 12 9 1 1 12 9 1 1 1 1 1 1 1 1 1 1 1 1 1 1 1 1
ciInstanceKlass org/codehaus/groovy/reflection/GeneratedMetaMethod$Proxy 1 1 146 1 7 1 7 1 1 1 1 1 1 1 1 1 12 10 12 9 1 1 1 1 1 1 1 1 1 1 1 1 12 10 1 7 12 10 1 1 1 12 10 1 1 1 1 1 12 10 12 9 1 1 12 10 1 7 1 100 1 1 12 10 1 7 1 1 12 10 1 7 1 1 12 10 1 7 1 1 12 10 1 7 7 1 1 12 10 1 1 12 10 1 1 12 10 1 12 10 1 1 12 10 1 7 1 1 12 10 1 12 10 1 100 1 100 12 10 1 8 1 1 12 10 1 12 10 1 12 10 1 12 10 1 1 1 1 1 1 1 1 1 1 1 1 1 1
ciInstanceKlass org/codehaus/groovy/reflection/ReflectionCache 1 1 134 1 7 1 7 1 1 100 1 7 1 1 1 1 1 1 1 1 1 12 10 1 1 1 1 1 7 12 10 1 1 1 1 12 9 1 100 1 1 12 10 1 1 12 10 1 1 12 9 1 100 10 1 8 1 100 1 7 1 8 1 1 12 10 1 1 12 10 1 12 10 1 8 1 1 12 10 1 1 1 1 1 1 1 1 1 1 7 1 12 10 1 1 1 1 1 1 12 10 1 1 1 1 1 1 1 1 1 1 7 1 1 12 10 1 12 10 1 10 12 10 12 9 12 9 7 12 9 1 1 1 1 1 1
staticfield org/codehaus/groovy/reflection/ReflectionCache STRING_CLASS Lorg/codehaus/groovy/reflection/CachedClass; org/codehaus/groovy/reflection/stdclasses/StringCachedClass
staticfield org/codehaus/groovy/reflection/ReflectionCache OBJECT_CLASS Lorg/codehaus/groovy/reflection/CachedClass; org/codehaus/groovy/reflection/stdclasses/ObjectCachedClass
staticfield org/codehaus/groovy/reflection/ReflectionCache OBJECT_ARRAY_CLASS Lorg/codehaus/groovy/reflection/CachedClass; org/codehaus/groovy/reflection/stdclasses/ArrayCachedClass
instanceKlass org/codehaus/groovy/reflection/stdclasses/CachedSAMClass
instanceKlass org/codehaus/groovy/reflection/stdclasses/CachedClosureClass
instanceKlass org/codehaus/groovy/reflection/stdclasses/ArrayCachedClass
instanceKlass org/codehaus/groovy/reflection/stdclasses/CharacterCachedClass
instanceKlass org/codehaus/groovy/reflection/stdclasses/BooleanCachedClass
instanceKlass org/codehaus/groovy/reflection/stdclasses/NumberCachedClass
instanceKlass org/codehaus/groovy/reflection/stdclasses/StringCachedClass
instanceKlass org/codehaus/groovy/reflection/stdclasses/ObjectCachedClass
ciInstanceKlass org/codehaus/groovy/reflection/CachedClass 1 1 457 1 7 1 7 1 1 100 1 1 100 1 1 7 1 7 1 7 1 7 1 7 1 7 1 7 1 7 1 1 1 1 1 1 1 1 1 1 1 1 1 1 1 1 1 1 1 1 1 1 1 1 1 1 1 1 1 1 1 1 1 1 1 1 1 1 1 1 12 10 12 9 1 12 10 12 9 10 12 9 10 12 9 10 12 9 10 12 9 10 12 9 10 12 9 10 12 9 12 9 12 9 12 9 1 7 1 12 10 12 9 12 10 12 9 1 1 12 10 12 9 12 10 12 9 1 7 1 1 12 10 12 9 1 1 12 10 1 7 1 1 12 11 1 7 1 7 1 12 11 1 1 12 11 1 7 1 12 10 1 1 12 10 1 1 12 10 1 1 1 1 1 1 7 1 12 10 1 1 1 1 7 1 1 1 7 1 1 1 7 1 1 12 10 1 100 100 1 100 1 1 12 10 1 1 12 10 1 1 12 10 1 1 12 10 1 1 12 10 1 1 1 1 1 1 1 1 1 1 1 1 12 10 1 12 10 12 9 12 10 3 1 1 100 1 12 9 10 1 1 100 1 12 10 1 1 1 7 1 1 12 9 1 7 1 1 12 10 1 12 10 1 1 12 10 1 7 1 1 12 10 1 7 1 1 12 11 1 100 1 12 9 1 1 12 10 1 7 12 9 1 1 12 11 7 1 1 1 1 1 1 1 1 1 1 12 10 1 7 11 1 12 10 1 12 11 1 100 1 12 9 1 12 10 1 1 1 1 1 1 1 1 1 1 1 1 12 10 1 100 1 1 12 10 1 12 10 11 1 12 10 1 12 10 10 10 1 100 1 100 10 1 8 1 1 12 10 1 8 1 12 10 1 12 10 1 12 10 1 1 1 1 12 9 1 1 10 1 100 1 12 10 1 1 12 10 1 12 10 1 12 10 11 1 1 12 10 1 1 12 10 1 100 1 100 1 12 10 1 1 1 1 1 7 1 1 10 1 1 1 1 12 9 1 7 1 1 12 10 1 1 1 1 1 1 1 1
staticfield org/codehaus/groovy/reflection/CachedClass EMPTY_ARRAY [Lorg/codehaus/groovy/reflection/CachedClass; 0 [Lorg/codehaus/groovy/reflection/CachedClass;
ciInstanceKlass org/codehaus/groovy/reflection/stdclasses/ObjectCachedClass 1 1 27 1 100 1 7 1 1 1 1 7 1 12 10 1 1 1 1 1 1 1 1 1 1 1 1 1 1
ciInstanceKlass org/codehaus/groovy/reflection/stdclasses/StringCachedClass 1 1 53 1 7 1 7 1 1 1 1 1 1 12 9 1 12 10 1 1 1 1 1 1 1 7 1 1 1 1 12 9 1 7 1 12 10 1 1 1 1 7 1 7 1 1 12 10 1 1 1 1 1 1 1
staticfield org/codehaus/groovy/reflection/stdclasses/StringCachedClass STRING_CLASS Ljava/lang/Class; java/lang/Class
staticfield org/codehaus/groovy/reflection/stdclasses/StringCachedClass GSTRING_CLASS Ljava/lang/Class; java/lang/Class
ciInstanceKlass org/codehaus/groovy/reflection/stdclasses/CachedSAMClass 1 1 342 1 7 1 7 1 1 7 1 100 1 1 100 1 100 1 1 1 3 1 3 1 1 1 1 1 1 12 10 1 1 12 10 12 9 1 100 1 8 1 12 10 1 7 1 100 1 1 1 1 1 1 1 1 1 7 12 10 1 1 12 10 1 7 1 12 10 1 1 1 1 1 12 10 1 12 10 1 1 1 7 1 12 10 1 12 10 1 7 1 1 12 10 1 100 1 1 12 10 1 100 1 1 12 9 1 1 12 10 1 1 12 10 1 1 12 10 1 100 1 12 10 1 100 1 1 12 10 1 100 1 12 10 1 100 1 1 12 11 1 1 12 10 1 1 1 1 1 1 1 1 12 10 1 1 1 1 100 1 7 1 12 10 1 16 1 12 10 15 16 1 7 1 1 12 10 15 1 1 12 18 1 7 1 1 12 10 7 12 9 1 1 1 1 1 1 1 12 10 1 7 1 1 12 10 1 12 10 12 10 1 1 12 10 1 100 12 10 10 1 12 10 1 7 1 1 12 11 1 1 1 1 1 1 1 7 1 12 10 1 12 10 1 1 12 10 12 10 1 1 1 1 1 1 1 12 11 1 12 11 1 1 12 11 1 12 11 1 1 12 11 1 7 1 12 11 1 12 11 1 7 1 12 10 1 7 1 12 10 1 1 1 100 1 12 10 1 1 1 1 12 10 1 1 12 10 1 7 10 10 16 1 12 10 15 1 16 1 1 12 18 1 1 12 10 12 10 1 1 1 1 1 1 1 1 1 1 1 1 1 1 1
staticfield org/codehaus/groovy/reflection/stdclasses/CachedSAMClass EMPTY_METHOD_ARRAY [Ljava/lang/reflect/Method; 0 [Ljava/lang/reflect/Method;
ciInstanceKlass org/codehaus/groovy/reflection/CachedMethod 1 1 371 1 7 1 7 1 100 1 1 100 1 7 1 1 7 1 100 1 1 100 1 100 1 1 7 1 100 1 1 1 1 1 1 1 1 1 1 1 1 1 1 1 1 1 1 1 1 1 1 1 1 12 10 12 9 12 9 12 9 1 1 1 1 1 7 1 1 12 10 1 7 1 1 12 10 12 10 1 1 1 7 1 1 12 10 12 9 1 7 1 1 12 10 100 1 1 1 1 1 12 10 1 1 12 10 1 1 12 10 1 12 10 1 100 1 1 12 10 1 1 1 1 100 1 100 1 100 1 100 1 12 10 1 7 1 12 10 1 100 1 12 10 12 10 1 100 1 1 12 10 1 100 1 100 1 100 1 12 10 1 1 1 1 1 1 1 1 1 1 1 1 1 10 1 1 1 12 10 1 12 10 1 1 100 10 10 1 1 12 10 12 10 1 12 10 1 1 1 1 1 7 1 12 10 1 1 12 9 1 1 1 1 1 1 12 10 1 1 12 10 1 1 7 1 12 10 1 7 10 1 100 10 10 12 10 1 8 1 12 10 1 1 1 1 1 1 1 1 1 100 1 1 1 12 10 12 9 12 10 3 10 1 1 1 1 7 1 1 12 10 1 7 1 1 1 1 100 12 9 12 9 12 10 1 7 1 1 12 10 1 1 12 10 1 12 10 1 7 1 1 12 10 1 7 1 12 10 1 1 1 1 1 1 1 1 12 9 1 12 10 1 12 10 1 12 9 1 12 10 10 1 1 1 12 10 1 1 1 1 12 10 1 1 1 1 1 7 1 1 12 10 1 1 1 1 12 10 1 12 9 1 12 10 1 1 1 1 1 1 1 1
staticfield org/codehaus/groovy/reflection/CachedMethod EMPTY_ARRAY [Lorg/codehaus/groovy/reflection/CachedMethod; 0 [Lorg/codehaus/groovy/reflection/CachedMethod;
staticfield org/codehaus/groovy/reflection/CachedMethod COMPARATOR Lorg/codehaus/groovy/reflection/CachedMethod$MyComparator; org/codehaus/groovy/reflection/CachedMethod$MyComparator
instanceKlass org/codehaus/groovy/runtime/metaclass/ClosureMetaClass
instanceKlass groovy/lang/ExpandoMetaClass
ciInstanceKlass groovy/lang/MetaClassImpl 1 1 2545 1 7 1 7 1 7 1 7 1 1 7 1 1 7 1 1 7 1 1 7 1 1 7 1 1 100 1 1 100 1 100 1 100 1 100 1 100 1 100 1 100 1 100 1 100 1 7 1 1 7 1 7 1 7 1 1 100 1 7 1 1 100 1 7 1 1 7 1 1 7 1 1 100 1 7 1 7 1 100 1 1 7 1 100 1 100 1 1 7 1 100 1 1 100 1 1 7 1 7 1 1 100 1 7 1 1 100 1 1 100 1 1 100 1 100 1 100 1 1 1 1 1 1 8 1 1 8 1 1 8 1 1 8 1 1 8 1 1 8 1 1 8 1 1 8 1 1 8 1 1 8 1 1 1 1 1 1 1 1 1 1 1 1 1 1 1 1 1 1 1 1 1 1 1 1 1 1 1 1 1 1 1 1 1 1 1 1 1 1 1 1 1 1 1 1 1 1 1 1 1 1 1 1 1 1 1 1 1 1 1 1 1 1 1 1 1 12 10 10 12 9 10 12 9 1 7 10 12 9 1 7 10 12 9 1 7 10 12 9 12 9 1 7 10 12 9 12 9 12 9 12 9 1 7 1 1 12 10 12 9 1 7 1 7 1 1 12 10 12 9 12 9 1 7 1 1 12 10 12 9 1 12 10 12 9 1 7 1 1 12 10 100 1 100 1 1 12 10 12 9 12 9 1 7 1 12 9 1 1 1 1 1 12 10 1 1 7 1 1 12 10 1 12 10 12 9 1 12 10 1 1 1 1 1 1 7 1 1 12 10 1 1 12 10 1 100 1 1 12 10 100 1 1 12 10 1 1 1 1 1 1 1 1 1 12 10 1 1 12 10 1 12 10 1 1 1 1 1 12 10 1 1 12 10 1 1 12 10 1 7 1 1 12 10 1 1 12 10 1 1 1 1 1 1 1 12 10 1 12 10 1 1 1 1 12 10 12 9 1 1 12 10 1 1 12 10 1 1 12 10 1 1 12 10 1 1 12 10 1 12 10 1 12 10 1 12 10 1 12 10 1 1 12 9 1 1 12 10 1 7 1 7 1 1 1 1 1 1 1 10 1 7 1 1 12 11 1 7 1 12 11 1 1 12 11 1 12 10 100 1 1 12 10 1 7 1 12 10 1 1 12 10 1 12 10 1 1 12 11 12 11 1 1 12 10 1 1 12 10 1 7 1 12 10 1 12 10 10 1 1 1 1 1 1 1 1 1 1 1 1 1 11 1 10 1 12 10 1 12 9 1 1 12 10 1 12 10 1 12 9 7 1 12 10 1 12 10 1 12 9 1 12 10 1 12 10 1 1 1 12 10 1 12 9 10 1 1 1 10 1 12 10 1 1 1 1 1 1 12 10 1 12 10 1 100 1 7 10 1 1 12 10 1 12 10 1 1 12 10 1 1 1 1 1 12 11 1 1 12 11 1 7 1 12 11 1 12 11 1 12 10 1 1 1 1 1 12 9 1 7 1 7 1 1 1 12 10 1 12 9 1 12 9 1 12 9 1 1 12 10 10 12 10 1 1 12 10 10 1 1 12 10 1 1 1 1 1 1 1 1 1 1 1 1 1 1 1 12 9 1 1 1 1 1 12 10 1 100 1 12 10 10 1 12 10 1 1 1 1 1 100 10 10 1 12 10 1 1 12 9 1 12 10 1 7 1 1 12 10 1 1 1 1 1 12 10 1 1 1 1 100 1 7 1 12 10 12 10 1 12 10 1 1 12 10 1 7 1 12 10 1 1 12 10 1 12 10 12 9 12 9 1 1 12 10 1 100 1 100 1 1 12 10 12 11 10 10 1 7 1 12 10 1 1 1 1 1 1 1 1 1 1 100 1 12 10 12 11 1 12 10 1 12 10 1 12 10 1 12 10 1 12 10 1 1 12 10 12 9 1 100 1 12 10 1 12 10 1 12 10 1 12 10 1 100 1 7 1 12 10 1 1 1 1 1 1 1 1 1 1 1 7 11 12 9 11 12 9 10 1 1 12 10 1 1 1 7 1 12 10 10 11 1 100 1 8 12 10 1 100 10 1 8 1 1 12 10 1 12 10 1 8 1 12 10 1 12 10 1 100 1 1 12 10 1 8 1 12 10 1 8 1 8 1 100 1 100 1 12 10 1 1 12 10 1 1 12 10 1 1 12 10 1 12 10 1 100 1 1 12 10 1 1 12 11 1 8 1 12 10 1 7 1 12 10 10 1 7 1 1 12 10 1 1 1 1 1 1 1 1 1 1 1 1 1 1 1 12 10 1 100 1 8 1 8 10 12 9 1 12 10 10 12 10 1 7 1 1 12 10 11 1 12 10 1 12 10 1 12 10 1 12 10 11 1 1 12 10 1 1 12 10 1 12 10 1 7 1 12 10 1 12 10 1 1 12 9 12 9 1 7 1 1 12 11 1 12 10 1 1 12 10 1 1 1 1 1 1 1 1 1 1 1 1 1 1 1 1 1 1 1 1 7 1 1 12 10 1 12 10 1 1 12 10 11 1 1 12 10 1 12 10 1 12 10 11 1 7 1 1 12 10 1 7 1 1 12 10 1 100 12 10 1 1 11 1 1 1 12 11 1 1 12 10 1 1 12 10 1 12 10 1 1 1 1 1 1 1 7 11 1 12 9 12 9 12 10 12 9 12 9 1 1 12 10 1 12 10 1 1 1 1 12 9 1 12 10 1 12 10 1 1 1 7 1 1 12 10 1 1 1 1 12 9 1 12 11 12 10 1 12 10 1 1 12 10 1 12 10 12 11 11 1 1 12 10 1 1 1 12 9 10 10 1 100 12 10 1 12 10 1 1 1 1 1 12 10 1 1 1 1 12 10 1 12 10 1 10 1 100 1 8 10 1 8 1 8 10 1 1 12 10 1 12 10 1 16 1 12 10 15 1 7 1 1 12 10 15 1 1 12 18 1 1 12 11 1 7 1 12 11 1 1 1 1 8 1 8 1 1 12 10 1 8 1 7 1 12 9 1 12 10 1 100 1 1 12 10 1 12 10 1 1 12 10 1 100 1 8 1 12 10 1 8 10 1 1 12 10 1 12 10 1 1 12 10 1 1 1 12 10 1 7 10 1 8 1 1 12 10 1 8 1 8 1 1 12 10 1 8 1 8 1 1 1 1 1 12 10 1 1 12 10 1 1 1 12 11 1 12 11 10 1 12 11 1 12 10 1 1 1 1 100 1 100 1 1 12 10 1 1 12 10 8 12 9 10 1 7 1 100 1 1 12 10 1 1 12 10 12 10 12 10 1 1 1 1 1 1 1 1 12 10 1 12 10 1 12 10 10 1 12 10 10 10 10 10 10 1 1 12 10 1 7 1 1 12 10 1 7 1 1 12 10 1 12 10 1 8 1 7 1 1 12 10 1 1 12 10 1 1 12 10 1 12 10 1 12 10 1 1 1 1 1 1 1 16 1 1 12 10 15 16 1 1 12 18 1 1 12 10 1 1 1 12 10 15 1 12 18 1 1 1 12 10 15 18 1 1 1 12 11 1 1 12 10 15 1 16 1 12 18 1 100 1 1 12 11 1 12 11 1 1 12 11 1 100 1 12 10 1 1 1 1 1 1 1 12 10 10 1 12 10 1 1 12 10 11 1 12 11 12 9 1 12 10 1 1 12 10 11 1 1 1 1 1 1 1 1 1 12 10 1 1 1 1 1 12 10 9 1 12 10 1 1 12 10 1 12 10 1 1 1 1 1 1 1 1 1 1 1 1 10 10 10 12 9 10 10 1 1 12 10 1 1 12 10 1 12 10 1 1 12 10 1 12 10 1 100 8 1 12 10 12 10 1 7 10 1 1 12 10 1 1 12 10 1 1 12 10 1 1 1 1 1 10 10 1 1 12 10 1 7 1 1 12 10 10 1 1 1 1 1 10 1 12 10 1 12 10 1 1 12 10 1 1 1 1 1 1 10 1 1 1 1 1 1 1 1 1 12 10 1 100 10 1 1 12 10 1 7 1 1 12 10 1 12 10 12 10 12 10 1 7 1 12 10 1 1 1 1 12 9 1 8 1 12 10 1 8 12 10 1 12 10 1 1 12 10 1 12 9 1 1 1 1 1 1 1 12 9 16 1 12 10 15 16 1 1 12 18 1 7 1 1 12 11 1 1 10 1 12 10 10 1 12 10 10 10 1 100 1 8 10 1 12 10 1 1 7 1 12 10 1 1 12 10 1 1 12 10 1 12 10 10 1 12 10 1 1 1 1 10 1 1 1 1 100 12 10 10 1 12 10 1 12 10 12 10 12 9 1 1 12 10 1 100 1 12 10 1 100 1 1 12 10 1 12 11 1 100 10 12 9 1 100 1 1 12 10 1 8 1 8 8 1 1 1 1 1 1 1 1 1 12 10 1 1 7 12 11 1 8 1 12 10 1 100 10 1 1 12 11 1 1 12 9 1 1 12 10 1 1 12 10 1 1 12 10 1 8 1 100 1 1 12 10 1 100 1 1 12 10 1 12 10 1 100 1 16 1 12 10 15 1 12 18 10 1 1 12 10 1 1 12 10 1 12 10 1 8 1 8 1 1 1 1 1 1 1 1 1 8 1 1 8 10 1 1 12 10 1 1 12 10 1 12 10 1 1 7 1 12 10 12 9 1 12 10 12 9 1 12 10 12 9 12 10 1 12 10 1 12 10 1 12 9 1 100 1 12 9 10 1 1 12 9 1 1 1 1 1 1 12 9 100 1 12 9 1 1 1 1 1 1 12 10 10 1 12 10 1 10 1 12 9 1 12 10 10 1 12 10 1 12 10 12 10 1 1 12 10 10 1 1 12 10 10 1 1 12 10 1 12 10 1 1 1 1 12 10 5 0 10 1 12 10 1 1 12 10 1 1 12 10 1 12 10 1 1 12 10 1 1 1 1 1 1 1 8 10 1 8 1 8 12 10 1 8 1 8 1 1 1 10 1 12 10 1 1 12 10 1 100 12 10 1 12 10 1 100 1 12 10 1 100 1 1 12 10 12 10 1 1 100 1 12 10 16 1 12 10 15 1 1 12 18 1 7 1 1 12 10 1 7 1 12 10 15 18 1 8 1 1 12 10 1 1 12 11 12 10 1 1 12 11 1 100 1 100 1 12 10 1 12 10 1 12 11 1 1 1 1 1 1 1 1 1 1 12 10 11 10 1 1 1 1 12 10 1 1 1 1 7 12 10 1 7 1 1 12 10 1 100 1 12 10 1 1 1 1 7 1 1 12 10 1 100 10 1 1 100 1 12 11 1 12 11 1 12 10 1 7 1 12 10 1 7 10 1 1 1 1 1 12 10 1 12 10 10 1 100 10 1 1 1 1 12 9 1 1 7 12 10 1 12 10 1 1 1 12 10 1 1 12 10 12 11 11 1 1 12 10 11 1 12 10 11 1 1 12 10 12 10 1 12 10 1 1 1 1 1 12 10 1 1 12 10 1 1 12 10 1 12 10 1 12 10 1 1 1 1 1 12 10 10 1 1 1 12 10 1 1 1 1 12 10 12 9 1 12 10 1 1 7 1 1 12 10 1 12 10 1 7 1 100 10 1 1 1 1 12 10 1 10 10 1 100 12 11 1 12 10 1 1 1 1 1 1 1 1 12 10 1 1 1 1 1 1 1 12 9 1 1 12 10 10 15 1 16 1 12 18 1 1 12 11 1 8 1 7 1 12 10 1 7 1 1 12 10 1 7 10 12 10 15 12 18 12 10 15 18 1 1 1 1 1 1 1 1 1 1 1 1
staticfield groovy/lang/MetaClassImpl EMPTY_ARGUMENTS [Ljava/lang/Object; 0 [Ljava/lang/Object;
staticfield groovy/lang/MetaClassImpl METHOD_MISSING_ARGS [Ljava/lang/Class; 2 [Ljava/lang/Class;
staticfield groovy/lang/MetaClassImpl GETTER_MISSING_ARGS [Ljava/lang/Class; 1 [Ljava/lang/Class;
staticfield groovy/lang/MetaClassImpl SETTER_MISSING_ARGS [Ljava/lang/Class; 2 [Ljava/lang/Class;
staticfield groovy/lang/MetaClassImpl AMBIGUOUS_LISTENER_METHOD Lgroovy/lang/MetaMethod; groovy/lang/MetaClassImpl$DummyMetaMethod
staticfield groovy/lang/MetaClassImpl CACHED_CLASS_NAME_COMPARATOR Ljava/util/Comparator; java/util/Comparator$$Lambda$46
staticfield groovy/lang/MetaClassImpl PERMISSIVE_PROPERTY_ACCESS Z 0
staticfield groovy/lang/MetaClassImpl VM_PLUGIN Lorg/codehaus/groovy/vmplugin/VMPlugin; org/codehaus/groovy/vmplugin/v8/Java8
staticfield groovy/lang/MetaClassImpl PROP_NAMES Ljava/util/concurrent/ConcurrentMap; java/util/concurrent/ConcurrentHashMap
staticfield groovy/lang/MetaClassImpl NAME_INDEX_COPIER Lorg/codehaus/groovy/util/SingleKeyHashMap$Copier; groovy/lang/MetaClassImpl$$Lambda$258
staticfield groovy/lang/MetaClassImpl METHOD_INDEX_COPIER Lorg/codehaus/groovy/util/SingleKeyHashMap$Copier; groovy/lang/MetaClassImpl$$Lambda$259
ciInstanceKlass groovy/lang/ExpandoMetaClass 1 1 967 1 7 1 7 1 100 1 1 100 1 1 100 1 1 100 1 1 100 1 1 100 1 1 100 1 1 7 1 1 100 1 100 1 7 1 1 100 1 1 100 1 7 1 1 100 1 100 1 1 1 1 1 1 8 1 1 8 1 1 8 1 1 8 1 1 8 1 1 8 1 1 8 1 1 1 1 8 1 1 1 1 1 1 1 1 1 1 1 1 1 1 1 1 1 1 1 1 1 1 1 1 1 1 1 1 1 1 1 12 9 1 7 1 12 10 1 1 1 1 7 1 1 12 10 1 12 10 1 1 1 1 1 1 12 10 1 12 10 12 9 1 12 10 12 9 1 12 10 12 9 1 7 10 12 9 4 1 12 10 12 9 12 9 12 9 12 9 1 7 10 12 9 1 7 1 1 12 10 1 7 1 1 12 10 12 9 12 9 12 9 1 1 1 12 10 1 1 1 1 1 1 1 100 1 100 1 1 12 11 1 7 1 1 12 11 1 1 12 11 1 100 1 1 12 10 1 7 1 1 12 9 1 100 1 1 12 10 1 12 10 1 7 11 1 100 1 12 11 1 12 10 1 12 10 1 7 1 1 12 10 1 100 1 12 10 1 1 12 10 1 12 9 12 9 10 12 10 1 7 100 1 1 12 10 1 1 1 1 1 1 1 1 1 1 1 1 1 1 1 12 9 1 1 12 10 1 1 1 12 10 1 1 1 1 12 9 1 1 12 9 1 12 9 1 1 1 7 1 1 12 10 1 7 11 12 10 1 1 1 1 1 1 1 1 1 12 10 1 1 12 10 1 1 12 10 1 100 1 12 10 1 12 10 1 1 1 1 1 1 1 12 11 1 1 1 7 1 1 12 10 1 12 10 1 1 1 1 100 1 1 12 10 1 100 1 12 10 1 1 12 10 1 1 7 1 12 11 1 12 10 12 10 1 12 10 12 9 1 12 11 1 100 12 9 1 1 12 10 1 1 12 10 1 1 1 1 7 1 1 12 10 12 9 1 1 12 10 12 10 1 1 1 1 1 1 12 10 1 12 10 1 12 10 1 12 10 1 1 12 11 1 12 10 1 12 11 1 1 100 1 1 12 11 1 12 10 1 7 1 12 10 12 10 1 100 1 12 10 1 1 1 1 1 1 1 12 10 1 1 1 1 1 1 1 1 1 1 1 1 3 1 12 10 1 12 10 1 12 10 1 12 10 1 12 10 1 12 9 1 1 12 11 1 1 1 12 10 16 1 1 12 10 15 1 7 1 1 12 10 15 1 12 18 1 1 12 10 15 1 12 18 1 1 1 1 1 100 10 1 7 11 1 1 12 11 12 10 1 1 1 12 10 1 12 10 1 1 1 1 12 10 1 100 1 12 11 1 12 11 1 1 1 11 1 7 1 1 12 10 1 100 1 1 12 10 1 100 1 1 12 10 1 12 10 11 1 1 12 10 1 12 10 10 1 1 1 1 1 1 1 1 1 1 1 12 10 1 1 12 10 15 1 12 18 1 1 12 10 1 1 1 12 10 1 1 1 1 12 10 12 10 10 1 100 1 1 12 10 1 12 10 12 10 1 12 10 1 100 11 1 1 1 1 7 1 1 12 10 1 7 1 1 12 10 1 1 1 12 10 1 1 1 12 10 12 10 1 1 1 1 1 1 1 12 9 10 12 10 1 1 12 10 12 10 1 12 10 1 8 1 12 10 12 10 1 10 1 12 10 1 1 10 1 1 10 1 1 12 10 1 1 12 10 1 7 1 1 12 10 1 1 8 1 12 10 1 1 12 10 12 10 1 8 1 1 1 1 12 10 1 1 1 1 8 1 1 1 1 1 100 1 12 10 12 10 1 1 1 1 1 1 100 10 12 10 1 1 1 100 10 12 10 1 1 1 12 10 1 1 12 10 1 1 1 12 10 10 1 100 1 12 10 12 10 1 8 1 8 1 8 1 8 1 12 10 12 10 8 1 12 10 1 7 10 1 12 10 1 12 10 1 1 12 10 12 10 12 10 12 10 1 100 12 10 12 10 12 10 1 1 1 12 10 1 100 1 100 10 1 8 1 1 12 10 1 12 10 1 12 10 12 10 1 1 12 9 1 1 12 10 1 1 12 10 1 12 10 1 100 1 12 10 1 12 9 1 1 1 1 1 1 1 1 1 1 1 1 1 1 1 1 1 1 1 1 1
staticfield groovy/lang/ExpandoMetaClass EMPTY_CLASS_ARRAY [Ljava/lang/Class; 0 [Ljava/lang/Class;
ciInstanceKlass org/codehaus/groovy/runtime/metaclass/MetaMethodIndex 1 1 348 1 7 1 7 1 1 100 1 1 7 1 1 100 1 1 7 1 1 100 1 7 1 7 1 7 1 7 1 1 1 1 1 1 1 3 1 3 1 3 1 1 1 1 1 12 10 10 12 9 1 1 12 10 1 7 1 1 12 10 1 1 12 10 1 1 12 10 1 100 1 12 10 1 1 12 9 1 1 12 10 1 1 1 1 1 1 1 1 1 1 1 1 12 9 1 1 12 9 1 100 1 1 12 10 1 1 12 9 1 1 100 1 1 12 9 12 9 1 1 1 1 1 1 1 1 1 1 1 1 12 10 1 1 1 12 10 1 7 10 12 10 1 1 12 9 1 1 12 9 1 7 1 1 12 10 1 1 9 1 12 9 10 1 1 12 10 1 12 9 1 12 9 12 10 1 1 1 1 1 1 1 12 10 1 12 10 1 12 10 1 1 1 12 10 1 12 10 1 1 1 12 10 1 12 9 1 7 12 10 1 1 12 10 100 1 7 1 12 10 12 10 1 1 12 10 1 1 1 1 1 1 1 1 12 9 1 1 12 10 12 10 1 7 1 1 12 10 1 12 10 1 12 10 1 1 12 10 1 1 12 10 1 1 12 10 1 1 12 10 1 1 1 1 1 12 10 1 1 12 10 1 12 10 1 1 12 10 1 1 1 7 1 7 1 7 1 7 1 7 1 1 12 10 1 100 1 1 1 1 1 1 1 1 1 1 1 1 12 10 1 12 10 1 12 10 1 1 1 12 9 1 12 9 1 12 9 1 1 12 10 1 1 1 1 1 1 1
ciInstanceKlass org/codehaus/groovy/runtime/metaclass/MetaMethodIndex$Entry 1 1 65 1 100 1 7 1 1 100 1 1 100 1 1 1 1 1 1 1 1 1 1 1 1 1 1 1 1 1 1 1 1 12 10 1 1 1 1 100 10 1 8 1 1 12 10 12 9 1 8 12 9 1 100 1 12 10 1 8 12 10 1 1 1 1 1
ciInstanceKlass org/codehaus/groovy/runtime/metaclass/MetaMethodIndex$Header 1 1 44 1 7 1 7 1 1 100 1 100 1 1 1 1 1 1 1 1 1 1 1 1 12 10 1 1 1 12 10 12 9 12 9 1 1 12 10 12 9 1 1 1 1 1
ciMethodData java/lang/Class checkInitted ()V 2 12953 orig 264 120 87 253 249 255 127 0 0 240 12 92 126 120 1 0 0 128 1 0 0 0 0 0 0 0 0 0 0 0 0 0 0 0 0 0 0 0 0 0 0 0 0 0 0 0 0 0 0 0 0 0 0 0 0 0 0 0 0 0 0 0 0 0 0 0 0 0 0 0 0 0 0 0 0 0 0 0 0 0 0 77 68 79 32 101 120 116 114 97 32 100 97 116 97 32 108 111 99 107 0 0 0 0 0 0 0 0 0 0 0 0 0 0 0 0 0 0 0 0 0 0 0 0 0 0 0 0 0 0 0 0 0 0 0 0 0 0 0 0 0 0 0 0 0 0 0 0 0 0 0 0 0 0 0 0 0 0 0 0 0 0 0 0 0 0 0 0 0 0 0 0 0 0 0 0 0 0 0 0 0 0 0 0 0 0 0 0 0 0 0 0 0 0 0 0 0 0 0 0 0 0 0 0 0 0 0 0 0 0 0 0 0 0 0 0 0 3 1 0 0 177 140 1 0 1 0 0 0 0 0 0 0 0 0 0 0 2 0 0 0 0 0 5 0 2 0 0 0 64 0 0 0 254 255 255 255 7 0 3 0 0 0 0 0 data 8 0x30007 0x0 0x20 0x3196 0xb0002 0x0 0xe0002 0x0 oops 0
ciMethodData java/lang/Class checkMemberAccess (ILjava/lang/Class;Z)V 2 5380 orig 264 120 87 253 249 255 127 0 0 184 238 91 126 120 1 0 0 80 2 0 0 176 0 0 0 0 0 0 0 0 0 0 0 0 0 0 0 0 0 0 0 0 0 0 0 0 0 0 0 0 0 0 0 0 0 0 0 0 0 0 0 0 0 0 0 0 0 0 0 0 0 0 0 0 0 0 0 0 0 0 0 77 68 79 32 101 120 116 114 97 32 100 97 116 97 32 108 111 99 107 0 0 0 0 0 0 0 0 0 0 0 0 0 0 0 0 0 0 0 0 0 0 0 0 0 0 0 0 0 0 0 0 0 0 0 0 0 0 0 0 0 0 0 0 0 0 0 0 0 0 0 0 0 0 0 0 0 0 0 0 0 0 0 0 0 0 0 0 0 0 0 0 0 0 0 0 0 0 0 0 0 0 0 0 0 0 0 0 0 0 0 0 0 0 0 0 0 0 0 0 0 0 0 0 0 0 0 0 0 0 0 0 0 0 0 0 0 1 1 0 0 25 160 0 0 1 0 0 0 0 0 0 0 0 0 0 0 2 0 0 0 0 0 14 0 2 0 0 0 240 0 0 0 254 255 255 255 2 0 0 0 0 0 0 0 data 30 0x2 0x1403 0x70007 0x1403 0xe0 0x0 0xb0002 0x0 0x110005 0x0 0x0 0x0 0x0 0x0 0x170007 0x0 0x70 0x0 0x1e0007 0x0 0x50 0x0 0x260005 0x0 0x0 0x0 0x0 0x0 0x2d0002 0x0 oops 0
ciMethodData java/lang/Class arrayContentsEq ([Ljava/lang/Object;[Ljava/lang/Object;)Z 2 5382 orig 264 120 87 253 249 255 127 0 0 208 3 92 126 120 1 0 0 152 2 0 0 208 0 0 0 0 0 0 0 0 0 0 0 0 0 0 0 0 0 0 0 0 0 0 0 0 0 0 0 0 0 0 0 0 0 0 0 0 0 0 0 0 0 0 0 0 0 0 0 0 0 0 0 0 0 0 0 0 0 0 0 77 68 79 32 101 120 116 114 97 32 100 97 116 97 32 108 111 99 107 0 0 0 0 0 0 0 0 0 0 0 0 0 0 0 0 0 0 0 0 0 0 0 0 0 0 0 0 0 0 0 0 0 0 0 0 0 0 0 0 0 0 0 0 0 0 0 0 0 0 0 0 0 0 0 0 0 0 0 0 0 0 0 0 0 0 0 0 0 0 0 0 0 0 0 0 0 0 0 0 0 0 0 0 0 1 0 0 0 0 0 0 0 0 0 0 0 0 0 0 0 3 0 0 0 0 0 0 0 0 0 0 0 0 0 0 0 2 1 0 0 33 160 0 0 25 95 0 0 0 0 0 0 0 0 0 0 2 0 0 0 1 0 23 0 2 0 0 0 72 1 0 0 254 255 255 255 7 0 1 0 0 0 0 0 data 41 0x10007 0x1404 0x78 0x0 0x50007 0x0 0x40 0x0 0xa0007 0x0 0x38 0x0 0xe0003 0x0 0x18 0x140007 0x1404 0x58 0x0 0x190007 0x0 0x38 0x0 0x1d0003 0x0 0x18 0x260007 0x112e 0x20 0x2d6 0x300007 0xf4b 0x58 0xdc6 0x390007 0xbe3 0x20 0x1e3 0x410003 0xbe3 0xffffffffffffffc0 oops 0
ciMethodData java/lang/Class privateGetDeclaredMethods (Z)[Ljava/lang/reflect/Method; 2 5667 orig 264 120 87 253 249 255 127 0 0 136 251 91 126 120 1 0 0 96 2 0 0 120 0 0 0 0 0 0 0 0 0 0 0 0 0 0 0 0 0 0 0 0 0 0 0 0 0 0 0 0 0 0 0 0 0 0 0 0 0 0 0 0 0 0 0 0 0 0 0 0 0 0 0 0 0 0 0 0 0 0 0 77 68 79 32 101 120 116 114 97 32 100 97 116 97 32 108 111 99 107 0 0 0 0 0 0 0 0 0 0 0 0 0 0 0 0 0 0 0 0 0 0 0 0 0 0 0 0 0 0 0 0 0 0 0 0 0 0 0 0 0 0 0 0 0 0 0 0 0 0 0 0 0 0 0 0 0 0 0 0 0 0 0 0 0 0 0 0 0 0 0 0 0 0 0 0 0 0 0 0 0 0 0 0 0 0 0 0 0 0 0 0 0 0 0 0 0 0 0 0 0 0 0 0 0 0 0 0 0 0 0 0 0 0 0 0 0 0 1 0 0 25 169 0 0 1 0 0 0 0 0 0 0 0 0 0 0 2 0 0 0 0 0 22 0 2 0 0 0 16 1 0 0 254 255 255 255 2 0 0 0 0 0 0 0 data 34 0x2 0x1523 0x40002 0x1523 0x90007 0x0 0x78 0x1523 0xd0007 0x562 0x38 0xfc1 0x140003 0xfc1 0x18 0x1d0007 0x346 0x20 0x11dd 0x250002 0x346 0x280002 0x346 0x2d0007 0x0 0x58 0x346 0x310007 0x1e2 0x38 0x164 0x390003 0x164 0x18 oops 0
ciMethodData sun/reflect/Reflection filterMethods (Ljava/lang/Class;[Ljava/lang/reflect/Method;)[Ljava/lang/reflect/Method; 1 966 orig 264 120 87 253 249 255 127 0 0 240 122 105 126 120 1 0 0 64 2 0 0 0 0 0 0 0 0 0 0 0 0 0 0 0 0 0 0 0 0 0 0 0 0 0 0 0 0 0 0 0 0 0 0 0 0 0 0 0 0 0 0 0 0 0 0 0 0 0 0 0 0 0 0 0 0 0 0 0 0 0 0 77 68 79 32 101 120 116 114 97 32 100 97 116 97 32 108 111 99 107 0 0 0 0 0 0 0 0 0 0 0 0 0 0 0 0 0 0 0 0 0 0 0 0 0 0 0 0 0 0 0 0 0 0 0 0 0 0 0 0 0 0 0 0 0 0 0 0 0 0 0 0 0 0 0 0 0 0 0 0 0 0 0 0 0 0 0 0 0 0 0 0 0 0 0 0 0 0 0 0 0 0 0 0 0 0 0 0 0 0 0 0 0 0 0 0 0 0 0 0 0 0 0 0 0 0 0 0 0 0 0 0 0 0 0 0 0 128 0 0 0 49 26 0 0 1 0 0 0 0 0 0 0 0 0 0 0 2 0 0 0 0 0 0 0 0 0 0 0 240 0 0 0 254 255 255 255 7 0 3 0 0 0 0 0 data 30 0x30007 0x346 0x20 0x0 0xd0005 0x0 0x1780d41a620 0x346 0x0 0x0 0x120104 0x0 0x0 0x0 0x0 0x0 0x150002 0x0 0x180004 0x0 0x1780e7c7540 0x346 0x0 0x0 0x1b0004 0x0 0x0 0x0 0x0 0x0 oops 2 6 java/util/HashMap 20 [Ljava/lang/reflect/Method;
ciMethodData sun/reflect/Reflection filter ([Ljava/lang/reflect/Member;[Ljava/lang/String;)[Ljava/lang/reflect/Member; 2 1686 orig 264 120 87 253 249 255 127 0 0 128 124 105 126 120 1 0 0 80 4 0 0 168 1 0 0 0 0 0 0 0 0 0 0 0 0 0 0 0 0 0 0 0 0 0 0 0 0 0 0 0 0 0 0 0 0 0 0 0 0 0 0 0 0 0 0 0 0 0 0 0 0 0 0 0 0 0 0 0 0 0 0 77 68 79 32 101 120 116 114 97 32 100 97 116 97 32 108 111 99 107 0 0 0 0 0 0 0 0 0 0 0 0 0 0 0 0 0 0 0 0 0 0 0 0 0 0 0 0 0 0 0 0 0 0 0 0 0 0 0 0 0 0 0 0 0 0 0 0 0 0 0 0 0 0 0 0 0 0 0 0 0 0 0 0 0 0 0 0 0 0 0 0 0 0 0 0 0 0 0 0 0 0 0 0 0 0 0 0 0 0 0 0 0 0 0 0 0 0 0 0 0 0 0 0 0 0 0 0 0 0 0 0 0 0 0 0 0 167 0 0 0 121 47 0 0 145 2 0 0 0 0 0 0 0 0 0 0 2 0 0 0 4 0 32 0 2 0 0 0 0 3 0 0 254 255 255 255 7 0 1 0 0 0 0 0 data 96 0x10007 0x5ee 0x40 0x1 0x60007 0x1 0x20 0x0 0x1a0007 0x1 0xf8 0x15 0x350007 0x14 0xa0 0x15 0x410005 0x0 0x1786c2c11a0 0x15 0x0 0x0 0x480007 0x14 0x38 0x1 0x4e0003 0x1 0x30 0x540003 0x14 0xffffffffffffff78 0x590007 0x1 0x20 0x14 0x620003 0x15 0xffffffffffffff20 0x680005 0x0 0x1786c2c11a0 0x1 0x0 0x0 0x6c0002 0x1 0x6f0004 0x0 0x178100d4a40 0x1 0x0 0x0 0x720004 0x0 0x0 0x0 0x0 0x0 0x880007 0x1 0x128 0x15 0xa40007 0x14 0xa0 0x15 0xb00005 0x0 0x1786c2c11a0 0x15 0x0 0x0 0xb70007 0x14 0x38 0x1 0xbd0003 0x1 0x30 0xc30003 0x14 0xffffffffffffff78 0xc80007 0x1 0x50 0x14 0xd30004 0x0 0x1786c2c11a0 0x14 0x0 0x0 0xd70003 0x15 0xfffffffffffffef0 oops 5 18 java/lang/reflect/Field 41 java/lang/reflect/Field 49 [Ljava/lang/reflect/Field; 69 java/lang/reflect/Field 89 java/lang/reflect/Field
ciMethodData java/lang/reflect/Modifier isAbstract (I)Z 2 27661 orig 264 120 87 253 249 255 127 0 0 200 106 108 126 120 1 0 0 88 1 0 0 0 0 0 0 0 0 0 0 0 0 0 0 0 0 0 0 0 0 0 0 0 0 0 0 0 0 0 0 0 0 0 0 0 0 0 0 0 0 0 0 0 0 0 0 0 0 0 0 0 0 0 0 0 0 0 0 0 0 0 0 77 68 79 32 101 120 116 114 97 32 100 97 116 97 32 108 111 99 107 0 0 0 0 0 0 0 0 0 0 0 0 0 0 0 0 0 0 0 0 0 0 0 0 0 0 0 0 0 0 0 0 0 0 0 0 0 0 0 0 0 0 0 0 0 0 0 0 0 0 0 0 0 0 0 0 0 0 0 0 0 0 0 0 0 0 0 0 0 0 0 0 0 0 0 0 0 0 0 0 0 0 0 0 0 0 0 0 0 0 0 0 0 0 0 0 0 0 0 0 0 0 0 0 0 0 0 0 0 0 0 0 0 0 0 0 0 140 1 0 0 9 84 3 0 1 0 0 0 0 0 0 0 0 0 0 0 2 0 0 0 0 0 6 0 2 0 0 0 56 0 0 0 254 255 255 255 7 0 5 0 0 0 0 0 data 7 0x50007 0x51d8 0x38 0x18a9 0x90003 0x18a9 0x18 oops 0
ciMethodData java/lang/reflect/Method isDefault ()Z 2 26362 orig 264 120 87 253 249 255 127 0 0 248 43 95 126 120 1 0 0 48 2 0 0 0 0 0 0 0 0 0 0 0 0 0 0 0 0 0 0 0 0 0 0 0 0 0 0 0 0 0 0 0 0 0 0 0 0 0 0 0 0 0 0 0 0 0 0 0 0 0 0 0 0 0 0 0 0 0 0 0 0 0 0 77 68 79 32 101 120 116 114 97 32 100 97 116 97 32 108 111 99 107 0 0 0 0 0 0 0 0 0 0 0 0 0 0 0 0 0 0 0 0 0 0 0 0 0 0 0 0 0 0 0 0 0 0 0 0 0 0 0 0 0 0 0 0 0 0 0 0 0 0 0 0 0 0 0 0 0 0 0 0 0 0 0 0 0 0 0 0 0 0 0 0 0 0 0 0 0 0 0 0 0 0 0 0 0 0 0 0 0 0 0 0 0 0 0 0 0 0 0 0 0 0 0 0 0 0 0 0 0 0 0 0 0 0 0 0 0 5 1 0 0 169 47 3 0 1 0 0 0 0 0 0 0 0 0 0 0 2 0 0 0 0 0 9 0 2 0 0 0 232 0 0 0 254 255 255 255 5 0 1 0 0 0 0 0 data 29 0x10005 0x0 0x1786c2c12c0 0x65f5 0x0 0x0 0x90007 0x25d8 0xb8 0x401d 0xd0005 0x0 0x1786c2c12c0 0x401d 0x0 0x0 0x100005 0x0 0x1786c2bfc90 0x401d 0x0 0x0 0x130007 0x393f 0x38 0x6de 0x170003 0x6de 0x18 oops 3 2 java/lang/reflect/Method 12 java/lang/reflect/Method 18 java/lang/Class
ciMethodData java/lang/Class copyMethods ([Ljava/lang/reflect/Method;)[Ljava/lang/reflect/Method; 2 63905 orig 264 120 87 253 249 255 127 0 0 64 5 92 126 120 1 0 0 240 1 0 0 144 0 0 0 0 0 0 0 0 0 0 0 0 0 0 0 0 0 0 0 0 0 0 0 0 0 0 0 0 0 0 0 0 0 0 0 0 0 0 0 0 0 0 0 0 0 0 0 0 0 0 0 0 0 0 0 0 0 0 0 77 68 79 32 101 120 116 114 97 32 100 97 116 97 32 108 111 99 107 0 0 0 0 0 0 0 0 0 0 0 0 0 0 0 0 0 0 0 0 0 0 0 0 0 0 0 0 0 0 0 0 0 0 0 0 0 0 0 0 0 0 0 0 0 0 0 0 0 0 0 0 0 0 0 0 0 0 0 0 0 0 0 0 0 0 0 0 0 0 0 0 0 0 0 0 0 0 0 0 0 0 0 0 0 0 0 0 0 0 0 0 0 0 0 0 0 0 0 0 0 0 0 0 0 0 0 0 0 0 0 0 0 0 0 0 0 0 8 0 0 113 41 0 0 9 141 7 0 0 0 0 0 0 0 0 0 2 0 0 0 1 0 18 0 2 0 0 0 168 0 0 0 254 255 255 255 2 0 6 0 0 0 0 0 data 21 0x60002 0x52e 0xf0007 0x52e 0x98 0xf1a0 0x180005 0x0 0x1780c697a20 0xf1a0 0x0 0x0 0x1b0004 0x0 0x1786c2c12c0 0xf1a0 0x0 0x0 0x1f0003 0xf1a0 0xffffffffffffff80 oops 2 8 sun/reflect/ReflectionFactory 14 java/lang/reflect/Method
ciMethod org/codehaus/groovy/reflection/ClassInfo getStrongMetaClass ()Lgroovy/lang/MetaClass; 1137 1 142 0 -1
ciMethodData java/lang/Class$MethodArray add (Ljava/lang/reflect/Method;)V 2 9568 orig 264 120 87 253 249 255 127 0 0 128 153 130 126 120 1 0 0 80 2 0 0 48 0 0 0 0 0 0 0 0 0 0 0 0 0 0 0 0 0 0 0 0 0 0 0 0 0 0 0 0 0 0 0 0 0 0 0 0 0 0 0 0 0 0 0 0 0 0 0 0 0 0 0 0 0 0 0 0 0 0 0 77 68 79 32 101 120 116 114 97 32 100 97 116 97 32 108 111 99 107 0 0 0 0 0 0 0 0 0 0 0 0 0 0 0 0 0 0 0 0 0 0 0 0 0 0 0 0 0 0 0 0 0 0 0 0 0 0 0 0 0 0 0 0 0 0 0 0 0 0 0 0 0 0 0 0 0 0 0 0 0 0 0 0 0 0 0 0 0 0 0 0 0 0 0 0 0 0 0 0 0 0 0 0 0 0 0 0 0 0 0 0 0 0 0 0 0 0 0 0 0 0 0 0 0 0 0 0 0 0 0 0 0 0 0 0 0 62 1 0 0 17 33 1 0 1 0 0 0 0 0 0 0 0 0 0 0 2 0 0 0 0 0 18 0 2 0 0 0 0 1 0 0 254 255 255 255 7 0 9 0 0 0 0 0 data 32 0x90007 0x234a 0x60 0xd8 0x180002 0xd8 0x1b0004 0x0 0x1780e7c7540 0xd8 0x0 0x0 0x310104 0x0 0x1786c2c12c0 0x22ee 0x0 0x0 0x330007 0x134 0x70 0x22ee 0x370005 0xfd 0x1786c2c12c0 0x21f1 0x0 0x0 0x3a0007 0x2029 0x20 0x2c5 oops 3 8 [Ljava/lang/reflect/Method; 14 java/lang/reflect/Method 24 java/lang/reflect/Method
ciMethodData java/lang/Class$MethodArray removeLessSpecifics ()V 2 40838 orig 264 120 87 253 249 255 127 0 0 48 163 130 126 120 1 0 0 232 3 0 0 160 0 0 0 0 0 0 0 0 0 0 0 0 0 0 0 0 0 0 0 0 0 0 0 0 0 0 0 0 0 0 0 0 0 0 0 0 0 0 0 0 0 0 0 0 0 0 0 0 0 0 0 0 0 0 0 0 0 0 0 77 68 79 32 101 120 116 114 97 32 100 97 116 97 32 108 111 99 107 0 0 0 0 0 0 0 0 0 0 0 0 0 0 0 0 0 0 0 0 0 0 0 0 0 0 0 0 0 0 0 0 0 0 0 0 0 0 0 0 0 0 0 0 0 1 0 0 0 0 0 0 0 0 0 0 0 0 0 0 0 0 0 0 0 0 0 0 0 0 0 0 0 0 0 0 0 0 0 0 1 0 0 0 0 0 0 0 0 0 0 0 0 0 0 0 0 0 0 0 0 0 0 0 0 0 0 0 0 0 0 0 0 0 0 0 0 90 0 0 0 209 45 0 0 65 250 4 0 17 5 0 0 127 102 0 0 2 0 0 0 2 0 43 0 2 0 0 0 160 2 0 0 254 255 255 255 5 0 1 0 0 0 0 0 data 84 0x10005 0x0 0x1780e5b71f0 0x5ba 0x0 0x0 0x40007 0x4f 0x20 0x56b 0xf0007 0x50 0x250 0x10ec 0x140005 0x0 0x1780e5b71f0 0x10ec 0x0 0x0 0x19e007 0x28 0x1e8 0x10c5 0x1d0005 0x2d2 0x1786c2c12c0 0xdf3 0x0 0x0 0x200007 0x207 0x38 0xebe 0x230003 0xebe 0x178 0x2d0007 0x207 0x160 0x8e5b 0x320007 0x8c54 0x38 0x207 0x350003 0x207 0x108 0x3a0005 0x0 0x1780e5b71f0 0x8c54 0x0 0x0 0x410007 0x8a96 0x38 0x1be 0x440003 0x1be 0xa0 0x4b0002 0x8a96 0x4e0007 0x25 0x38 0x8a71 0x510003 0x8a71 0x58 0x570002 0x25 0x5a0007 0x5 0x30 0x20 0x5f0002 0x20 0x650003 0x8e5b 0xfffffffffffffeb8 0x6b0003 0x10ed 0xfffffffffffffdc8 oops 4 2 java/lang/Class$MethodArray 16 java/lang/Class$MethodArray 26 java/lang/reflect/Method 50 java/lang/Class$MethodArray
ciMethodData java/lang/Class$MethodArray get (I)Ljava/lang/reflect/Method; 2 50853 orig 264 120 87 253 249 255 127 0 0 72 158 130 126 120 1 0 0 40 1 0 0 0 0 0 0 0 0 0 0 0 0 0 0 0 0 0 0 0 0 0 0 0 0 0 0 0 0 0 0 0 0 0 0 0 0 0 0 0 0 0 0 0 0 0 0 0 0 0 0 0 0 0 0 0 0 0 0 0 0 0 0 77 68 79 32 101 120 116 114 97 32 100 97 116 97 32 108 111 99 107 0 0 0 0 0 0 0 0 0 0 0 0 0 0 0 0 0 0 0 0 0 0 0 0 0 0 0 0 0 0 0 0 0 0 0 0 0 0 0 0 0 0 0 0 0 0 0 0 0 0 0 0 0 0 0 0 0 0 0 0 0 0 0 0 0 0 0 0 0 0 0 0 0 0 0 0 0 0 0 0 0 0 0 0 0 0 0 0 0 0 0 0 0 0 0 0 0 0 0 0 0 0 0 0 0 0 0 0 0 0 0 0 0 0 0 0 0 124 1 0 0 73 41 6 0 1 0 0 0 0 0 0 0 0 0 0 0 2 0 0 0 0 0 3 0 1 0 0 0 0 0 0 0 254 255 255 255 0 0 0 0 0 0 0 0 data 0 oops 0
ciMethodData java/lang/Class$MethodArray matchesNameAndDescriptor (Ljava/lang/reflect/Method;Ljava/lang/reflect/Method;)Z 2 9247 orig 264 120 87 253 249 255 127 0 0 56 161 130 126 120 1 0 0 0 3 0 0 0 0 0 0 0 0 0 0 0 0 0 0 0 0 0 0 0 0 0 0 0 0 0 0 0 0 0 0 0 0 0 0 0 0 0 0 0 0 0 0 0 0 0 0 0 0 0 0 0 0 0 0 0 0 0 0 0 0 0 0 77 68 79 32 101 120 116 114 97 32 100 97 116 97 32 108 111 99 107 0 0 0 0 0 0 0 0 0 0 0 0 0 0 0 0 0 0 0 0 0 0 0 0 0 0 0 0 0 0 0 0 0 0 0 0 0 0 0 0 0 0 0 0 0 0 0 0 0 0 0 0 0 0 0 0 0 0 0 0 0 0 0 0 0 0 0 0 0 0 0 0 0 0 0 0 0 0 0 0 0 0 0 0 0 0 0 0 0 0 0 0 0 0 0 0 0 0 0 0 0 0 0 0 0 0 0 0 0 0 0 0 0 0 0 0 0 8 1 0 0 185 24 1 0 1 0 0 0 0 0 0 0 0 0 0 0 2 0 0 0 0 0 11 0 2 0 0 0 168 1 0 0 254 255 255 255 5 0 1 0 0 0 0 0 data 53 0x10005 0x444 0x1786c2c12c0 0x1ed3 0x0 0x0 0x50005 0x444 0x1786c2c12c0 0x1ed3 0x0 0x0 0x80007 0x1da8 0x148 0x56f 0xc0005 0xfd 0x1786c2c12c0 0x472 0x0 0x0 0x100005 0xfd 0x1786c2c12c0 0x472 0x0 0x0 0x130007 0x4c7 0xc8 0xa8 0x170005 0x22 0x1786c2c12c0 0x86 0x0 0x0 0x1b0005 0x22 0x1786c2c12c0 0x86 0x0 0x0 0x1e0002 0xa8 0x210007 0x48 0x38 0x60 0x250003 0x60 0x18 oops 6 2 java/lang/reflect/Method 8 java/lang/reflect/Method 18 java/lang/reflect/Method 24 java/lang/reflect/Method 34 java/lang/reflect/Method 40 java/lang/reflect/Method
ciMethodData java/lang/Class access$300 ([Ljava/lang/Object;[Ljava/lang/Object;)Z 1 170 orig 264 120 87 253 249 255 127 0 0 64 29 92 126 120 1 0 0 96 1 0 0 0 0 0 0 0 0 0 0 0 0 0 0 0 0 0 0 0 0 0 0 0 0 0 0 0 0 0 0 0 0 0 0 0 0 0 0 0 0 0 0 0 0 0 0 0 0 0 0 0 0 0 0 0 0 0 0 0 0 0 0 77 68 79 32 101 120 116 114 97 32 100 97 116 97 32 108 111 99 107 0 0 0 0 0 0 0 0 0 0 0 0 0 0 0 0 0 0 0 0 0 0 0 0 0 0 0 0 0 0 0 0 0 0 0 0 0 0 0 0 0 0 0 0 0 0 0 0 0 0 0 0 0 0 0 0 0 0 0 0 0 0 0 0 0 0 0 0 0 0 0 0 0 0 0 0 0 0 0 0 0 0 0 0 0 0 0 0 0 0 0 0 0 0 0 0 0 0 0 0 0 0 0 0 0 0 0 0 0 0 0 0 0 0 0 0 0 19 0 0 0 185 4 0 0 1 0 0 0 0 0 0 0 0 0 0 0 2 0 0 0 0 0 0 0 0 0 0 0 16 0 0 0 254 255 255 255 2 0 2 0 0 0 0 0 data 2 0x20002 0x11 oops 0
ciMethodData java/lang/reflect/Method equals (Ljava/lang/Object;)Z 2 26128 orig 264 120 87 253 249 255 127 0 0 8 37 95 126 120 1 0 0 160 3 0 0 0 2 0 0 0 0 0 0 0 0 0 0 0 0 0 0 0 0 0 0 0 0 0 0 0 0 0 0 0 0 0 0 0 0 0 0 0 0 0 0 0 0 0 0 0 0 0 0 0 0 0 0 0 0 0 0 0 0 0 0 77 68 79 32 101 120 116 114 97 32 100 97 116 97 32 108 111 99 107 0 0 0 0 0 0 0 0 0 0 0 0 0 0 0 0 0 0 0 0 0 0 0 0 0 0 0 0 0 0 0 0 0 0 0 0 0 0 0 0 0 0 0 0 0 0 0 0 0 0 0 0 0 0 0 0 0 0 0 0 0 0 0 0 0 0 0 0 0 0 0 0 0 0 0 0 0 0 0 0 0 0 0 0 0 0 0 0 0 0 0 0 0 0 0 0 0 0 0 0 0 0 0 0 0 0 0 0 0 0 0 0 0 0 0 0 0 238 1 0 0 17 33 3 0 1 0 0 0 0 0 0 0 0 0 0 0 2 0 0 0 0 0 18 0 2 0 0 0 80 2 0 0 254 255 255 255 7 0 1 0 0 0 0 0 data 74 0x10007 0x0 0x250 0x6422 0x50004 0x0 0x1786c2c12c0 0x6422 0x0 0x0 0x80007 0x0 0x200 0x6422 0xc0004 0x0 0x1786c2c12c0 0x6422 0x0 0x0 0x110005 0x1ad 0x1786c2c12c0 0x6275 0x0 0x0 0x150005 0x1ad 0x1786c2c12c0 0x6275 0x0 0x0 0x180007 0x1628 0x150 0x4dfa 0x1c0005 0xe7 0x1786c2c12c0 0x4d13 0x0 0x0 0x200005 0xe7 0x1786c2c12c0 0x4d13 0x0 0x0 0x230007 0x4d1f 0xd0 0xdb 0x2b0005 0x2 0x1786c2c12c0 0xd9 0x0 0x0 0x2e0005 0x0 0x1786c2bfc90 0xdb 0x0 0x0 0x310007 0xd7 0x20 0x4 0x3f0005 0x0 0x1786c2c12c0 0xd7 0x0 0x0 oops 9 6 java/lang/reflect/Method 16 java/lang/reflect/Method 22 java/lang/reflect/Method 28 java/lang/reflect/Method 38 java/lang/reflect/Method 44 java/lang/reflect/Method 54 java/lang/reflect/Method 60 java/lang/Class 70 java/lang/reflect/Method
ciMethodData java/lang/reflect/Executable equalParamTypes ([Ljava/lang/Class;[Ljava/lang/Class;)Z 1 403 orig 264 120 87 253 249 255 127 0 0 96 69 95 126 120 1 0 0 208 1 0 0 0 0 0 0 0 0 0 0 0 0 0 0 0 0 0 0 0 0 0 0 0 0 0 0 0 0 0 0 0 0 0 0 0 0 0 0 0 0 0 0 0 0 0 0 0 0 0 0 0 0 0 0 0 0 0 0 0 0 0 0 77 68 79 32 101 120 116 114 97 32 100 97 116 97 32 108 111 99 107 0 0 0 0 0 0 0 0 0 0 0 0 0 0 0 0 0 0 0 0 0 0 0 0 0 0 0 0 0 0 0 0 0 0 0 0 0 0 0 0 0 0 0 0 0 0 0 0 0 0 0 0 0 0 0 0 0 0 0 0 0 0 0 0 0 0 0 0 0 0 0 0 0 0 0 0 0 0 0 0 0 0 0 0 0 0 0 0 0 0 0 0 0 0 0 0 0 0 0 0 0 0 0 0 0 0 0 0 0 0 0 0 0 0 0 0 0 6 0 0 0 105 12 0 0 81 1 0 0 0 0 0 0 0 0 0 0 2 0 0 0 1 0 10 0 2 0 0 0 120 0 0 0 254 255 255 255 7 0 4 0 0 0 0 0 data 15 0x40007 0xc0 0x78 0xcd 0xc0007 0x1 0x58 0xf6 0x150007 0x2a 0x20 0xcc 0x1d0003 0x2a 0xffffffffffffffc0 oops 0
ciMethodData java/util/HashMap afterNodeAccess (Ljava/util/HashMap$Node;)V 2 1352 orig 264 120 87 253 249 255 127 0 0 216 196 105 126 120 1 0 0 40 1 0 0 0 0 0 0 0 0 0 0 0 0 0 0 0 0 0 0 0 0 0 0 0 0 0 0 0 0 0 0 0 0 0 0 0 0 0 0 0 0 0 0 0 0 0 0 0 0 0 0 0 0 0 0 0 0 0 0 0 0 0 0 77 68 79 32 101 120 116 114 97 32 100 97 116 97 32 108 111 99 107 0 0 0 0 0 0 0 0 0 0 0 0 0 0 0 0 0 0 0 0 0 0 0 0 0 0 0 0 0 0 0 0 0 0 0 0 0 0 0 0 0 0 0 0 0 0 0 0 0 0 0 0 0 0 0 0 0 0 0 0 0 0 0 0 0 0 0 0 0 0 0 0 0 0 0 0 0 0 0 0 0 0 0 0 0 0 0 0 0 0 0 0 0 0 0 0 0 0 0 0 0 0 0 0 0 0 0 0 0 0 0 0 0 0 0 0 0 25 1 0 0 121 33 0 0 1 0 0 0 0 0 0 0 0 0 0 0 2 0 0 0 0 0 3 0 1 0 0 0 0 0 0 0 254 255 255 255 0 0 0 0 0 0 0 0 data 0 oops 0
ciMethod groovy/lang/MetaMethod getName ()Ljava/lang/String; 0 0 1 0 -1
ciMethod groovy/lang/MetaMethod getDeclaringClass ()Lorg/codehaus/groovy/reflection/CachedClass; 0 0 1 0 -1
ciMethod groovy/lang/MetaMethod equal ([Lorg/codehaus/groovy/reflection/CachedClass;[Ljava/lang/Class;)Z 769 73 161 0 0
ciMethod groovy/lang/MetaMethod isStatic ()Z 3201 1 8376 0 -1
ciMethod org/codehaus/groovy/reflection/ParameterTypes getParameterTypes ()[Lorg/codehaus/groovy/reflection/CachedClass; 217 1 24481 0 3872
ciMethod org/codehaus/groovy/reflection/ParameterTypes getParametersTypes0 ()V 153 129 2259 0 -1
ciMethod org/codehaus/groovy/reflection/GeneratedMetaMethod getName ()Ljava/lang/String; 3025 1 378 0 0
ciMethod org/codehaus/groovy/reflection/GeneratedMetaMethod getDeclaringClass ()Lorg/codehaus/groovy/reflection/CachedClass; 2409 1 301 0 0
ciMethod org/codehaus/groovy/reflection/ReflectionCache isAssignableFrom (Ljava/lang/Class;Ljava/lang/Class;)Z 2193 1 5569 0 0
ciMethod org/codehaus/groovy/reflection/CachedClass getCachedSuperClass ()Lorg/codehaus/groovy/reflection/CachedClass; 2129 1 2929 0 -1
ciMethod org/codehaus/groovy/reflection/CachedClass getInterfaces ()Ljava/util/Set; 2113 1 2316 0 -1
ciMethod org/codehaus/groovy/reflection/CachedClass getTheClass ()Ljava/lang/Class; 1241 1 155 0 0
ciMethod org/codehaus/groovy/reflection/CachedClass getNewMetaMethods ()[Lgroovy/lang/MetaMethod; 2049 8025 716 0 0
ciMethod org/codehaus/groovy/reflection/CachedClass addSubclassExpandos (Ljava/util/List;Lgroovy/lang/MetaClass;)V 2057 1 3053 0 -1
ciMethodData java/lang/Class$MethodArray addIfNotPresent (Ljava/lang/reflect/Method;)V 2 64341 orig 264 120 87 253 249 255 127 0 0 160 155 130 126 120 1 0 0 72 2 0 0 176 0 0 0 0 0 0 0 0 0 0 0 0 0 0 0 0 0 0 0 0 0 0 0 0 0 0 0 0 0 0 0 0 0 0 0 0 0 0 0 0 0 0 0 0 0 0 0 0 0 0 0 0 0 0 0 0 0 0 0 77 68 79 32 101 120 116 114 97 32 100 97 116 97 32 108 111 99 107 0 0 0 0 0 0 0 0 0 0 0 0 0 0 0 0 0 0 0 0 0 0 0 0 0 0 0 0 0 0 0 0 0 0 0 0 0 0 0 0 0 0 0 0 0 0 0 0 0 0 0 0 0 0 0 0 0 0 0 0 0 0 0 0 0 0 0 0 0 0 0 0 0 0 0 0 0 0 0 0 0 0 0 0 0 0 0 0 0 0 0 0 0 0 0 0 0 0 0 0 0 0 0 0 0 0 0 0 0 0 0 0 0 0 0 0 0 57 12 0 0 97 30 0 0 225 120 7 0 0 0 0 0 0 0 0 0 2 0 0 0 1 0 14 0 2 0 0 0 248 0 0 0 254 255 255 255 7 0 7 0 0 0 0 0 data 31 0x70007 0x3c0 0xc8 0xef26 0x130007 0xc 0x90 0xef1a 0x170007 0x0 0x70 0xef1a 0x1c0005 0x16 0x1786c2c12c0 0xef04 0x0 0x0 0x1f0007 0xef1a 0x20 0x0 0x260003 0xef1a 0xffffffffffffff50 0x2b0005 0x0 0x1780e5b71f0 0x3c0 0x0 0x0 oops 2 14 java/lang/reflect/Method 27 java/lang/Class$MethodArray
ciMethodData java/lang/Class$MethodArray removeByNameAndDescriptor (Ljava/lang/reflect/Method;)V 2 21262 orig 264 120 87 253 249 255 127 0 0 192 159 130 126 120 1 0 0 192 1 0 0 112 0 0 0 0 0 0 0 0 0 0 0 0 0 0 0 0 0 0 0 0 0 0 0 0 0 0 0 0 0 0 0 0 0 0 0 0 0 0 0 0 0 0 0 0 0 0 0 0 0 0 0 0 0 0 0 0 0 0 0 77 68 79 32 101 120 116 114 97 32 100 97 116 97 32 108 111 99 107 0 0 0 0 0 0 0 0 0 0 0 0 0 0 0 0 0 0 0 0 0 0 0 0 0 0 0 0 0 0 0 0 0 0 0 0 0 0 0 0 0 0 0 0 0 0 0 0 0 0 0 0 0 0 0 0 0 0 0 0 0 0 0 0 0 0 0 0 0 0 0 0 0 0 0 0 0 0 0 0 0 0 0 0 0 0 0 0 0 0 0 0 0 0 0 0 0 0 0 0 0 0 0 0 0 0 0 0 0 0 0 0 0 0 0 0 0 132 13 0 0 249 37 0 0 81 44 2 0 0 0 0 0 0 0 0 0 2 0 0 0 1 0 11 0 2 0 0 0 152 0 0 0 254 255 255 255 7 0 7 0 0 0 0 0 data 19 0x70007 0x4bf 0x98 0x458a 0x120007 0xbfb 0x60 0x398f 0x180002 0x398f 0x1b0007 0x38db 0x30 0xb4 0x200002 0xb4 0x260003 0x458a 0xffffffffffffff80 oops 0
ciMethodData java/lang/Class$MethodArray remove (I)V 2 3213 orig 264 120 87 253 249 255 127 0 0 120 160 130 126 120 1 0 0 240 1 0 0 80 0 0 0 0 0 0 0 0 0 0 0 0 0 0 0 0 0 0 0 0 0 0 0 0 0 0 0 0 0 0 0 0 0 0 0 0 0 0 0 0 0 0 0 0 0 0 0 0 0 0 0 0 0 0 0 0 0 0 0 77 68 79 32 101 120 116 114 97 32 100 97 116 97 32 108 111 99 107 0 0 0 0 0 0 0 0 0 0 0 0 0 0 0 0 0 0 0 0 0 0 0 0 0 0 0 0 0 0 0 0 0 0 0 0 0 0 0 0 0 0 0 0 0 0 0 0 0 0 0 0 0 0 0 0 0 0 0 0 0 0 0 0 0 0 0 0 0 0 0 0 0 0 0 0 0 0 0 0 0 0 0 0 0 17 0 0 0 0 0 0 0 0 0 0 0 0 0 0 0 1 0 0 0 0 0 0 0 0 0 0 0 0 0 0 0 62 0 0 0 121 98 0 0 1 0 0 0 0 0 0 0 0 0 0 0 2 0 0 0 0 0 15 0 2 0 0 0 160 0 0 0 254 255 255 255 7 0 6 0 0 0 0 0 data 20 0x60007 0x0 0x70 0xc4f 0xf0005 0x11f 0x1786c2c12c0 0xb30 0x0 0x0 0x120007 0xaf5 0x20 0x15a 0x250104 0x0 0x0 0x0 0x0 0x0 oops 1 6 java/lang/reflect/Method
ciMethodData java/lang/Class$MethodArray <init> (I)V 2 6263 orig 264 120 87 253 249 255 127 0 0 0 152 130 126 120 1 0 0 104 1 0 0 0 0 0 0 0 0 0 0 0 0 0 0 0 0 0 0 0 0 0 0 0 0 0 0 0 0 0 0 0 0 0 0 0 0 0 0 0 0 0 0 0 0 0 0 0 0 0 0 0 0 0 0 0 0 0 0 0 0 0 0 77 68 79 32 101 120 116 114 97 32 100 97 116 97 32 108 111 99 107 0 0 0 0 0 0 0 0 0 0 0 0 0 0 0 0 0 0 0 0 0 0 0 0 0 0 0 0 0 0 0 0 0 0 0 0 0 0 0 0 0 0 0 0 0 0 0 0 0 0 0 0 0 0 0 0 0 0 0 0 0 0 0 0 0 0 0 0 0 0 0 0 0 0 0 0 0 0 0 0 0 0 0 0 0 0 0 0 0 0 0 0 0 0 0 0 0 0 0 0 0 0 0 0 0 0 0 0 0 0 0 0 0 0 0 0 0 3 1 0 0 161 187 0 0 1 0 0 0 0 0 0 0 0 0 0 0 2 0 0 0 0 0 5 0 2 0 0 0 64 0 0 0 254 255 255 255 2 0 1 0 0 0 0 0 data 8 0x10002 0x1774 0x60007 0x1774 0x30 0x0 0xf0002 0x0 oops 0
ciMethodData org/codehaus/groovy/reflection/ParameterTypes getParameterTypes ()[Lorg/codehaus/groovy/reflection/CachedClass; 2 24887 orig 264 120 87 253 249 255 127 0 0 216 66 49 15 120 1 0 0 80 1 0 0 0 0 0 0 0 0 0 0 0 0 0 0 0 0 0 0 0 0 0 0 0 0 0 0 0 0 0 0 0 0 0 0 0 0 0 0 0 0 0 0 0 0 0 0 0 0 0 0 0 0 0 0 0 0 0 0 0 0 0 0 77 68 79 32 101 120 116 114 97 32 100 97 116 97 32 108 111 99 107 0 0 0 0 0 0 0 0 0 0 0 0 0 0 0 0 0 0 0 0 0 0 0 0 0 0 0 0 0 0 0 0 0 0 0 0 0 0 0 0 0 0 0 0 0 0 0 0 0 0 0 0 0 0 0 0 0 0 0 0 0 0 0 0 0 0 0 0 0 0 0 0 0 0 0 0 0 0 0 0 0 0 0 0 0 17 0 0 0 0 0 0 0 0 0 0 0 0 0 0 0 0 0 0 0 0 0 0 0 0 0 0 0 0 0 0 0 27 0 0 0 225 8 3 0 1 0 0 0 0 0 0 0 0 0 0 0 2 0 0 0 0 0 6 0 2 0 0 0 48 0 0 0 254 255 255 255 7 0 4 0 0 0 0 0 data 6 0x40007 0x582d 0x30 0x8ef 0x80002 0x8ef oops 0
ciMethodData org/codehaus/groovy/reflection/ReflectionCache isAssignableFrom (Ljava/lang/Class;Ljava/lang/Class;)Z 2 5816 orig 264 120 87 253 249 255 127 0 0 248 61 51 15 120 1 0 0 160 1 0 0 0 0 0 0 0 0 0 0 0 0 0 0 0 0 0 0 0 0 0 0 0 0 0 0 0 0 0 0 0 0 0 0 0 0 0 0 0 0 0 0 0 0 0 0 0 0 0 0 0 0 0 0 0 0 0 0 0 0 0 0 77 68 79 32 101 120 116 114 97 32 100 97 116 97 32 108 111 99 107 0 0 0 0 0 0 0 0 0 0 0 0 0 0 0 0 0 0 0 0 0 0 0 0 0 0 0 0 0 0 0 0 0 0 0 0 0 0 0 0 0 0 0 0 0 0 0 0 0 0 0 0 0 0 0 0 0 0 0 0 0 0 0 0 0 0 0 0 0 0 0 0 0 0 0 0 0 0 0 0 0 0 0 0 0 0 0 0 0 0 0 0 0 0 0 0 0 0 0 0 0 0 0 0 0 0 0 0 0 0 0 0 0 0 0 0 0 18 1 0 0 49 173 0 0 1 0 0 0 0 0 0 0 0 0 0 0 2 0 0 0 0 0 5 0 2 0 0 0 80 0 0 0 254 255 255 255 7 0 2 0 0 0 0 0 data 10 0x20007 0x149c 0x20 0x10a 0x90005 0x0 0x1786c2bfc90 0x149c 0x0 0x0 oops 1 6 java/lang/Class
ciMethodData java/lang/Class$MethodArray hasDefaults ()Z 2 1556 orig 264 120 87 253 249 255 127 0 0 160 152 130 126 120 1 0 0 88 1 0 0 0 0 0 0 0 0 0 0 0 0 0 0 0 0 0 0 0 0 0 0 0 0 0 0 0 0 0 0 0 0 0 0 0 0 0 0 0 0 0 0 0 0 0 0 0 0 0 0 0 0 0 0 0 0 0 0 0 0 0 0 77 68 79 32 101 120 116 114 97 32 100 97 116 97 32 108 111 99 107 0 0 0 0 0 0 0 0 0 0 0 0 0 0 0 0 0 0 0 0 0 0 0 0 0 0 0 0 0 0 0 0 0 0 0 0 0 0 0 0 0 0 0 0 0 0 0 0 0 0 0 0 0 0 0 0 0 0 0 0 0 0 0 0 0 0 0 0 0 0 0 0 0 0 0 0 0 0 0 0 0 0 0 0 0 0 0 0 0 0 0 0 0 0 0 0 0 0 0 0 0 0 0 0 0 0 0 0 0 0 0 0 0 0 0 0 0 0 1 0 0 161 40 0 0 1 0 0 0 0 0 0 0 0 0 0 0 2 0 0 0 0 0 6 0 2 0 0 0 56 0 0 0 254 255 255 255 7 0 4 0 0 0 0 0 data 7 0x40007 0x4da 0x38 0x3a 0x80003 0x3a 0x18 oops 0
ciMethodData java/lang/Class$MethodArray hasMoreSpecificClass (Ljava/lang/reflect/Method;Ljava/lang/reflect/Method;)Z 1 57 orig 264 120 87 253 249 255 127 0 0 120 164 130 126 120 1 0 0 56 2 0 0 0 0 0 0 0 0 0 0 0 0 0 0 0 0 0 0 0 0 0 0 0 0 0 0 0 0 0 0 0 0 0 0 0 0 0 0 0 0 0 0 0 0 0 0 0 0 0 0 0 0 0 0 0 0 0 0 0 0 0 0 77 68 79 32 101 120 116 114 97 32 100 97 116 97 32 108 111 99 107 0 0 0 0 0 0 0 0 0 0 0 0 0 0 0 0 0 0 0 0 0 0 0 0 0 0 0 0 0 0 0 0 0 0 0 0 0 0 0 0 0 0 0 0 0 0 0 0 0 0 0 0 0 0 0 0 0 0 0 0 0 0 0 0 0 0 0 0 0 0 0 0 0 0 0 0 0 0 0 0 0 0 0 0 0 17 0 0 0 0 0 0 0 0 0 0 0 0 0 0 0 3 0 0 0 0 0 0 0 0 0 0 0 0 0 0 0 0 0 0 0 201 1 0 0 1 0 0 0 0 0 0 0 0 0 0 0 2 0 0 0 0 0 0 0 0 0 0 0 232 0 0 0 254 255 255 255 5 0 1 0 0 0 0 0 data 29 0x10005 0x2e 0x1786c2c12c0 0xb 0x0 0x0 0x60005 0x2e 0x1786c2c12c0 0xb 0x0 0x0 0xc0007 0x0 0x88 0x39 0x110005 0x2e 0x1786c2bfc90 0xb 0x0 0x0 0x140007 0x7 0x38 0x32 0x180003 0x32 0x18 oops 3 2 java/lang/reflect/Method 8 java/lang/reflect/Method 18 java/lang/Class
ciMethodData java/lang/Class$MethodArray <init> ()V 1 1006 orig 264 120 87 253 249 255 127 0 0 64 151 130 126 120 1 0 0 48 1 0 0 0 0 0 0 0 0 0 0 0 0 0 0 0 0 0 0 0 0 0 0 0 0 0 0 0 0 0 0 0 0 0 0 0 0 0 0 0 0 0 0 0 0 0 0 0 0 0 0 0 0 0 0 0 0 0 0 0 0 0 0 77 68 79 32 101 120 116 114 97 32 100 97 116 97 32 108 111 99 107 0 0 0 0 0 0 0 0 0 0 0 0 0 0 0 0 0 0 0 0 0 0 0 0 0 0 0 0 0 0 0 0 0 0 0 0 0 0 0 0 0 0 0 0 0 0 0 0 0 0 0 0 0 0 0 0 0 0 0 0 0 0 0 0 0 0 0 0 0 0 0 0 0 0 0 0 0 0 0 0 0 0 0 0 0 0 0 0 0 0 0 0 0 0 0 0 0 0 0 0 0 0 0 0 0 0 0 0 0 0 0 0 0 0 0 0 0 6 1 0 0 65 23 0 0 1 0 0 0 0 0 0 0 0 0 0 0 2 0 0 0 0 0 3 0 2 0 0 0 16 0 0 0 254 255 255 255 2 0 3 0 0 0 0 0 data 2 0x30002 0x2e8 oops 0
ciMethodData java/lang/Class privateGetPublicMethods ()[Ljava/lang/reflect/Method; 2 10586 orig 264 120 87 253 249 255 127 0 0 80 253 91 126 120 1 0 0 16 7 0 0 240 3 0 0 0 0 0 0 0 0 0 0 0 0 0 0 0 0 0 0 0 0 0 0 0 0 0 0 0 0 0 0 0 0 0 0 0 0 0 0 0 0 0 0 0 0 0 0 0 0 0 0 0 0 0 0 0 0 0 0 77 68 79 32 101 120 116 114 97 32 100 97 116 97 32 108 111 99 107 0 0 0 0 0 0 0 0 0 0 0 0 0 0 0 0 0 0 0 0 0 0 0 0 0 0 0 0 0 0 0 0 0 0 0 0 0 0 0 0 0 0 0 0 0 0 0 0 0 0 0 0 0 0 0 0 0 0 0 0 0 0 0 0 0 0 0 0 0 0 0 0 0 0 0 0 0 0 0 0 0 0 0 0 0 0 0 0 0 0 0 0 0 0 0 0 0 0 0 0 0 0 0 0 0 0 0 0 0 0 0 0 0 0 0 0 0 21 4 0 0 201 69 0 0 41 42 1 0 0 0 0 0 0 0 0 0 2 0 0 0 7 0 65 0 2 0 0 0 200 5 0 0 254 255 255 255 2 0 0 0 0 0 0 0 data 185 0x2 0x8b9 0x40002 0x8b9 0x90007 0x0 0x40 0x8b9 0x120007 0x133 0x20 0x786 0x1b0002 0x133 0x210002 0x133 0x290005 0x0 0x1780e5b71f0 0x133 0x0 0x0 0x300002 0x133 0x360005 0x3 0x1786c2bfc90 0x130 0x0 0x0 0x470007 0x133 0x78 0x17b 0x550002 0x17b 0x580005 0x0 0x1780e5b71f0 0x17b 0x0 0x0 0x5e0003 0x17b 0xffffffffffffffa0 0x620005 0x3 0x1786c2bfc90 0x130 0x0 0x0 0x650007 0xb9 0x288 0x7a 0x690005 0x0 0x1786c2bfc90 0x7a 0x0 0x0 0x700007 0x0 0x238 0x7a 0x770002 0x7a 0x800002 0x7a 0x830005 0x0 0x1780e5b71f0 0x7a 0x0 0x0 0x8d0005 0x0 0x1780e5b71f0 0x12ab 0x0 0x0 0x900007 0x7a 0x168 0x1231 0x970005 0x0 0x1780e5b71f0 0x1231 0x0 0x0 0x9e0007 0x0 0x100 0x1231 0xa30005 0x0 0x1786c2c12c0 0x1231 0x0 0x0 0xa60002 0x1231 0xa90007 0x86 0xa0 0x11ab 0xae0005 0x0 0x1786c2c12c0 0x11ab 0x0 0x0 0xb10007 0xa2 0x50 0x1109 0xb80005 0x0 0x1780e5b71f0 0x1109 0x0 0x0 0xbe0003 0x1231 0xfffffffffffffe80 0xc50005 0x0 0x1780e5b71f0 0x7a 0x0 0x0 0xd20005 0x0 0x1780e5b71f0 0x12cc 0x0 0x0 0xd50007 0x133 0x98 0x1199 0xdb0005 0x0 0x1780e5b71f0 0x1199 0x0 0x0 0xe40005 0x0 0x1780e5b71f0 0x1199 0x0 0x0 0xea0003 0x1199 0xffffffffffffff50 0xf00005 0x0 0x1780e5b71f0 0x133 0x0 0x0 0xf40005 0x0 0x1780e5b71f0 0x133 0x0 0x0 0xf80005 0x0 0x1780e5b71f0 0x133 0x0 0x0 0xfc0005 0x0 0x1780e5b71f0 0x133 0x0 0x0 0x1010007 0x0 0x20 0x133 oops 19 18 java/lang/Class$MethodArray 26 java/lang/Class 38 java/lang/Class$MethodArray 47 java/lang/Class 57 java/lang/Class 71 java/lang/Class$MethodArray 77 java/lang/Class$MethodArray 87 java/lang/Class$MethodArray 97 java/lang/reflect/Method 109 java/lang/reflect/Method 119 java/lang/Class$MethodArray 128 java/lang/Class$MethodArray 134 java/lang/Class$MethodArray 144 java/lang/Class$MethodArray 150 java/lang/Class$MethodArray 159 java/lang/Class$MethodArray 165 java/lang/Class$MethodArray 171 java/lang/Class$MethodArray 177 java/lang/Class$MethodArray
ciMethodData java/lang/Class$MethodArray addAll ([Ljava/lang/reflect/Method;)V 2 10137 orig 264 120 87 253 249 255 127 0 0 40 154 130 126 120 1 0 0 184 1 0 0 0 0 0 0 0 0 0 0 0 0 0 0 0 0 0 0 0 0 0 0 0 0 0 0 0 0 0 0 0 0 0 0 0 0 0 0 0 0 0 0 0 0 0 0 0 0 0 0 0 0 0 0 0 0 0 0 0 0 0 0 77 68 79 32 101 120 116 114 97 32 100 97 116 97 32 108 111 99 107 0 0 0 0 0 0 0 0 0 0 0 0 0 0 0 0 0 0 0 0 0 0 0 0 0 0 0 0 0 0 0 0 0 0 0 0 0 0 0 0 0 0 0 0 0 0 0 0 0 0 0 0 0 0 0 0 0 0 0 0 0 0 0 0 0 0 0 0 0 0 0 0 0 0 0 0 0 0 0 0 0 0 0 0 0 0 0 0 0 0 0 0 0 0 0 0 0 0 0 0 0 0 0 0 0 0 0 0 0 0 0 0 0 0 0 0 0 207 3 0 0 105 13 0 0 81 30 1 0 0 0 0 0 0 0 0 0 2 0 0 0 0 0 0 0 0 0 0 0 104 0 0 0 254 255 255 255 7 0 5 0 0 0 0 0 data 13 0x50007 0x1ad 0x68 0x23ca 0xc0005 0x0 0x1780e5b71f0 0x23ca 0x0 0x0 0x120003 0x23ca 0xffffffffffffffb0 oops 1 6 java/lang/Class$MethodArray
ciMethodData java/lang/Class$MethodArray addInterfaceMethods ([Ljava/lang/reflect/Method;)V 2 5147 orig 264 120 87 253 249 255 127 0 0 24 157 130 126 120 1 0 0 24 2 0 0 128 0 0 0 0 0 0 0 0 0 0 0 0 0 0 0 0 0 0 0 0 0 0 0 0 0 0 0 0 0 0 0 0 0 0 0 0 0 0 0 0 0 0 0 0 0 0 0 0 0 0 0 0 0 0 0 0 0 0 0 77 68 79 32 101 120 116 114 97 32 100 97 116 97 32 108 111 99 107 0 0 0 0 0 0 0 0 0 0 0 0 0 0 0 0 0 0 0 0 0 0 0 0 0 0 0 0 0 0 0 0 0 0 0 0 0 0 0 0 0 0 0 0 0 0 0 0 0 0 0 0 0 0 0 0 0 0 0 0 0 0 0 0 0 0 0 0 0 0 0 0 0 0 0 0 0 0 0 0 0 0 0 0 0 0 0 0 0 0 0 0 0 0 0 0 0 0 0 0 0 0 0 0 0 0 0 0 0 0 0 0 0 0 0 0 0 165 2 0 0 217 11 0 0 177 139 0 0 0 0 0 0 0 0 0 0 2 0 0 0 1 0 13 0 2 0 0 0 200 0 0 0 254 255 255 255 7 0 11 0 0 0 0 0 data 25 0xb0007 0x17b 0xc8 0x1176 0x160005 0x655 0x1786c2c12c0 0xb21 0x0 0x0 0x190002 0x1176 0x1c0007 0x1 0x50 0x1175 0x220005 0x0 0x1780e5b71f0 0x1175 0x0 0x0 0x280003 0x1176 0xffffffffffffff50 oops 2 6 java/lang/reflect/Method 18 java/lang/Class$MethodArray
ciMethodData java/lang/Class$MethodArray addAll (Ljava/lang/Class$MethodArray;)V 1 2348 orig 264 120 87 253 249 255 127 0 0 216 154 130 126 120 1 0 0 24 2 0 0 0 0 0 0 0 0 0 0 0 0 0 0 0 0 0 0 0 0 0 0 0 0 0 0 0 0 0 0 0 0 0 0 0 0 0 0 0 0 0 0 0 0 0 0 0 0 0 0 0 0 0 0 0 0 0 0 0 0 0 0 77 68 79 32 101 120 116 114 97 32 100 97 116 97 32 108 111 99 107 0 0 0 0 0 0 0 0 0 0 0 0 0 0 0 0 0 0 0 0 0 0 0 0 0 0 0 0 0 0 0 0 0 0 0 0 0 0 0 0 0 0 0 0 0 0 0 0 0 0 0 0 0 0 0 0 0 0 0 0 0 0 0 0 0 0 0 0 0 0 0 0 0 0 0 0 0 0 0 0 0 0 0 0 0 0 0 0 0 0 0 0 0 0 0 0 0 0 0 0 0 0 0 0 0 0 0 0 0 0 0 0 0 0 0 0 0 0 0 0 0 1 4 0 0 97 73 0 0 0 0 0 0 0 0 0 0 2 0 0 0 0 0 0 0 0 0 0 0 200 0 0 0 254 255 255 255 5 0 4 0 0 0 0 0 data 25 0x40005 0x0 0x1780e5b71f0 0x9ac 0x0 0x0 0x70007 0x80 0x98 0x92c 0xd0005 0x0 0x1780e5b71f0 0x92c 0x0 0x0 0x100005 0x0 0x1780e5b71f0 0x92c 0x0 0x0 0x160003 0x92c 0xffffffffffffff50 oops 3 2 java/lang/Class$MethodArray 12 java/lang/Class$MethodArray 18 java/lang/Class$MethodArray
ciMethodData java/lang/Class$MethodArray addAllIfNotPresent (Ljava/lang/Class$MethodArray;)V 2 9803 orig 264 120 87 253 249 255 127 0 0 88 156 130 126 120 1 0 0 56 2 0 0 160 0 0 0 0 0 0 0 0 0 0 0 0 0 0 0 0 0 0 0 0 0 0 0 0 0 0 0 0 0 0 0 0 0 0 0 0 0 0 0 0 0 0 0 0 0 0 0 0 0 0 0 0 0 0 0 0 0 0 0 77 68 79 32 101 120 116 114 97 32 100 97 116 97 32 108 111 99 107 0 0 0 0 0 0 0 0 0 0 0 0 0 0 0 0 0 0 0 0 0 0 0 0 0 0 0 0 0 0 0 0 0 0 0 0 0 0 0 0 0 0 0 0 0 0 0 0 0 0 0 0 0 0 0 0 0 0 0 0 0 0 0 0 0 0 0 0 0 0 0 0 0 0 0 0 0 0 0 0 0 0 0 0 0 0 0 0 0 0 0 0 0 0 0 0 0 0 0 0 0 0 0 0 0 0 0 0 0 0 0 0 0 0 0 0 0 165 2 0 0 153 9 0 0 49 29 1 0 0 0 0 0 0 0 0 0 2 0 0 0 0 0 0 0 0 0 0 0 232 0 0 0 254 255 255 255 5 0 4 0 0 0 0 0 data 29 0x40005 0x0 0x1780e5b71f0 0x24d9 0x0 0x0 0x70007 0x133 0xb8 0x23a6 0xc0005 0x0 0x1780e5b71f0 0x23a6 0x0 0x0 0x110007 0xbf0 0x50 0x17b6 0x160005 0x0 0x1780e5b71f0 0x17b6 0x0 0x0 0x1c0003 0x23a6 0xffffffffffffff30 oops 3 2 java/lang/Class$MethodArray 12 java/lang/Class$MethodArray 22 java/lang/Class$MethodArray
ciMethodData java/lang/Class$MethodArray compactAndTrim ()V 2 12025 orig 264 120 87 253 249 255 127 0 0 24 162 130 126 120 1 0 0 80 2 0 0 96 0 0 0 0 0 0 0 0 0 0 0 0 0 0 0 0 0 0 0 0 0 0 0 0 0 0 0 0 0 0 0 0 0 0 0 0 0 0 0 0 0 0 0 0 0 0 0 0 0 0 0 0 0 0 0 0 0 0 0 77 68 79 32 101 120 116 114 97 32 100 97 116 97 32 108 111 99 107 0 0 0 0 0 0 0 0 0 0 0 0 0 0 0 0 0 0 0 0 0 0 0 0 0 0 0 0 0 0 0 0 0 0 0 0 0 0 0 0 0 0 0 0 0 0 0 0 0 0 0 0 0 0 0 0 0 0 0 0 0 0 0 0 0 0 0 0 0 0 0 0 0 0 0 0 0 0 0 0 0 0 0 0 0 0 0 0 0 0 0 0 0 0 0 0 0 0 0 0 0 0 0 0 0 0 0 0 0 0 0 0 0 0 0 0 0 9 6 0 0 161 9 0 0 129 71 1 0 0 0 0 0 0 0 0 0 2 0 0 0 1 0 15 0 2 0 0 0 8 1 0 0 254 255 255 255 7 0 9 0 0 0 0 0 data 33 0x90007 0x134 0xa8 0x28f0 0x140007 0x32 0x70 0x28be 0x190007 0x2830 0x50 0x8e 0x220004 0x0 0x1786c2c12c0 0x8e 0x0 0x0 0x290003 0x28f0 0xffffffffffffff70 0x320007 0x4 0x60 0x130 0x3b0002 0x130 0x3e0004 0x0 0x1780e7c7540 0x130 0x0 0x0 oops 2 14 java/lang/reflect/Method 29 [Ljava/lang/reflect/Method;
ciMethod groovy/lang/ExpandoMetaClass getExpandoMethods ()Ljava/util/List; 17 1 1 0 -1
ciMethod groovy/lang/MetaClassImpl getNewMetaMethods (Lorg/codehaus/groovy/reflection/CachedClass;)[Lgroovy/lang/MetaMethod; 2049 1 688 0 0
ciMethod groovy/lang/MetaClassImpl inheritInterfaceNewMetaMethods (Ljava/util/Set;)V 313 486313 79 0 -1
ciMethod groovy/lang/MetaClassImpl addMetaMethodToIndex (Lgroovy/lang/MetaMethod;Lorg/codehaus/groovy/runtime/metaclass/MetaMethodIndex$Header;)V 31593 1 9640 0 7456
ciMethod groovy/lang/MetaClassImpl checkIfStdMethod (Lgroovy/lang/MetaMethod;)V 2369 1 9640 0 -1
ciMethod org/codehaus/groovy/runtime/metaclass/MetaMethodIndex getOrPutMethods (Ljava/lang/String;Lorg/codehaus/groovy/runtime/metaclass/MetaMethodIndex$Header;)Lorg/codehaus/groovy/runtime/metaclass/MetaMethodIndex$Entry; 2921 1321 6324 0 -1
ciMethod org/codehaus/groovy/runtime/metaclass/MetaMethodIndex addMethodToList (Ljava/lang/Object;Lgroovy/lang/MetaMethod;)Ljava/lang/Object; 2745 1 5746 0 -1
ciMethodData groovy/lang/MetaClassImpl addMetaMethodToIndex (Lgroovy/lang/MetaMethod;Lorg/codehaus/groovy/runtime/metaclass/MetaMethodIndex$Header;)V 2 9640 orig 264 120 87 253 249 255 127 0 0 56 48 173 17 120 1 0 0 120 2 0 0 192 0 0 0 0 0 0 0 0 0 0 0 0 0 0 0 0 0 0 0 0 0 0 0 0 0 0 0 0 0 0 0 0 0 0 0 0 0 0 0 0 0 0 0 0 0 0 0 0 0 0 0 0 0 0 0 0 0 0 0 77 68 79 32 101 120 116 114 97 32 100 97 116 97 32 108 111 99 107 0 0 0 0 0 0 0 0 0 0 0 0 0 0 0 0 0 0 0 0 0 0 0 0 0 0 0 0 0 0 0 0 0 0 0 0 0 0 0 0 0 0 0 0 0 1 0 0 0 0 0 0 0 0 0 0 0 0 0 0 0 0 0 0 0 0 0 0 0 0 0 0 0 0 0 0 0 0 0 0 0 0 0 0 0 0 0 0 0 0 0 0 0 0 0 0 0 0 0 0 0 0 0 0 0 0 0 0 0 0 0 0 0 0 0 0 0 40 1 0 0 217 177 0 0 1 0 0 0 0 0 0 0 0 0 0 0 2 0 0 0 0 0 6 0 2 0 0 0 32 1 0 0 254 255 255 255 2 0 2 0 0 0 0 0 data 36 0x20002 0x163b 0x60005 0x5e 0x1780e68bda0 0xbc2 0x1780e7c2770 0xa1b 0x100005 0x0 0x1780bfa9690 0x163b 0x0 0x0 0x160005 0x5e 0x1780e68bda0 0xbc2 0x1780e7c2770 0xa1b 0x190007 0x158b 0x50 0xb0 0x280005 0x0 0x1780bfa9690 0xb0 0x0 0x0 0x3a0005 0x0 0x1780bfa9690 0x163b 0x0 0x0 oops 7 4 org/codehaus/groovy/reflection/CachedMethod 6 org/codehaus/groovy/reflection/GeneratedMetaMethod$Proxy 10 org/codehaus/groovy/runtime/metaclass/MetaMethodIndex 16 org/codehaus/groovy/reflection/CachedMethod 18 org/codehaus/groovy/reflection/GeneratedMetaMethod$Proxy 26 org/codehaus/groovy/runtime/metaclass/MetaMethodIndex 32 org/codehaus/groovy/runtime/metaclass/MetaMethodIndex
ciMethodData groovy/lang/MetaClassImpl checkIfStdMethod (Lgroovy/lang/MetaMethod;)V 2 9640 orig 264 120 87 253 249 255 127 0 0 48 53 173 17 120 1 0 0 184 5 0 0 248 3 0 0 0 0 0 0 0 0 0 0 0 0 0 0 0 0 0 0 0 0 0 0 0 0 0 0 0 0 0 0 0 0 0 0 0 0 0 0 0 0 0 0 0 0 0 0 0 0 0 0 0 0 0 0 0 0 0 0 77 68 79 32 101 120 116 114 97 32 100 97 116 97 32 108 111 99 107 0 0 0 0 0 0 0 0 0 0 0 0 0 0 0 0 0 0 0 0 0 0 0 0 0 0 0 0 0 0 0 0 0 0 0 0 0 0 0 0 0 0 0 0 0 0 0 0 0 0 0 0 0 0 0 0 0 0 0 0 0 0 0 0 0 0 0 0 0 0 0 0 0 0 0 0 0 0 0 0 0 0 0 0 0 0 0 0 0 0 0 0 0 0 0 0 0 0 0 0 0 0 0 0 0 0 0 0 0 0 0 0 0 0 0 0 0 40 1 0 0 1 36 1 0 1 0 0 0 0 0 0 0 0 0 0 0 2 0 0 0 0 0 60 0 2 0 0 0 104 4 0 0 254 255 255 255 5 0 2 0 0 0 0 0 data 141 0x20005 0xa9 0x1780e7c1bb0 0x21f7 0x1780e7c2820 0x1e0 0x60002 0xa9 0x90007 0x247e 0x58 0x2 0x100007 0x1 0x38 0x1 0x180003 0x1 0x68 0x1c0002 0x247f 0x1f0007 0x247b 0x40 0x4 0x260007 0x2 0x20 0x2 0x2f0005 0xa3 0x1780e68bda0 0x144a 0x1780e7c2770 0xf93 0x340005 0xa9 0x1786c2bfc00 0x23d7 0x0 0x0 0x370007 0x247f 0x70 0x1 0x3b0005 0x0 0x1780e68bda0 0x1 0x0 0x0 0x420007 0x1 0x20 0x0 0x4e0007 0x24 0xf0 0x245c 0x520005 0xa3 0x1780e68bda0 0x1428 0x1780e7c2770 0xf91 0x570005 0xa9 0x1786c2bfc00 0x23b3 0x0 0x0 0x5a0007 0x245b 0x70 0x1 0x5e0005 0x0 0x1780e68bda0 0x1 0x0 0x0 0x650007 0x0 0x20 0x1 0x6e0005 0xa3 0x1780e68bda0 0x144a 0x1780e7c2770 0xf93 0x730005 0xa9 0x1786c2bfc00 0x23d7 0x0 0x0 0x760007 0x247f 0x110 0x1 0x7a0005 0x0 0x1780e68bda0 0x1 0x0 0x0 0x810007 0x0 0xc0 0x1 0x870005 0x0 0x1780e68c660 0x1 0x0 0x0 0x8d0007 0x0 0x70 0x1 0x930005 0x0 0x1780e9783e0 0x1 0x0 0x0 0x980007 0x0 0x20 0x1 0xa70007 0x2480 0x50 0x0 0xae0005 0x0 0x0 0x0 0x0 0x0 oops 16 2 groovy/lang/MetaClassImpl 4 groovy/lang/ExpandoMetaClass 31 org/codehaus/groovy/reflection/CachedMethod 33 org/codehaus/groovy/reflection/GeneratedMetaMethod$Proxy 37 java/lang/String 47 org/codehaus/groovy/reflection/CachedMethod 61 org/codehaus/groovy/reflection/CachedMethod 63 org/codehaus/groovy/reflection/GeneratedMetaMethod$Proxy 67 java/lang/String 77 org/codehaus/groovy/reflection/CachedMethod 87 org/codehaus/groovy/reflection/CachedMethod 89 org/codehaus/groovy/reflection/GeneratedMetaMethod$Proxy 93 java/lang/String 103 org/codehaus/groovy/reflection/CachedMethod 113 org/codehaus/groovy/reflection/stdclasses/StringCachedClass 123 org/codehaus/groovy/reflection/stdclasses/ObjectCachedClass
ciMethodData org/codehaus/groovy/runtime/metaclass/MetaMethodIndex getOrPutMethods (Ljava/lang/String;Lorg/codehaus/groovy/runtime/metaclass/MetaMethodIndex$Header;)Lorg/codehaus/groovy/runtime/metaclass/MetaMethodIndex$Entry; 2 6324 orig 264 120 87 253 249 255 127 0 0 208 169 175 17 120 1 0 0 0 3 0 0 48 0 0 0 0 0 0 0 0 0 0 0 0 0 0 0 0 0 0 0 0 0 0 0 0 0 0 0 0 0 0 0 0 0 0 0 0 0 0 0 0 0 0 0 0 0 0 0 0 0 0 0 0 0 0 0 0 0 0 0 77 68 79 32 101 120 116 114 97 32 100 97 116 97 32 108 111 99 107 0 0 0 0 0 0 0 0 0 0 0 0 0 0 0 0 0 0 0 0 0 0 0 0 0 0 0 0 0 0 0 0 0 0 0 0 0 0 0 0 0 0 0 0 0 0 0 0 0 0 0 0 0 0 0 0 0 0 0 0 0 0 0 0 0 0 0 0 0 0 0 0 0 0 0 0 0 0 0 0 0 0 0 0 0 0 0 0 0 0 0 0 0 0 0 0 0 0 0 0 0 0 0 0 0 0 0 0 0 0 0 0 0 0 0 0 0 109 1 0 0 57 186 0 0 73 73 0 0 0 0 0 0 0 0 0 0 2 0 0 0 1 0 26 0 2 0 0 0 168 1 0 0 254 255 255 255 5 0 10 0 0 0 0 0 data 53 0xa0005 0x119 0x1786c2bfc00 0x162e 0x0 0x0 0xe0002 0x1747 0x2c0007 0xcec 0xa8 0x1384 0x360007 0x929 0x70 0xa5b 0x3f0007 0x0 0x50 0xa5b 0x480002 0xa5b 0x4b0007 0x0 0x20 0xa5b 0x580003 0x929 0xffffffffffffff70 0x5f0002 0xcec 0x780005 0x6a 0x1786c2bfc00 0xc82 0x0 0x0 0x8a0004 0x0 0x1780bfa9940 0xcec 0x0 0x0 0xa90007 0xcc7 0x50 0x25 0xb20005 0x0 0x1780bfa9690 0x25 0x0 0x0 oops 4 2 java/lang/String 33 java/lang/String 39 org/codehaus/groovy/runtime/metaclass/MetaMethodIndex$Entry 49 org/codehaus/groovy/runtime/metaclass/MetaMethodIndex
ciMethodData java/lang/Class getMethods ()[Ljava/lang/reflect/Method; 2 1893 orig 264 120 87 253 249 255 127 0 0 56 225 91 126 120 1 0 0 136 1 0 0 0 0 0 0 0 0 0 0 0 0 0 0 0 0 0 0 0 0 0 0 0 0 0 0 0 0 0 0 0 0 0 0 0 0 0 0 0 0 0 0 0 0 0 0 0 0 0 0 0 0 0 0 0 0 0 0 0 0 0 0 77 68 79 32 101 120 116 114 97 32 100 97 116 97 32 108 111 99 107 0 0 0 0 0 0 0 0 0 0 0 0 0 0 0 0 0 0 0 0 0 0 0 0 0 0 0 0 0 0 0 0 0 0 0 0 0 0 0 0 0 0 0 0 0 0 0 0 0 0 0 0 0 0 0 0 0 0 0 0 0 0 0 0 0 0 0 0 0 0 0 0 0 0 0 0 0 0 0 0 0 0 0 0 0 0 0 0 0 0 0 0 0 0 0 0 0 0 0 0 0 0 0 0 0 0 0 0 0 0 0 0 0 0 0 0 0 0 1 0 0 41 51 0 0 1 0 0 0 0 0 0 0 0 0 0 0 2 0 0 0 0 0 3 0 2 0 0 0 64 0 0 0 254 255 255 255 2 0 2 0 0 0 0 0 data 8 0x20002 0x0 0x60002 0x665 0xa0002 0x665 0xd0002 0x0 oops 0
ciMethodData org/codehaus/groovy/reflection/CachedClass getNewMetaMethods ()[Lgroovy/lang/MetaMethod; 1 2925 orig 264 120 87 253 249 255 127 0 0 24 138 51 15 120 1 0 0 96 5 0 0 128 2 0 0 0 0 0 0 0 0 0 0 0 0 0 0 0 0 0 0 0 0 0 0 0 0 0 0 0 0 0 0 0 0 0 0 0 0 0 0 0 0 0 0 0 0 0 0 0 0 0 0 0 0 0 0 0 0 0 0 77 68 79 32 101 120 116 114 97 32 100 97 116 97 32 108 111 99 107 0 0 0 0 0 0 0 0 0 0 0 0 0 0 0 0 0 0 0 0 0 0 0 0 0 0 0 0 0 0 0 0 0 0 0 0 0 0 0 0 0 0 0 0 0 0 0 0 0 0 0 0 0 0 0 0 0 0 0 0 0 0 0 0 0 0 0 0 0 0 0 0 0 0 0 0 0 0 0 0 0 0 0 0 0 0 0 0 0 0 0 0 0 0 0 0 0 0 0 0 0 0 0 0 0 0 0 0 0 0 0 0 0 0 0 0 0 235 3 0 0 97 16 0 0 17 60 0 0 0 0 0 0 0 0 0 0 2 0 0 0 2 0 20 0 2 0 0 0 24 4 0 0 254 255 255 255 2 0 11 0 0 0 0 0 data 131 0xb0002 0x20c 0xe0002 0x20c 0x160005 0x0 0x1780cd7d370 0x20c 0x0 0x0 0x1b0104 0x0 0x0 0x0 0x0 0x0 0x1e0007 0x20c 0xb0 0x0 0x230004 0x0 0x0 0x0 0x0 0x0 0x260005 0x0 0x0 0x0 0x0 0x0 0x290005 0x0 0x0 0x0 0x0 0x0 0x330007 0xc6 0x78 0x146 0x3c0005 0x0 0x1780cd7d370 0x146 0x0 0x0 0x430002 0x146 0x460003 0x146 0xc0 0x4c0007 0xc6 0xa8 0x22f 0x530005 0x0 0x1780cd7d370 0x22f 0x0 0x0 0x5c0002 0x22f 0x600005 0xe7 0x1780e7c26c0 0x121 0x1780e7c2610 0x27 0x640003 0x22f 0xffffffffffffff70 0x680005 0x4e 0x1780e7c2610 0xb7 0x1780e7c26c0 0x107 0x6b0005 0x0 0x1780e7c24b0 0x20c 0x0 0x0 0x720005 0x0 0x1780e7c2560 0x75f 0x0 0x0 0x770007 0x20c 0xd8 0x553 0x7b0005 0x0 0x1780e7c2560 0x553 0x0 0x0 0x800004 0x0 0x1780e7c2610 0x299 0x1780e7c26c0 0x2ba 0x8a0005 0x0 0x1780cd7d370 0x553 0x0 0x0 0x930002 0x553 0x960003 0x553 0xffffffffffffff10 0x9d0005 0x0 0x1780cd7d140 0x20c 0x0 0x0 0xa20004 0x0 0x1780e7c54c0 0x20c 0x0 0x0 oops 15 6 org/codehaus/groovy/reflection/ClassInfo 44 org/codehaus/groovy/reflection/ClassInfo 59 org/codehaus/groovy/reflection/ClassInfo 67 org/codehaus/groovy/reflection/CachedClass 69 org/codehaus/groovy/reflection/stdclasses/CachedSAMClass 76 org/codehaus/groovy/reflection/stdclasses/CachedSAMClass 78 org/codehaus/groovy/reflection/CachedClass 82 java/util/HashSet 88 java/util/HashMap$KeyIterator 98 java/util/HashMap$KeyIterator 104 org/codehaus/groovy/reflection/stdclasses/CachedSAMClass 106 org/codehaus/groovy/reflection/CachedClass 110 org/codehaus/groovy/reflection/ClassInfo 121 java/util/ArrayList 127 [Lgroovy/lang/MetaMethod;
ciMethodData groovy/lang/MetaClassImpl getNewMetaMethods (Lorg/codehaus/groovy/reflection/CachedClass;)[Lgroovy/lang/MetaMethod; 1 696 orig 264 120 87 253 249 255 127 0 0 128 156 172 17 120 1 0 0 160 1 0 0 0 0 0 0 0 0 0 0 0 0 0 0 0 0 0 0 0 0 0 0 0 0 0 0 0 0 0 0 0 0 0 0 0 0 0 0 0 0 0 0 0 0 0 0 0 0 0 0 0 0 0 0 0 0 0 0 0 0 0 0 77 68 79 32 101 120 116 114 97 32 100 97 116 97 32 108 111 99 107 0 0 0 0 0 0 0 0 0 0 0 0 0 0 0 0 0 0 0 0 0 0 0 0 0 0 0 0 0 0 0 0 0 0 0 0 0 0 0 0 0 0 0 0 0 0 0 0 0 0 0 0 0 0 0 0 0 0 0 0 0 0 0 0 0 0 0 0 0 0 0 0 0 0 0 0 0 0 0 0 0 0 0 0 0 0 0 0 0 0 0 0 0 0 0 0 0 0 0 0 0 0 0 0 0 0 0 0 0 0 0 0 0 0 0 0 0 0 1 0 0 193 13 0 0 1 0 0 0 0 0 0 0 0 0 0 0 2 0 0 0 0 0 5 0 2 0 0 0 80 0 0 0 254 255 255 255 7 0 5 0 0 0 0 0 data 10 0x50007 0x35 0x50 0x183 0x90005 0x34 0x1780e7c2610 0x98 0x1780e7c26c0 0xb7 oops 2 6 org/codehaus/groovy/reflection/stdclasses/CachedSAMClass 8 org/codehaus/groovy/reflection/CachedClass
ciMethodData java/util/HashMap$TreeNode putTreeVal (Ljava/util/HashMap;[Ljava/util/HashMap$Node;ILjava/lang/Object;Ljava/lang/Object;)Ljava/util/HashMap$TreeNode; 1 107 orig 264 120 87 253 249 255 127 0 0 32 86 118 126 120 1 0 0 176 5 0 0 80 0 0 0 0 0 0 0 0 0 0 0 0 0 0 0 0 0 0 0 0 0 0 0 0 0 0 0 0 0 0 0 0 0 0 0 0 0 0 0 0 0 0 0 0 0 0 0 0 0 0 0 0 0 0 0 0 0 0 0 77 68 79 32 101 120 116 114 97 32 100 97 116 97 32 108 111 99 107 0 0 0 0 0 0 0 0 0 0 0 0 0 0 0 0 0 0 0 0 0 0 0 0 0 0 0 0 0 0 0 0 0 0 0 0 0 0 0 0 0 0 0 0 0 0 0 0 0 0 0 0 0 0 0 0 0 0 0 0 0 0 0 0 0 0 0 0 0 0 0 0 0 0 0 0 0 0 0 0 0 0 0 0 0 0 0 0 0 0 0 0 0 0 0 0 0 0 0 0 0 0 0 0 0 0 0 0 0 0 0 0 0 0 0 0 0 18 0 0 0 9 1 0 0 201 2 0 0 0 0 0 0 0 0 0 0 2 0 0 0 0 0 0 0 0 0 0 0 64 4 0 0 254 255 255 255 7 0 10 0 0 0 0 0 data 136 0xa0007 0x21 0x68 0x0 0xe0005 0x0 0x0 0x0 0x0 0x0 0x110003 0x0 0x18 0x240007 0x73 0x38 0x7 0x2a0003 0x7 0x270 0x300007 0x64 0x38 0xf 0x360003 0xf 0x238 0x430007 0x0 0x90 0x64 0x480007 0x0 0x70 0x64 0x4f0005 0x0 0x178100d3f30 0x64 0x0 0x0 0x520007 0x64 0x20 0x0 0x5a0007 0x0 0x50 0x64 0x5f0002 0x64 0x650007 0x64 0x50 0x0 0x6e0002 0x0 0x740007 0x0 0x130 0x0 0x790007 0x45 0x100 0x1f 0x870007 0x2 0x70 0x1d 0x910005 0x1d 0x0 0x0 0x0 0x0 0x970007 0x0 0x90 0x1d 0xa20007 0x2 0x70 0x1d 0xac0005 0x1d 0x0 0x0 0x0 0x0 0xb20007 0x1d 0x20 0x0 0xbc0002 0x64 0xc70007 0x41 0x38 0x39 0xcf0003 0x39 0x18 0xda0007 0x59 0xf8 0x21 0xec0005 0x0 0x1780d41bd70 0x21 0x0 0x0 0xf30007 0xf 0x38 0x12 0xfd0003 0x12 0x18 0x11d0007 0x5 0x50 0x1c 0x1220004 0x0 0x1780fa39cf0 0x1c 0x0 0x0 0x12f0002 0x21 0x1320002 0x21 0x1370003 0x59 0xfffffffffffffc40 oops 3 37 org/gradle/internal/reflect/MethodSet$MethodKey 108 java/util/LinkedHashMap 125 java/util/HashMap$TreeNode
ciMethodData groovy/lang/MetaClassImpl inheritInterfaceNewMetaMethods (Ljava/util/Set;)V 2 113804 orig 264 120 87 253 249 255 127 0 0 16 164 172 17 120 1 0 0 176 5 0 0 0 0 0 0 0 0 0 0 0 0 0 0 0 0 0 0 0 0 0 0 0 0 0 0 0 0 0 0 0 0 0 0 0 0 0 0 0 0 0 0 0 0 0 0 0 0 0 0 0 0 0 0 0 0 0 0 0 0 0 0 77 68 79 32 101 120 116 114 97 32 100 97 116 97 32 108 111 99 107 0 0 0 0 0 0 0 0 0 0 0 0 0 0 0 0 0 0 0 0 0 0 0 0 0 0 0 0 0 0 0 0 0 0 0 0 0 0 0 0 0 0 0 0 0 0 0 0 0 0 0 0 0 0 0 0 0 0 0 0 0 0 0 0 0 0 0 0 0 0 0 0 0 0 0 0 0 0 0 0 0 0 0 0 0 0 0 0 0 0 0 0 0 0 0 0 0 0 0 0 0 0 0 0 0 0 0 0 0 0 0 0 0 0 0 0 0 31 237 0 0 65 1 0 0 41 117 6 0 0 0 0 0 0 0 0 0 2 0 0 0 3 0 35 0 2 0 0 0 96 4 0 0 254 255 255 255 5 0 1 0 0 0 0 0 data 140 0x10005 0x0 0x1780e7c24b0 0x28 0x0 0x0 0x80005 0x0 0x1780e7c2560 0xdd 0x0 0x0 0xd0007 0x27 0x400 0xb6 0x110005 0x0 0x1780e7c2560 0xb6 0x0 0x0 0x160004 0x0 0x1780e7c2610 0x5c 0x1780e7c26c0 0x5a 0x1c0002 0xb6 0x2d0007 0xb5 0x358 0x1a8 0x3c0004 0xfffffffffffffffd 0x1780e7c2770 0x1a5 0x0 0x0 0x3f0007 0x3 0x270 0x1a5 0x470005 0x0 0x1780e7c2770 0x1a5 0x0 0x0 0x4a0005 0x8 0x1780e7c26c0 0xc1 0x1780e7c2610 0xdc 0x4d0002 0x1a5 0x500007 0x16 0x1e0 0x18f 0x570005 0x6 0x1786c2bfc90 0x189 0x0 0x0 0x680007 0x180 0x190 0xb37f 0x740005 0x0 0x1780e7c2770 0xb37f 0x0 0x0 0x790005 0x317 0x1786c2c12c0 0xb068 0x0 0x0 0x7c0005 0x317 0x1786c2bfc00 0xb068 0x0 0x0 0x7f0007 0xb349 0xc8 0x36 0x840005 0x0 0x1780e7c2770 0x36 0x0 0x0 0x890005 0x0 0x1786c2c12c0 0x36 0x0 0x0 0x8c0002 0x0 0x8f0007 0x28 0x38 0xe 0x950003 0xe 0x30 0x9b0003 0xb371 0xfffffffffffffe88 0xa00007 0xe 0x80 0x199 0xa90005 0x0 0x1780e7c24b0 0x199 0x0 0x0 0xb60005 0x0 0x1780e7c1bb0 0x198 0x1780e7c2820 0x1 0xbc0003 0x1a7 0xfffffffffffffcc0 0xbf0003 0xb5 0xfffffffffffffbe8 oops 18 2 java/util/HashSet 8 java/util/HashMap$KeyIterator 18 java/util/HashMap$KeyIterator 24 org/codehaus/groovy/reflection/stdclasses/CachedSAMClass 26 org/codehaus/groovy/reflection/CachedClass 36 org/codehaus/groovy/reflection/GeneratedMetaMethod$Proxy 46 org/codehaus/groovy/reflection/GeneratedMetaMethod$Proxy 52 org/codehaus/groovy/reflection/CachedClass 54 org/codehaus/groovy/reflection/stdclasses/CachedSAMClass 64 java/lang/Class 74 org/codehaus/groovy/reflection/GeneratedMetaMethod$Proxy 80 java/lang/reflect/Method 86 java/lang/String 96 org/codehaus/groovy/reflection/GeneratedMetaMethod$Proxy 102 java/lang/reflect/Method 124 java/util/HashSet 130 groovy/lang/MetaClassImpl 132 groovy/lang/ExpandoMetaClass
ciMethodData groovy/lang/MetaMethod equal ([Lorg/codehaus/groovy/reflection/CachedClass;[Ljava/lang/Class;)Z 1 186 orig 264 120 87 253 249 255 127 0 0 40 36 49 15 120 1 0 0 40 2 0 0 0 0 0 0 0 0 0 0 0 0 0 0 0 0 0 0 0 0 0 0 0 0 0 0 0 0 0 0 0 0 0 0 0 0 0 0 0 0 0 0 0 0 0 0 0 0 0 0 0 0 0 0 0 0 0 0 0 0 0 0 77 68 79 32 101 120 116 114 97 32 100 97 116 97 32 108 111 99 107 0 0 0 0 0 0 0 0 0 0 0 0 0 0 0 0 0 0 0 0 0 0 0 0 0 0 0 0 0 0 0 0 0 0 0 0 0 0 0 0 0 0 0 0 0 0 0 0 0 0 0 0 0 0 0 0 0 0 0 0 0 0 0 0 0 0 0 0 0 0 0 0 0 0 0 0 0 0 0 0 0 0 0 0 0 0 0 0 0 0 0 0 0 0 0 0 0 0 0 0 0 0 0 0 0 0 0 0 0 0 0 0 0 0 0 0 0 96 0 0 0 209 2 0 0 129 0 0 0 0 0 0 0 0 0 0 0 2 0 0 0 0 0 0 0 0 0 0 0 216 0 0 0 254 255 255 255 7 0 4 0 0 0 0 0 data 27 0x40007 0x13 0xd8 0x47 0xe0007 0x1a 0xb8 0x3d 0x140005 0x3d 0x0 0x0 0x0 0x0 0x1a0005 0x0 0x1786c2bfc90 0x3d 0x0 0x0 0x1d0007 0x10 0x20 0x2d 0x250003 0x10 0xffffffffffffff60 oops 1 16 java/lang/Class
ciMethod java/lang/Object <init> ()V 4097 1 712684 0 0
ciMethod java/lang/Object getClass ()Ljava/lang/Class; 2049 1 256 0 -1
ciMethod java/lang/Object hashCode ()I 2049 1 256 0 -1
ciMethod java/lang/Object equals (Ljava/lang/Object;)Z 3113 1 42055 0 64
ciMethod java/lang/Object clone ()Ljava/lang/Object; 2049 1 256 0 -1
ciMethod java/lang/String equals (Ljava/lang/Object;)Z 2057 12097 2562 0 -1
ciMethod java/lang/Class isAssignableFrom (Ljava/lang/Class;)Z 2057 1 257 0 -1
ciMethod java/lang/Class isInterface ()Z 2049 1 256 0 -1
ciMethod java/lang/Class getClassLoader0 ()Ljava/lang/ClassLoader; 1033 1 129 0 -1
ciMethod java/lang/Class getSuperclass ()Ljava/lang/Class; 3073 1 384 0 -1
ciMethod java/lang/Class getInterfaces ()[Ljava/lang/Class; 9 1 6168 0 1024
ciMethod java/lang/Class getInterfaces0 ()[Ljava/lang/Class; 2057 1 257 0 -1
ciMethod java/lang/Class getMethods ()[Ljava/lang/reflect/Method; 2049 1 1780 0 0
ciMethod java/lang/Class checkMemberAccess (ILjava/lang/Class;Z)V 2057 1 5380 0 96
ciMethod java/lang/Class checkPackageAccess (Ljava/lang/ClassLoader;Z)V 193 1 160 0 -1
ciMethod java/lang/Class reflectionData ()Ljava/lang/Class$ReflectionData; 2313 1 5421 0 672
ciMethod java/lang/Class newReflectionData (Ljava/lang/ref/SoftReference;I)Ljava/lang/Class$ReflectionData; 1609 1 1622 0 0
ciMethod java/lang/Class privateGetDeclaredMethods (Z)[Ljava/lang/reflect/Method; 2049 1 5667 0 1056
ciMethod java/lang/Class privateGetPublicMethods ()[Ljava/lang/reflect/Method; 1849 8361 2464 0 0
ciMethod java/lang/Class arrayContentsEq ([Ljava/lang/Object;[Ljava/lang/Object;)Z 2065 1361 5382 0 192
ciMethod java/lang/Class copyMethods ([Ljava/lang/reflect/Method;)[Ljava/lang/reflect/Method; 1873 16385 1560 0 1024
ciMethod java/lang/Class getDeclaredMethods0 (Z)[Ljava/lang/reflect/Method; 2057 1 257 0 -1
ciMethod java/lang/Class getReflectionFactory ()Lsun/reflect/ReflectionFactory; 2057 1 7006 0 -1
ciMethod java/lang/Class checkInitted ()V 2073 1 12953 0 0
ciMethod java/lang/Class access$300 ([Ljava/lang/Object;[Ljava/lang/Object;)Z 153 1 170 0 0
ciMethod java/lang/ClassLoader getClassLoader (Ljava/lang/Class;)Ljava/lang/ClassLoader; 25 1 1091 0 -1
ciMethod java/lang/System getSecurityManager ()Ljava/lang/SecurityManager; 2049 1 45349 0 0
ciMethod java/lang/SecurityManager checkPermission (Ljava/security/Permission;)V 0 0 1 0 -1
ciMethod java/lang/ref/Reference get ()Ljava/lang/Object; 1057 1 132 0 -1
ciMethod java/lang/ref/Reference <init> (Ljava/lang/Object;)V 2065 1 31425 0 0
ciMethod java/lang/ref/Reference <init> (Ljava/lang/Object;Ljava/lang/ref/ReferenceQueue;)V 2057 1 34607 0 128
ciMethod java/lang/ref/SoftReference <init> (Ljava/lang/Object;)V 2113 1 7978 0 0
ciMethod java/lang/ref/SoftReference get ()Ljava/lang/Object; 2049 1 25124 0 0
ciMethod java/util/Map get (Ljava/lang/Object;)Ljava/lang/Object; 0 0 1 0 -1
ciMethod java/lang/reflect/Member getName ()Ljava/lang/String; 0 0 1 0 -1
ciMethod java/lang/reflect/Method getDeclaringClass ()Ljava/lang/Class; 1289 1 161 0 0
ciMethod java/lang/reflect/Method getName ()Ljava/lang/String; 3145 1 393 0 0
ciMethod java/lang/reflect/Method getModifiers ()I 1225 1 153 0 0
ciMethod java/lang/reflect/Method getReturnType ()Ljava/lang/Class; 1209 1 151 0 0
ciMethod java/lang/reflect/Method getParameterTypes ()[Ljava/lang/Class; 3577 1 44582 0 256
ciMethod java/lang/reflect/Method equals (Ljava/lang/Object;)Z 3953 1 26128 0 192
ciMethod java/lang/reflect/Method isDefault ()Z 2089 1 26362 0 0
ciMethod java/lang/reflect/Executable equalParamTypes ([Ljava/lang/Class;[Ljava/lang/Class;)Z 49 9 403 0 0
ciMethod sun/misc/Unsafe compareAndSwapObject (Ljava/lang/Object;JLjava/lang/Object;Ljava/lang/Object;)Z 2049 1 256 0 -1
ciMethod java/security/AccessController doPrivileged (Ljava/security/PrivilegedAction;)Ljava/lang/Object; 3073 1 384 0 -1
ciMethod java/util/List toArray ([Ljava/lang/Object;)[Ljava/lang/Object; 0 0 1 0 -1
ciMethod java/util/List addAll (Ljava/util/Collection;)Z 0 0 1 0 -1
ciMethod sun/reflect/ReflectionFactory copyMethod (Ljava/lang/reflect/Method;)Ljava/lang/reflect/Method; 2921 1 64524 0 -1
ciMethod java/util/ArrayList <init> (Ljava/util/Collection;)V 2105 1 1311 0 -1
ciMethod java/util/Set iterator ()Ljava/util/Iterator; 0 0 1 0 -1
ciMethod java/util/Set add (Ljava/lang/Object;)Z 0 0 1 0 -1
ciMethod sun/reflect/Reflection getCallerClass ()Ljava/lang/Class; 2049 1 256 0 -1
ciMethod sun/reflect/Reflection filterMethods (Ljava/lang/Class;[Ljava/lang/reflect/Method;)[Ljava/lang/reflect/Method; 1025 1 966 0 0
ciMethod sun/reflect/Reflection filter ([Ljava/lang/reflect/Member;[Ljava/lang/String;)[Ljava/lang/reflect/Member; 1337 1 1661 0 0
ciMethod java/util/HashMap hash (Ljava/lang/Object;)I 2073 1 74393 0 160
ciMethod java/util/HashMap comparableClassFor (Ljava/lang/Object;)Ljava/lang/Class; 3449 1 1091 0 -1
ciMethod java/util/HashMap compareComparables (Ljava/lang/Class;Ljava/lang/Object;Ljava/lang/Object;)I 0 0 1 0 -1
ciMethod java/util/HashMap put (Ljava/lang/Object;Ljava/lang/Object;)Ljava/lang/Object; 753 1 20331 0 1312
ciMethod java/util/HashMap putVal (ILjava/lang/Object;Ljava/lang/Object;ZZ)Ljava/lang/Object; 753 57 29965 0 1248
ciMethod java/util/HashMap resize ()[Ljava/util/HashMap$Node; 897 265 4043 0 -1
ciMethod java/util/HashMap treeifyBin ([Ljava/util/HashMap$Node;I)V 1 1 20 0 0
ciMethod java/util/HashMap removeNode (ILjava/lang/Object;Ljava/lang/Object;ZZ)Ljava/util/HashMap$Node; 1 1 515 0 -1
ciMethod java/util/HashMap newNode (ILjava/lang/Object;Ljava/lang/Object;Ljava/util/HashMap$Node;)Ljava/util/HashMap$Node; 2081 1 5411 0 224
ciMethod java/util/HashMap newTreeNode (ILjava/lang/Object;Ljava/lang/Object;Ljava/util/HashMap$Node;)Ljava/util/HashMap$TreeNode; 0 0 1 0 -1
ciMethod java/util/HashMap replacementTreeNode (Ljava/util/HashMap$Node;Ljava/util/HashMap$Node;)Ljava/util/HashMap$TreeNode; 0 0 1 0 -1
ciMethod java/util/HashMap afterNodeAccess (Ljava/util/HashMap$Node;)V 2249 1 1352 0 0
ciMethod java/util/HashMap afterNodeInsertion (Z)V 2097 1 1296 0 0
ciMethod java/util/HashMap$Node <init> (ILjava/lang/Object;Ljava/lang/Object;Ljava/util/HashMap$Node;)V 2049 1 11186 0 0
ciMethod java/util/Iterator hasNext ()Z 0 0 1 0 -1
ciMethod java/util/Iterator next ()Ljava/lang/Object; 0 0 1 0 -1
ciMethod java/lang/Class$3 <init> ()V 41 1 5 0 -1
ciMethod java/lang/Class$ReflectionData <init> (I)V 2065 1 1622 0 0
ciMethod java/lang/Class$Atomic casReflectionData (Ljava/lang/Class;Ljava/lang/ref/SoftReference;Ljava/lang/ref/SoftReference;)Z 2633 1 1622 0 0
ciMethod java/lang/reflect/Modifier isStatic (I)Z 2105 1 36648 0 64
ciMethod java/lang/reflect/Modifier isAbstract (I)Z 3169 1 27660 0 64
ciMethod java/util/Arrays copyOf ([Ljava/lang/Object;I)[Ljava/lang/Object; 2105 1 9586 0 416
ciMethod java/util/Arrays copyOf ([Ljava/lang/Object;ILjava/lang/Class;)[Ljava/lang/Object; 3073 1 5506 0 -1
ciMethod java/util/Arrays asList ([Ljava/lang/Object;)Ljava/util/List; 1113 1 3505 0 -1
ciMethod java/util/LinkedHashMap linkNodeLast (Ljava/util/LinkedHashMap$Entry;)V 2145 1 5703 0 0
ciMethod java/util/LinkedHashMap newNode (ILjava/lang/Object;Ljava/lang/Object;Ljava/util/HashMap$Node;)Ljava/util/HashMap$Node; 2145 1 5662 0 320
ciMethod java/util/LinkedHashMap afterNodeInsertion (Z)V 3081 1 12740 0 128
ciMethod java/util/LinkedHashMap afterNodeAccess (Ljava/util/HashMap$Node;)V 1 1 1169 0 0
ciMethod java/util/LinkedHashMap removeEldestEntry (Ljava/util/Map$Entry;)Z 1025 1 128 0 0
ciMethod java/util/LinkedHashMap$Entry <init> (ILjava/lang/Object;Ljava/lang/Object;Ljava/util/HashMap$Node;)V 2145 1 5775 0 96
ciMethodData java/lang/Object <init> ()V 2 712684 orig 264 120 87 253 249 255 127 0 0 128 4 91 126 120 1 0 0 32 1 0 0 0 0 0 0 0 0 0 0 0 0 0 0 0 0 0 0 0 0 0 0 0 0 0 0 0 0 0 0 0 0 0 0 0 0 0 0 0 0 0 0 0 0 0 0 0 0 0 0 0 0 0 0 0 0 0 0 0 0 0 0 77 68 79 32 101 120 116 114 97 32 100 97 116 97 32 108 111 99 107 0 0 0 0 0 0 0 0 0 0 0 0 0 0 0 0 0 0 0 0 0 0 0 0 0 0 0 0 0 0 0 0 0 0 0 0 0 0 0 0 0 0 0 0 0 0 0 0 0 0 0 0 0 0 0 0 0 0 0 0 0 0 0 0 0 0 0 0 0 0 0 0 0 0 0 0 0 0 0 0 0 0 0 0 0 1 0 0 0 0 0 0 0 1 0 0 0 0 0 0 0 1 0 0 0 0 0 0 0 0 0 0 0 0 0 0 0 0 2 0 0 97 239 86 0 1 0 0 0 0 0 0 0 0 0 0 0 2 0 0 0 0 0 3 0 1 0 0 0 0 0 0 0 254 255 255 255 0 0 0 0 0 0 0 0 data 0 oops 0
ciMethod java/lang/IllegalArgumentException <init> (Ljava/lang/String;)V 0 0 2 0 -1
ciMethod java/lang/reflect/Array newInstance (Ljava/lang/Class;I)Ljava/lang/Object; 2889 1 3946 0 -1
ciMethod java/util/HashMap$TreeNode root ()Ljava/util/HashMap$TreeNode; 0 0 1 0 -1
ciMethod java/util/HashMap$TreeNode moveRootToFront ([Ljava/util/HashMap$Node;Ljava/util/HashMap$TreeNode;)V 497 1 59 0 -1
ciMethod java/util/HashMap$TreeNode find (ILjava/lang/Object;Ljava/lang/Class;)Ljava/util/HashMap$TreeNode; 1929 1361 978 0 -1
ciMethod java/util/HashMap$TreeNode tieBreakOrder (Ljava/lang/Object;Ljava/lang/Object;)I 2433 1 406 0 -1
ciMethod java/util/HashMap$TreeNode treeify ([Ljava/util/HashMap$Node;)V 169 3369 18 0 -1
ciMethod java/util/HashMap$TreeNode putTreeVal (Ljava/util/HashMap;[Ljava/util/HashMap$Node;ILjava/lang/Object;Ljava/lang/Object;)Ljava/util/HashMap$TreeNode; 65 145 41 0 0
ciMethod java/util/HashMap$TreeNode split (Ljava/util/HashMap;[Ljava/util/HashMap$Node;II)V 33 385 15 0 -1
ciMethod java/util/HashMap$TreeNode balanceInsertion (Ljava/util/HashMap$TreeNode;Ljava/util/HashMap$TreeNode;)Ljava/util/HashMap$TreeNode; 1665 1145 185 0 -1
ciMethodData java/lang/System getSecurityManager ()Ljava/lang/SecurityManager; 2 45349 orig 264 120 87 253 249 255 127 0 0 144 148 92 126 120 1 0 0 24 1 0 0 0 0 0 0 0 0 0 0 0 0 0 0 0 0 0 0 0 0 0 0 0 0 0 0 0 0 0 0 0 0 0 0 0 0 0 0 0 0 0 0 0 0 0 0 0 0 0 0 0 0 0 0 0 0 0 0 0 0 0 0 77 68 79 32 101 120 116 114 97 32 100 97 116 97 32 108 111 99 107 0 0 0 0 0 0 0 0 0 0 0 0 0 0 0 0 0 0 0 0 0 0 0 0 0 0 0 0 0 0 0 0 0 0 0 0 0 0 0 0 0 0 0 0 0 0 0 0 0 0 0 0 0 0 0 0 0 0 0 0 0 0 0 0 0 0 0 0 0 0 0 0 0 0 0 0 0 0 0 0 0 0 0 0 0 0 0 0 0 0 0 0 0 0 0 0 0 0 0 0 0 0 0 0 0 0 0 0 0 0 0 0 0 0 0 0 0 0 1 0 0 41 129 5 0 1 0 0 0 0 0 0 0 0 0 0 0 2 0 0 0 0 0 3 0 1 0 0 0 0 0 0 0 254 255 255 255 0 0 0 0 0 0 0 0 data 0 oops 0
ciMethod java/lang/Class$MethodArray <init> ()V 2097 1 1006 0 0
ciMethod java/lang/Class$MethodArray <init> (I)V 2073 1 6263 0 0
ciMethod java/lang/Class$MethodArray hasDefaults ()Z 2049 1 1556 0 0
ciMethod java/lang/Class$MethodArray add (Ljava/lang/reflect/Method;)V 2545 1 9568 0 704
ciMethod java/lang/Class$MethodArray addAll ([Ljava/lang/reflect/Method;)V 1081 7801 564 0 0
ciMethod java/lang/Class$MethodArray addAll (Ljava/lang/Class$MethodArray;)V 0 0 122 0 0
ciMethod java/lang/Class$MethodArray addIfNotPresent (Ljava/lang/reflect/Method;)V 2049 25033 1228 0 1344
ciMethod java/lang/Class$MethodArray addAllIfNotPresent (Ljava/lang/Class$MethodArray;)V 1081 5417 442 0 0
ciMethod java/lang/Class$MethodArray addInterfaceMethods ([Ljava/lang/reflect/Method;)V 561 5417 449 0 0
ciMethod java/lang/Class$MethodArray length ()I 1033 1 129 0 0
ciMethod java/lang/Class$MethodArray get (I)Ljava/lang/reflect/Method; 3041 1 50853 0 0
ciMethod java/lang/Class$MethodArray removeByNameAndDescriptor (Ljava/lang/reflect/Method;)V 3129 27681 1606 0 864
ciMethod java/lang/Class$MethodArray remove (I)V 497 1 3213 0 0
ciMethod java/lang/Class$MethodArray matchesNameAndDescriptor (Ljava/lang/reflect/Method;Ljava/lang/reflect/Method;)Z 2113 1 9247 0 576
ciMethod java/lang/Class$MethodArray compactAndTrim ()V 1081 12361 442 0 0
ciMethod java/lang/Class$MethodArray removeLessSpecifics ()V 721 497 1555 0 0
ciMethod java/lang/Class$MethodArray getArray ()[Ljava/lang/reflect/Method; 1049 1 131 0 0
ciMethod java/lang/Class$MethodArray hasMoreSpecificClass (Ljava/lang/reflect/Method;Ljava/lang/reflect/Method;)Z 0 0 57 0 0
ciMethodData java/util/HashMap hash (Ljava/lang/Object;)I 2 74393 orig 264 120 87 253 249 255 127 0 0 32 153 105 126 120 1 0 0 176 1 0 0 0 0 0 0 0 0 0 0 0 0 0 0 0 0 0 0 0 0 0 0 0 0 0 0 0 0 0 0 0 0 0 0 0 0 0 0 0 0 0 0 0 0 0 0 0 0 0 0 0 0 0 0 0 0 0 0 0 0 0 0 77 68 79 32 101 120 116 114 97 32 100 97 116 97 32 108 111 99 107 0 0 0 0 0 0 0 0 0 0 0 0 0 0 0 0 0 0 0 0 0 0 0 0 0 0 0 0 0 0 0 0 0 0 0 0 0 0 0 0 0 0 0 0 0 1 0 0 0 1 0 0 0 0 0 0 0 0 0 0 0 0 0 0 0 0 0 0 0 0 0 0 0 0 0 0 0 0 0 0 3 0 0 0 0 17 0 0 0 0 0 0 0 0 0 0 0 0 0 0 0 0 0 0 0 0 0 0 0 0 0 0 0 0 0 0 0 3 1 0 0 177 12 9 0 1 0 0 0 175 165 0 0 0 0 0 0 2 0 0 0 0 0 6 0 2 0 0 0 104 0 0 0 254 255 255 255 7 224 1 0 0 0 0 0 data 13 0x1e007 0x120cd 0x38 0xcc 0x50003 0xcc 0x48 0x90005 0xa431 0x1787f058e50 0x5b3 0x1786c2bfc00 0x76e0 oops 2 9 java/security/CodeSource 11 java/lang/String
ciMethodData java/lang/ref/Reference <init> (Ljava/lang/Object;Ljava/lang/ref/ReferenceQueue;)V 2 34607 orig 264 120 87 253 249 255 127 0 0 144 133 93 126 120 1 0 0 120 1 0 0 0 0 0 0 0 0 0 0 0 0 0 0 0 0 0 0 0 0 0 0 0 0 0 0 0 0 0 0 0 0 0 0 0 0 0 0 0 0 0 0 0 0 0 0 0 0 0 0 0 0 0 0 0 0 0 0 0 0 0 0 77 68 79 32 101 120 116 114 97 32 100 97 116 97 32 108 111 99 107 0 0 0 0 0 0 0 0 0 0 0 0 0 0 0 0 0 0 0 0 0 0 0 0 0 0 0 0 0 0 0 0 0 0 0 0 0 0 0 0 0 0 0 0 0 0 0 0 0 0 0 0 0 0 0 0 0 0 0 0 0 0 0 0 0 0 0 0 0 0 0 0 0 0 0 0 0 0 0 0 0 0 0 0 0 1 0 0 0 0 0 0 0 0 0 0 0 0 0 0 0 1 0 0 0 0 0 0 0 0 0 0 0 0 0 0 0 1 1 0 0 113 49 4 0 1 0 0 0 0 0 0 0 0 0 0 0 2 0 0 0 0 0 6 0 2 0 0 0 72 0 0 0 254 255 255 255 2 0 1 0 0 0 0 0 data 9 0x10002 0x862e 0xb0007 0x3dcf 0x38 0x485f 0x110003 0x485f 0x18 oops 0
ciMethodData java/util/HashMap put (Ljava/lang/Object;Ljava/lang/Object;)Ljava/lang/Object; 2 20331 orig 264 120 87 253 249 255 127 0 0 16 164 105 126 120 1 0 0 152 1 0 0 0 0 0 0 0 0 0 0 0 0 0 0 0 0 0 0 0 0 0 0 0 0 0 0 0 0 0 0 0 0 0 0 0 0 0 0 0 0 0 0 0 0 0 0 0 0 0 0 0 0 0 0 0 0 0 0 0 0 0 0 77 68 79 32 101 120 116 114 97 32 100 97 116 97 32 108 111 99 107 0 0 0 0 0 0 0 0 0 0 0 0 0 0 0 0 0 0 0 0 0 0 0 0 0 0 0 0 0 0 0 0 0 0 0 0 0 0 0 0 0 0 0 0 0 2 0 0 0 0 0 0 0 0 0 0 0 0 0 0 0 0 0 0 0 0 0 0 0 0 0 0 0 0 0 0 0 0 0 0 0 0 0 0 0 17 0 0 0 0 0 0 0 0 0 0 0 0 0 0 0 0 0 0 0 0 0 0 0 0 0 0 0 0 0 0 0 94 0 0 0 105 120 2 0 1 0 0 0 255 50 0 0 0 0 0 0 2 0 0 0 0 0 7 0 2 0 0 0 64 0 0 0 254 255 255 255 2 0 2 0 0 0 0 0 data 8 0x20002 0x4f0d 0x90005 0x177 0x1780d41a620 0x2652 0x1780d41bd70 0x2745 oops 2 4 java/util/HashMap 6 java/util/LinkedHashMap
ciMethodData java/util/HashMap putVal (ILjava/lang/Object;Ljava/lang/Object;ZZ)Ljava/lang/Object; 2 29965 orig 264 120 87 253 249 255 127 0 0 240 165 105 126 120 1 0 0 176 6 0 0 0 2 0 0 0 0 0 0 0 0 0 0 0 0 0 0 0 0 0 0 0 0 0 0 0 0 0 0 0 0 0 0 0 0 0 0 0 0 0 0 0 0 0 0 0 0 0 0 0 0 0 0 0 0 0 0 0 0 0 0 77 68 79 32 101 120 116 114 97 32 100 97 116 97 32 108 111 99 107 0 0 0 0 0 0 0 0 0 0 0 0 0 0 0 0 0 0 0 0 0 0 0 0 0 0 0 0 0 0 0 0 0 0 0 0 0 0 0 0 0 0 0 0 0 6 0 0 0 2 0 0 0 0 0 0 0 0 0 0 0 0 0 0 0 4 0 0 7 0 0 0 0 0 0 0 0 0 0 0 4 0 0 0 0 0 0 0 0 0 0 0 0 0 0 0 0 0 0 0 0 0 0 0 0 0 0 0 0 0 0 0 0 0 0 0 0 94 0 0 0 121 165 3 0 225 105 0 0 78 96 0 0 131 8 0 0 2 0 0 0 1 0 50 0 2 0 0 0 64 5 0 0 254 255 255 255 7 0 7 0 0 0 0 0 data 168 0x70007 0x154a 0x40 0x5f65 0x100007 0x5f65 0x50 0x0 0x140005 0xef 0x1780d41a620 0xc58 0x1780d41bd70 0x803 0x2c0007 0x25a3 0x98 0x4f0c 0x387005 0x2e 0x1780d41a620 0x3428 0x1780d41bd70 0x1ab9 0x3b0004 0x0 0x1780fa38b90 0x3429 0x1780bd9e900 0x1ae6 0x3c0003 0x4f0f 0x3d0 0x450007 0x1e0a 0xc8 0x799 0x510007 0x2e0 0x90 0x4b9 0x550007 0x1 0x88 0x4b8 0x5bf005 0x2ba 0x1787f058a60 0xb8 0x1786c2bfc00 0x149 0x5e0007 0x297 0x38 0x224 0x650003 0x504 0x278 0x6a0004 0xffffffffffffdf85 0x1780fa38b90 0x86 0x1780bd9e900 0x63 0x6de007 0x207b 0x98 0x29 0x720004 0x0 0x1780fa39cf0 0x29 0x0 0x0 0x7b0005 0x9 0x1780fa39cf0 0x20 0x0 0x0 0x800003 0x29 0x1b0 0x8e0007 0xeda 0xb8 0x1edd 0x980005 0xc39 0x1780d41a620 0x1290 0x1780bd9e9b0 0x14 0xa2e007 0x1ecc 0x148 0x12 0xa90005 0x4 0x1780d41bd70 0xe 0x0 0x0 0xac0003 0x12 0xf8 0xb50007 0x915 0xc8 0x5c5 0xc10007 0x135 0xc0 0x490 0xc50007 0x0 0x88 0x490 0xcbf005 0x455 0x1787f058a60 0x15 0x1786c2bfc00 0x2b 0xce0007 0x427 0x38 0x6e 0xd10003 0x6e 0x30 0xdb0003 0xd3c 0xfffffffffffffe80 0xe00007 0x1f07 0x90 0x6a7 0xece007 0x676 0x40 0x32 0xf10007 0x32 0x20 0x0 0xfd0005 0x52 0x1780d41bd70 0x354 0x1780d41a620 0x302 0x11c0007 0x6abb 0x50 0x35b 0x1200005 0x17 0x1780d41a620 0x22d 0x1780d41bd70 0x117 0x1270005 0x271d 0x1780d41a620 0x46b8 0x1780bd9e9b0 0x41 oops 23 10 java/util/HashMap 12 java/util/LinkedHashMap 20 java/util/HashMap 22 java/util/LinkedHashMap 26 java/util/HashMap$Node 28 java/util/LinkedHashMap$Entry 47 java/io/File 49 java/lang/String 60 java/util/HashMap$Node 62 java/util/LinkedHashMap$Entry 70 java/util/HashMap$TreeNode 76 java/util/HashMap$TreeNode 89 java/util/HashMap 91 java/io/ExpiringCache$1 99 java/util/LinkedHashMap 120 java/io/File 122 java/lang/String 148 java/util/LinkedHashMap 150 java/util/HashMap 158 java/util/HashMap 160 java/util/LinkedHashMap 164 java/util/HashMap 166 java/io/ExpiringCache$1
ciMethod java/util/HashMap$HashIterator hasNext ()Z 2065 1 5399 0 64
ciMethod java/util/HashMap$HashIterator nextNode ()Ljava/util/HashMap$Node; 2225 16321 4417 0 544
ciMethodData java/lang/ref/Reference <init> (Ljava/lang/Object;)V 2 31425 orig 264 120 87 253 249 255 127 0 0 224 132 93 126 120 1 0 0 56 1 0 0 0 0 0 0 0 0 0 0 0 0 0 0 0 0 0 0 0 0 0 0 0 0 0 0 0 0 0 0 0 0 0 0 0 0 0 0 0 0 0 0 0 0 0 0 0 0 0 0 0 0 0 0 0 0 0 0 0 0 0 0 77 68 79 32 101 120 116 114 97 32 100 97 116 97 32 108 111 99 107 0 0 0 0 0 0 0 0 0 0 0 0 0 0 0 0 0 0 0 0 0 0 0 0 0 0 0 0 0 0 0 0 0 0 0 0 0 0 0 0 0 0 0 0 0 0 0 0 0 0 0 0 0 0 0 0 0 0 0 0 0 0 0 0 0 0 0 0 0 0 0 0 0 0 0 0 0 0 0 0 0 0 0 0 0 1 0 0 0 0 0 0 0 0 0 0 0 0 0 0 0 1 0 0 0 0 0 0 0 0 0 0 0 0 0 0 0 2 1 0 0 249 205 3 0 1 0 0 0 0 0 0 0 0 0 0 0 2 0 0 0 0 0 6 0 2 0 0 0 16 0 0 0 254 255 255 255 2 0 3 0 0 0 0 0 data 2 0x30002 0x79bf oops 0
ciMethodData java/lang/reflect/Modifier isStatic (I)Z 2 36648 orig 264 120 87 253 249 255 127 0 0 104 102 108 126 120 1 0 0 88 1 0 0 0 0 0 0 0 0 0 0 0 0 0 0 0 0 0 0 0 0 0 0 0 0 0 0 0 0 0 0 0 0 0 0 0 0 0 0 0 0 0 0 0 0 0 0 0 0 0 0 0 0 0 0 0 0 0 0 0 0 0 0 77 68 79 32 101 120 116 114 97 32 100 97 116 97 32 108 111 99 107 0 0 0 0 0 0 0 0 0 0 0 0 0 0 0 0 0 0 0 0 0 0 0 0 0 0 0 0 0 0 0 0 0 0 0 0 0 0 0 0 0 0 0 0 0 0 0 0 0 0 0 0 0 0 0 0 0 0 0 0 0 0 0 0 0 0 0 0 0 0 0 0 0 0 0 0 0 0 0 0 0 0 0 0 0 0 0 0 0 0 0 0 0 0 0 0 0 0 0 0 0 0 0 0 0 0 0 0 0 0 0 0 0 0 0 0 0 7 1 0 0 9 113 4 0 1 0 0 0 0 0 0 0 0 0 0 0 2 0 0 0 0 0 6 0 2 0 0 0 56 0 0 0 254 255 255 255 7 0 4 0 0 0 0 0 data 7 0x40007 0x7c24 0x38 0x11fd 0x80003 0x11fd 0x18 oops 0
ciMethodData java/lang/Object equals (Ljava/lang/Object;)Z 2 42413 orig 264 120 87 253 249 255 127 0 0 232 6 91 126 120 1 0 0 136 1 0 0 0 0 0 0 0 0 0 0 0 0 0 0 0 0 0 0 0 0 0 0 0 0 0 0 0 0 0 0 0 0 0 0 0 0 0 0 0 0 0 0 0 0 0 0 0 0 0 0 0 0 0 0 0 0 0 0 0 0 0 0 77 68 79 32 101 120 116 114 97 32 100 97 116 97 32 108 111 99 107 0 0 0 0 0 0 0 0 0 0 0 0 0 0 0 0 0 0 0 0 0 0 0 0 0 0 0 0 0 0 0 0 0 0 0 0 0 0 0 0 0 0 0 0 0 0 0 0 0 0 0 0 0 0 0 0 0 0 0 0 0 0 0 0 0 0 0 0 0 0 0 0 0 0 0 0 0 0 0 0 0 0 0 0 0 0 0 0 0 0 0 0 0 0 0 0 0 0 0 0 0 0 0 0 0 0 0 0 0 0 0 0 0 0 0 0 0 133 1 0 0 65 33 5 0 1 0 0 0 0 0 0 0 0 0 0 0 2 0 0 0 0 0 6 0 2 0 0 0 56 0 0 0 254 255 255 255 7 0 2 0 0 0 0 0 data 7 0x20007 0x6a1f 0x38 0x3a09 0x60003 0x3a0a 0x18 oops 0
ciMethod java/util/HashSet add (Ljava/lang/Object;)Z 2049 1 11444 0 512
ciMethodData java/util/HashMap resize ()[Ljava/util/HashMap$Node; 2 40507 orig 264 120 87 253 249 255 127 0 0 32 168 105 126 120 1 0 0 56 6 0 0 216 2 0 0 0 0 0 0 0 0 0 0 0 0 0 0 0 0 0 0 0 0 0 0 0 0 0 0 0 0 0 0 0 0 0 0 0 0 0 0 0 0 0 0 0 0 0 0 0 0 0 0 0 0 0 0 0 0 0 0 77 68 79 32 101 120 116 114 97 32 100 97 116 97 32 108 111 99 107 0 0 0 0 0 0 0 0 0 0 0 0 0 0 0 0 0 0 0 0 0 0 0 0 0 0 0 0 0 0 0 0 0 0 0 0 0 0 0 0 0 0 0 0 0 1 0 0 0 0 0 0 0 0 0 0 0 0 0 0 0 0 0 0 0 0 0 0 0 0 0 0 0 0 0 0 0 0 0 0 1 0 0 0 0 0 0 0 0 0 0 0 0 0 0 0 0 0 0 0 0 0 0 0 0 0 0 0 0 0 0 0 0 0 0 0 0 112 0 0 0 41 129 0 0 209 240 4 0 231 5 0 0 78 65 0 0 2 0 0 0 2 0 56 0 2 0 0 0 240 4 0 0 254 255 255 255 7 0 6 0 0 0 0 0 data 158 0x60007 0x46d 0x38 0xbb8 0xa0003 0xbb8 0x18 0x190007 0xbb8 0x98 0x46d 0x1f0007 0x46d 0x20 0x0 0x320007 0x0 0x90 0x46d 0x380007 0x1cd 0x70 0x2a0 0x400003 0x2a0 0x50 0x440007 0x68e 0x38 0x52a 0x4a0003 0x52a 0x18 0x570007 0x92e 0x78 0x6f7 0x680007 0x0 0x58 0x6f7 0x700007 0x0 0x38 0x6f7 0x760003 0x6f7 0x18 0x880004 0x0 0x1780fa38c40 0xce 0x0 0x0 0x940007 0xbb8 0x340 0x46d 0x9d0007 0x46e 0x320 0x6f39 0xa70007 0x33a7 0x2e8 0x3b92 0xae0104 0x0 0x0 0x0 0x0 0x0 0xb40007 0x14e1 0x68 0x26b1 0xc50004 0x0 0x1780fa38b90 0x1b7d 0x1780bd9e900 0xb34 0xc60003 0x26b1 0x248 0xcb0004 0xffffffffffffeb2d 0x1780fa38b90 0x33 0x1780bd9e900 0x55 0xcee007 0x14d3 0x98 0xf 0xd30004 0x0 0x1780fa39cf0 0xf 0x0 0x0 0xdc0005 0x4 0x1780fa39cf0 0xb 0x0 0x0 0xdf0003 0xf 0x180 0xfc0007 0x1625 0x70 0x1943 0x1010007 0x8f0 0x38 0x1053 0x1080003 0x1053 0x18 0x1160003 0x1943 0x50 0x11b0007 0x760 0x38 0xec5 0x1220003 0xec5 0x18 0x1350007 0x1a95 0xffffffffffffff58 0x14d3 0x13a0007 0x480 0x50 0x1053 0x1490004 0x0 0x1780fa38b90 0xb6e 0x1780bd9e900 0x4e5 0x14c0007 0x60e 0x50 0xec5 0x15d0004 0x0 0x1780fa38b90 0xa12 0x1780bd9e900 0x4b3 0x1610003 0x6f3a 0xfffffffffffffcf8 oops 11 50 [Ljava/util/HashMap$Node; 78 java/util/HashMap$Node 80 java/util/LinkedHashMap$Entry 87 java/util/HashMap$Node 89 java/util/LinkedHashMap$Entry 97 java/util/HashMap$TreeNode 103 java/util/HashMap$TreeNode 141 java/util/HashMap$Node 143 java/util/LinkedHashMap$Entry 151 java/util/HashMap$Node 153 java/util/LinkedHashMap$Entry
ciMethodData java/util/HashMap treeifyBin ([Ljava/util/HashMap$Node;I)V 1 143 orig 264 120 87 253 249 255 127 0 0 48 169 105 126 120 1 0 0 8 3 0 0 136 0 0 0 0 0 0 0 0 0 0 0 0 0 0 0 0 0 0 0 0 0 0 0 0 0 0 0 0 0 0 0 0 0 0 0 0 0 0 0 0 0 0 0 0 0 0 0 0 0 0 0 0 0 0 0 0 0 0 0 77 68 79 32 101 120 116 114 97 32 100 97 116 97 32 108 111 99 107 0 0 0 0 0 0 0 0 0 0 0 0 0 0 0 0 0 0 0 0 0 0 0 0 0 0 0 0 0 0 0 0 0 0 0 0 0 0 0 0 0 0 0 0 0 0 0 0 0 0 0 0 0 0 0 0 0 0 0 0 0 0 0 0 0 0 0 0 0 0 0 0 0 0 0 0 0 0 0 0 0 0 0 0 0 17 0 0 0 0 0 0 0 0 0 0 0 0 0 0 0 0 0 0 0 0 0 0 0 0 0 0 0 0 0 0 0 0 0 0 0 161 0 0 0 121 4 0 0 0 0 0 0 0 0 0 0 2 0 0 0 0 0 0 0 0 0 0 0 176 1 0 0 254 255 255 255 7 0 1 0 0 0 0 0 data 54 0x10007 0x0 0x40 0x14 0xa0007 0x12 0x68 0x2 0xe0005 0x2 0x0 0x0 0x0 0x0 0x120003 0x2 0x140 0x220007 0x0 0x128 0x12 0x2f0005 0x0 0x1780d41bd70 0xa2 0x0 0x0 0x360007 0x90 0x38 0x12 0x3d0003 0x12 0x18 0x5a0007 0x90 0xffffffffffffff98 0x12 0x630004 0x0 0x1780fa39cf0 0x12 0x0 0x0 0x640007 0x0 0x50 0x12 0x6a0005 0x12 0x0 0x0 0x0 0x0 oops 2 23 java/util/LinkedHashMap 40 java/util/HashMap$TreeNode
ciMethodData java/util/HashMap$Node <init> (ILjava/lang/Object;Ljava/lang/Object;Ljava/util/HashMap$Node;)V 2 11186 orig 264 120 87 253 249 255 127 0 0 136 232 105 126 120 1 0 0 80 1 0 0 0 0 0 0 0 0 0 0 0 0 0 0 0 0 0 0 0 0 0 0 0 0 0 0 0 0 0 0 0 0 0 0 0 0 0 0 0 0 0 0 0 0 0 0 0 0 0 0 0 0 0 0 0 0 0 0 0 0 0 0 77 68 79 32 101 120 116 114 97 32 100 97 116 97 32 108 111 99 107 0 0 0 0 0 0 0 0 0 0 0 0 0 0 0 0 0 0 0 0 0 0 0 0 0 0 0 0 0 0 0 0 0 0 0 0 0 0 0 0 0 0 0 0 0 0 0 0 0 0 0 0 0 0 0 0 0 0 0 0 0 0 0 0 0 0 0 0 0 0 0 0 0 0 0 0 0 0 0 0 0 0 0 0 0 1 0 0 0 0 0 0 0 0 0 0 0 0 0 0 0 1 0 0 0 0 0 0 0 0 0 0 0 0 0 0 0 0 1 0 0 145 85 1 0 1 0 0 0 0 0 0 0 0 0 0 0 2 0 0 0 0 0 3 0 2 0 0 0 16 0 0 0 254 255 255 255 2 0 1 0 0 0 0 0 data 2 0x10002 0x2ab2 oops 0
ciMethodData java/util/HashMap newNode (ILjava/lang/Object;Ljava/lang/Object;Ljava/util/HashMap$Node;)Ljava/util/HashMap$Node; 2 5411 orig 264 120 87 253 249 255 127 0 0 160 193 105 126 120 1 0 0 80 1 0 0 0 0 0 0 0 0 0 0 0 0 0 0 0 0 0 0 0 0 0 0 0 0 0 0 0 0 0 0 0 0 0 0 0 0 0 0 0 0 0 0 0 0 0 0 0 0 0 0 0 0 0 0 0 0 0 0 0 0 0 0 77 68 79 32 101 120 116 114 97 32 100 97 116 97 32 108 111 99 107 0 0 0 0 0 0 0 0 0 0 0 0 0 0 0 0 0 0 0 0 0 0 0 0 0 0 0 0 0 0 0 0 0 0 0 0 0 0 0 0 0 0 0 0 0 0 0 0 0 0 0 0 0 0 0 0 0 0 0 0 0 0 0 0 0 0 0 0 0 0 0 0 0 0 0 0 0 0 0 0 0 0 0 0 0 0 0 0 0 0 0 0 0 0 0 0 0 0 0 0 0 0 0 0 0 0 0 0 0 0 0 0 0 0 0 0 0 4 1 0 0 249 160 0 0 1 0 0 0 0 0 0 0 0 0 0 0 2 0 0 0 0 0 3 0 2 0 0 0 16 0 0 0 254 255 255 255 2 0 9 0 0 0 0 0 data 2 0x90002 0x141f oops 0
ciMethodData java/util/HashMap afterNodeInsertion (Z)V 2 1296 orig 264 120 87 253 249 255 127 0 0 104 197 105 126 120 1 0 0 40 1 0 0 0 0 0 0 0 0 0 0 0 0 0 0 0 0 0 0 0 0 0 0 0 0 0 0 0 0 0 0 0 0 0 0 0 0 0 0 0 0 0 0 0 0 0 0 0 0 0 0 0 0 0 0 0 0 0 0 0 0 0 0 77 68 79 32 101 120 116 114 97 32 100 97 116 97 32 108 111 99 107 0 0 0 0 0 0 0 0 0 0 0 0 0 0 0 0 0 0 0 0 0 0 0 0 0 0 0 0 0 0 0 0 0 0 0 0 0 0 0 0 0 0 0 0 0 0 0 0 0 0 0 0 0 0 0 0 0 0 0 0 0 0 0 0 0 0 0 0 0 0 0 0 0 0 0 0 0 0 0 0 0 0 0 0 0 0 0 0 0 0 0 0 0 0 0 0 0 0 0 0 0 0 0 0 0 0 0 0 0 0 0 0 0 0 0 0 0 6 1 0 0 81 32 0 0 1 0 0 0 0 0 0 0 0 0 0 0 2 0 0 0 0 0 3 0 1 0 0 0 0 0 0 0 254 255 255 255 0 0 0 0 0 0 0 0 data 0 oops 0
ciMethodData java/util/HashSet add (Ljava/lang/Object;)Z 2 11444 orig 264 120 87 253 249 255 127 0 0 200 31 144 126 120 1 0 0 184 1 0 0 0 0 0 0 0 0 0 0 0 0 0 0 0 0 0 0 0 0 0 0 0 0 0 0 0 0 0 0 0 0 0 0 0 0 0 0 0 0 0 0 0 0 0 0 0 0 0 0 0 0 0 0 0 0 0 0 0 0 0 0 77 68 79 32 101 120 116 114 97 32 100 97 116 97 32 108 111 99 107 0 0 0 0 0 0 0 0 0 0 0 0 0 0 0 0 0 0 0 0 0 0 0 0 0 0 0 0 0 0 0 0 0 0 0 0 0 0 0 0 0 0 0 0 0 0 0 0 0 0 0 0 0 0 0 0 0 0 0 0 0 0 0 0 0 0 0 0 0 0 0 0 0 0 0 0 0 0 0 0 0 0 0 0 0 17 0 0 0 0 0 0 0 0 0 0 0 0 0 0 0 1 0 0 0 0 0 0 0 0 0 0 0 0 0 0 0 0 1 0 0 161 93 1 0 1 0 0 0 0 0 0 0 0 0 0 0 2 0 0 0 0 0 11 0 2 0 0 0 104 0 0 0 254 255 255 255 5 0 8 0 0 0 0 0 data 13 0x80005 0x0 0x1780d41bd70 0x28e3 0x1780d41a620 0x2d1 0xb0007 0x271 0x38 0x2943 0xf0003 0x2943 0x18 oops 2 2 java/util/LinkedHashMap 4 java/util/HashMap
ciMethodData java/util/LinkedHashMap newNode (ILjava/lang/Object;Ljava/lang/Object;Ljava/util/HashMap$Node;)Ljava/util/HashMap$Node; 2 5662 orig 264 120 87 253 249 255 127 0 0 168 60 113 126 120 1 0 0 96 1 0 0 0 0 0 0 0 0 0 0 0 0 0 0 0 0 0 0 0 0 0 0 0 0 0 0 0 0 0 0 0 0 0 0 0 0 0 0 0 0 0 0 0 0 0 0 0 0 0 0 0 0 0 0 0 0 0 0 0 0 0 0 77 68 79 32 101 120 116 114 97 32 100 97 116 97 32 108 111 99 107 0 0 0 0 0 0 0 0 0 0 0 0 0 0 0 0 0 0 0 0 0 0 0 0 0 0 0 0 0 0 0 0 0 0 0 0 0 0 0 0 0 0 0 0 0 0 0 0 0 0 0 0 0 0 0 0 0 0 0 0 0 0 0 0 0 0 0 0 0 0 0 0 0 0 0 0 0 0 0 0 0 0 0 0 0 0 0 0 0 0 0 0 0 0 0 0 0 0 0 0 0 0 0 0 0 0 0 0 0 0 0 0 0 0 0 0 0 12 1 0 0 145 168 0 0 1 0 0 0 0 0 0 0 0 0 0 0 2 0 0 0 0 0 7 0 2 0 0 0 32 0 0 0 254 255 255 255 2 0 9 0 0 0 0 0 data 4 0x90002 0x1512 0x110002 0x1512 oops 0
ciMethodData java/util/LinkedHashMap$Entry <init> (ILjava/lang/Object;Ljava/lang/Object;Ljava/util/HashMap$Node;)V 2 5775 orig 264 120 87 253 249 255 127 0 0 208 165 113 126 120 1 0 0 80 1 0 0 0 0 0 0 0 0 0 0 0 0 0 0 0 0 0 0 0 0 0 0 0 0 0 0 0 0 0 0 0 0 0 0 0 0 0 0 0 0 0 0 0 0 0 0 0 0 0 0 0 0 0 0 0 0 0 0 0 0 0 0 77 68 79 32 101 120 116 114 97 32 100 97 116 97 32 108 111 99 107 0 0 0 0 0 0 0 0 0 0 0 0 0 0 0 0 0 0 0 0 0 0 0 0 0 0 0 0 0 0 0 0 0 0 0 0 0 0 0 0 0 0 0 0 0 0 0 0 0 0 0 0 0 0 0 0 0 0 0 0 0 0 0 0 0 0 0 0 0 0 0 0 0 0 0 0 0 0 0 0 0 0 0 0 0 0 0 0 0 0 0 0 0 0 0 0 0 0 0 0 0 0 0 0 0 0 0 0 0 0 0 0 0 0 0 0 0 12 1 0 0 25 172 0 0 1 0 0 0 0 0 0 0 0 0 0 0 2 0 0 0 0 0 0 0 0 0 0 0 16 0 0 0 254 255 255 255 2 0 6 0 0 0 0 0 data 2 0x60002 0x1583 oops 0
ciMethodData java/util/LinkedHashMap linkNodeLast (Ljava/util/LinkedHashMap$Entry;)V 2 5703 orig 264 120 87 253 249 255 127 0 0 136 58 113 126 120 1 0 0 96 1 0 0 0 0 0 0 0 0 0 0 0 0 0 0 0 0 0 0 0 0 0 0 0 0 0 0 0 0 0 0 0 0 0 0 0 0 0 0 0 0 0 0 0 0 0 0 0 0 0 0 0 0 0 0 0 0 0 0 0 0 0 0 77 68 79 32 101 120 116 114 97 32 100 97 116 97 32 108 111 99 107 0 0 0 0 0 0 0 0 0 0 0 0 0 0 0 0 0 0 0 0 0 0 0 0 0 0 0 0 0 0 0 0 0 0 0 0 0 0 0 0 0 0 0 0 0 0 0 0 0 0 0 0 0 0 0 0 0 0 0 0 0 0 0 0 0 0 0 0 0 0 0 0 0 0 0 0 0 0 0 0 0 0 0 0 0 0 0 0 0 0 0 0 0 0 0 0 0 0 0 0 0 0 0 0 0 0 0 0 0 0 0 0 0 0 0 0 0 12 1 0 0 217 169 0 0 1 0 0 0 0 0 0 0 0 0 0 0 2 0 0 0 0 0 0 0 0 0 0 0 56 0 0 0 254 255 255 255 7 0 11 0 0 0 0 0 data 7 0xb0007 0x13db 0x38 0x160 0x130003 0x160 0x18 oops 0
ciMethodData java/util/LinkedHashMap afterNodeInsertion (Z)V 2 12740 orig 264 120 87 253 249 255 127 0 0 88 64 113 126 120 1 0 0 32 2 0 0 0 0 0 0 0 0 0 0 0 0 0 0 0 0 0 0 0 0 0 0 0 0 0 0 0 0 0 0 0 0 0 0 0 0 0 0 0 0 0 0 0 0 0 0 0 0 0 0 0 0 0 0 0 0 0 0 0 0 0 0 77 68 79 32 101 120 116 114 97 32 100 97 116 97 32 108 111 99 107 0 0 0 0 0 0 0 0 0 0 0 0 0 0 0 0 0 0 0 0 0 0 0 0 0 0 0 0 0 0 0 0 0 0 0 0 0 0 0 0 0 0 0 0 0 1 0 0 0 0 0 0 0 0 0 0 0 0 0 0 0 0 0 0 0 0 0 0 0 0 0 0 0 0 0 0 0 0 0 0 1 0 0 0 0 0 0 0 0 0 0 0 0 0 0 0 0 0 0 0 0 0 0 0 0 0 0 0 0 0 0 0 0 0 0 0 0 129 1 0 0 25 130 1 0 1 0 0 0 50 26 0 0 0 0 0 0 2 0 0 0 0 0 14 0 2 0 0 0 208 0 0 0 254 255 255 255 7 224 1 0 0 0 0 0 data 26 0x1e007 0x10c 0xd0 0x2f38 0xa0007 0x0 0xb0 0x2f38 0xf0005 0x0 0x1780d41bd70 0x2eba 0x1780bd9e9b0 0x7e 0x120007 0x2f38 0x60 0x0 0x1c0002 0x0 0x230005 0x0 0x0 0x0 0x0 0x0 oops 2 10 java/util/LinkedHashMap 12 java/io/ExpiringCache$1
ciMethodData java/util/LinkedHashMap afterNodeAccess (Ljava/util/HashMap$Node;)V 2 1169 orig 264 120 87 253 249 255 127 0 0 112 65 113 126 120 1 0 0 104 2 0 0 200 0 0 0 0 0 0 0 0 0 0 0 0 0 0 0 0 0 0 0 0 0 0 0 0 0 0 0 0 0 0 0 0 0 0 0 0 0 0 0 0 0 0 0 0 0 0 0 0 0 0 0 0 0 0 0 0 0 0 0 77 68 79 32 101 120 116 114 97 32 100 97 116 97 32 108 111 99 107 0 0 0 0 0 0 0 0 0 0 0 0 0 0 0 0 0 0 0 0 0 0 0 0 0 0 0 0 0 0 0 0 0 0 0 0 0 0 0 0 0 0 0 0 0 0 0 0 0 0 0 0 0 0 0 0 0 0 0 0 0 0 0 0 0 0 0 0 0 0 0 0 0 0 0 0 0 0 0 0 0 0 0 0 0 0 0 0 0 0 0 0 0 0 0 0 0 0 0 0 0 0 0 0 0 0 0 0 0 0 0 0 0 0 0 0 0 0 0 0 0 137 36 0 0 1 0 0 0 0 0 0 0 0 0 0 0 2 0 0 0 0 0 17 0 2 0 0 0 24 1 0 0 254 255 255 255 7 0 4 0 0 0 0 0 data 35 0x40007 0x46c 0x118 0x25 0xe0007 0x4 0xf8 0x21 0x120004 0x0 0x1780bd9e900 0x21 0x0 0x0 0x290007 0x13 0x38 0xe 0x320003 0xe 0x18 0x3e0007 0x0 0x38 0x21 0x480003 0x21 0x18 0x4f0007 0x21 0x38 0x0 0x570003 0x0 0x18 oops 1 10 java/util/LinkedHashMap$Entry
ciMethodData java/util/Arrays copyOf ([Ljava/lang/Object;I)[Ljava/lang/Object; 2 9588 orig 264 120 87 253 249 255 127 0 0 48 35 109 126 120 1 0 0 192 1 0 0 0 0 0 0 0 0 0 0 0 0 0 0 0 0 0 0 0 0 0 0 0 0 0 0 0 0 0 0 0 0 0 0 0 0 0 0 0 0 0 0 0 0 0 0 0 0 0 0 0 0 0 0 0 0 0 0 0 0 0 0 77 68 79 32 101 120 116 114 97 32 100 97 116 97 32 108 111 99 107 0 0 0 0 0 0 0 0 0 0 0 0 0 0 0 0 0 0 0 0 0 0 0 0 0 0 0 0 0 0 0 0 0 0 0 0 0 0 0 0 0 0 0 0 0 0 0 0 0 0 0 0 0 0 0 0 0 0 0 0 0 0 0 0 0 0 0 0 0 0 0 0 0 0 0 0 0 0 0 0 0 0 0 0 0 0 0 0 0 0 0 0 0 0 0 0 0 0 0 0 0 0 0 0 0 0 0 0 0 0 0 0 0 0 0 0 0 7 1 0 0 105 35 1 0 1 0 0 0 0 0 0 0 0 0 0 0 2 0 0 0 0 0 3 0 2 0 0 0 112 0 0 0 254 255 255 255 5 0 3 0 0 0 0 0 data 14 0x30005 0x598 0x1780a39fd70 0x1c49 0x1780e7c7540 0x28c 0x60002 0x0 0x90004 0x0 0x0 0x0 0x0 0x0 oops 2 2 [Ljava/lang/Object; 4 [Ljava/lang/reflect/Method;
ciMethodData java/lang/ref/SoftReference get ()Ljava/lang/Object; 2 25124 orig 264 120 87 253 249 255 127 0 0 104 138 93 126 120 1 0 0 112 1 0 0 16 0 0 0 0 0 0 0 0 0 0 0 0 0 0 0 0 0 0 0 0 0 0 0 0 0 0 0 0 0 0 0 0 0 0 0 0 0 0 0 0 0 0 0 0 0 0 0 0 0 0 0 0 0 0 0 0 0 0 0 77 68 79 32 101 120 116 114 97 32 100 97 116 97 32 108 111 99 107 0 0 0 0 0 0 0 0 0 0 0 0 0 0 0 0 0 0 0 0 0 0 0 0 0 0 0 0 0 0 0 0 0 0 0 0 0 0 0 0 0 0 0 0 0 1 0 0 0 0 0 0 0 0 0 0 0 0 0 0 0 0 0 0 0 0 0 0 0 0 0 0 0 0 0 0 0 0 0 0 3 0 0 0 0 0 0 0 0 0 0 0 0 0 0 0 0 0 0 0 0 0 0 0 0 0 0 0 0 0 0 0 0 0 0 0 0 0 1 0 0 33 9 3 0 1 0 0 0 44 71 0 0 0 0 0 0 2 0 0 0 0 0 8 0 2 0 0 0 80 0 0 0 254 255 255 255 2 0 1 0 0 0 0 0 data 10 0x10002 0x6124 0x6e007 0x6 0x40 0x611f 0x11e007 0x5ec9 0x20 0x258 oops 0
ciMethodData java/lang/Class getInterfaces ()[Ljava/lang/Class; 2 6168 orig 264 120 87 253 249 255 127 0 0 96 204 91 126 120 1 0 0 24 2 0 0 96 0 0 0 0 0 0 0 0 0 0 0 0 0 0 0 0 0 0 0 0 0 0 0 0 0 0 0 0 0 0 0 0 0 0 0 0 0 0 0 0 0 0 0 0 0 0 0 0 0 0 0 0 0 0 0 0 0 0 0 77 68 79 32 101 120 116 114 97 32 100 97 116 97 32 108 111 99 107 0 0 0 0 0 0 0 0 0 0 0 0 0 0 0 0 0 0 0 0 0 0 0 0 0 0 0 0 0 0 0 0 0 0 0 0 0 0 0 0 0 0 0 0 0 0 0 0 0 0 0 0 0 0 0 0 0 0 0 0 0 0 0 0 0 0 0 0 0 0 0 0 0 0 0 0 0 0 0 0 0 0 0 0 0 0 0 0 0 0 0 0 0 0 0 0 0 0 0 0 0 0 0 0 0 0 0 0 0 0 0 0 0 0 0 0 0 1 0 0 0 185 192 0 0 1 0 0 0 0 0 0 0 0 0 0 0 2 0 0 0 0 0 8 0 2 0 0 0 208 0 0 0 254 255 255 255 2 0 1 0 0 0 0 0 data 26 0x10002 0x1817 0x60007 0x1817 0x30 0x0 0xa0002 0x0 0x140007 0x1243 0x30 0x5d4 0x180002 0x5d4 0x220005 0x0 0x1780e7c8df0 0x1817 0x0 0x0 0x250004 0x0 0x1780e7c8df0 0x1817 0x0 0x0 oops 2 16 [Ljava/lang/Class; 22 [Ljava/lang/Class;
ciMethod java/util/HashMap$KeyIterator next ()Ljava/lang/Object; 3081 1 5582 0 544
ciMethodData java/lang/ref/SoftReference <init> (Ljava/lang/Object;)V 2 7978 orig 264 120 87 253 249 255 127 0 0 24 137 93 126 120 1 0 0 56 1 0 0 0 0 0 0 0 0 0 0 0 0 0 0 0 0 0 0 0 0 0 0 0 0 0 0 0 0 0 0 0 0 0 0 0 0 0 0 0 0 0 0 0 0 0 0 0 0 0 0 0 0 0 0 0 0 0 0 0 0 0 0 77 68 79 32 101 120 116 114 97 32 100 97 116 97 32 108 111 99 107 0 0 0 0 0 0 0 0 0 0 0 0 0 0 0 0 0 0 0 0 0 0 0 0 0 0 0 0 0 0 0 0 0 0 0 0 0 0 0 0 0 0 0 0 0 0 0 0 0 0 0 0 0 0 0 0 0 0 0 0 0 0 0 0 0 0 0 0 0 0 0 0 0 0 0 0 0 0 0 0 0 0 0 0 0 1 0 0 0 0 0 0 0 0 0 0 0 0 0 0 0 1 0 0 0 0 0 0 0 0 0 0 0 0 0 0 0 8 1 0 0 17 241 0 0 1 0 0 0 0 0 0 0 0 0 0 0 2 0 0 0 0 0 7 0 2 0 0 0 16 0 0 0 254 255 255 255 2 0 2 0 0 0 0 0 data 2 0x20002 0x1e22 oops 0
ciMethodData java/util/HashMap$HashIterator hasNext ()Z 2 5399 orig 264 120 87 253 249 255 127 0 0 208 190 137 126 120 1 0 0 88 1 0 0 0 0 0 0 0 0 0 0 0 0 0 0 0 0 0 0 0 0 0 0 0 0 0 0 0 0 0 0 0 0 0 0 0 0 0 0 0 0 0 0 0 0 0 0 0 0 0 0 0 0 0 0 0 0 0 0 0 0 0 0 77 68 79 32 101 120 116 114 97 32 100 97 116 97 32 108 111 99 107 0 0 0 0 0 0 0 0 0 0 0 0 0 0 0 0 0 0 0 0 0 0 0 0 0 0 0 0 0 0 0 0 0 0 0 0 0 0 0 0 0 0 0 0 0 0 0 0 0 0 0 0 0 0 0 0 0 0 0 0 0 0 0 0 0 0 0 0 0 0 0 0 0 0 0 0 0 0 0 0 0 0 0 0 0 0 0 0 0 0 0 0 0 0 0 0 0 0 0 0 0 0 0 0 0 0 0 0 0 0 0 0 0 0 0 0 0 2 1 0 0 169 160 0 0 1 0 0 0 0 0 0 0 0 0 0 0 2 0 0 0 0 0 6 0 2 0 0 0 56 0 0 0 254 255 255 255 7 0 4 0 0 0 0 0 data 7 0x40007 0x4ea 0x38 0xf2b 0x80003 0xf2b 0x18 oops 0
ciMethodData java/util/HashMap$HashIterator nextNode ()Ljava/util/HashMap$Node; 2 17907 orig 264 120 87 253 249 255 127 0 0 208 191 137 126 120 1 0 0 8 2 0 0 128 0 0 0 0 0 0 0 0 0 0 0 0 0 0 0 0 0 0 0 0 0 0 0 0 0 0 0 0 0 0 0 0 0 0 0 0 0 0 0 0 0 0 0 0 0 0 0 0 0 0 0 0 0 0 0 0 0 0 0 77 68 79 32 101 120 116 114 97 32 100 97 116 97 32 108 111 99 107 0 0 0 0 0 0 0 0 0 0 0 0 0 0 0 0 0 0 0 0 0 0 0 0 0 0 0 0 0 0 0 0 0 0 0 0 0 0 0 0 0 0 0 0 0 0 0 0 0 0 0 0 0 0 0 0 0 0 0 0 0 0 0 0 0 0 0 0 0 0 0 0 0 0 0 0 0 0 0 0 0 0 0 0 0 0 0 0 0 0 0 0 0 0 0 0 0 0 0 0 0 0 0 0 0 0 0 0 0 0 0 0 0 0 0 0 0 236 7 0 0 89 129 0 0 217 239 1 0 0 0 0 0 0 0 0 0 2 0 0 0 1 0 17 0 2 0 0 0 224 0 0 0 254 255 255 255 7 0 16 0 0 0 0 0 data 28 0x100007 0x102b 0x30 0x0 0x170002 0x0 0x1c0007 0x102b 0x30 0x0 0x230002 0x0 0x350007 0x1e5 0x80 0xe46 0x410007 0x0 0x60 0xe46 0x4a0007 0x529 0x40 0x3e05 0x5f0007 0x34e8 0xffffffffffffffe0 0x91d oops 0
ciMethodData java/lang/Class reflectionData ()Ljava/lang/Class$ReflectionData; 2 5421 orig 264 120 87 253 249 255 127 0 0 120 241 91 126 120 1 0 0 56 2 0 0 192 0 0 0 0 0 0 0 0 0 0 0 0 0 0 0 0 0 0 0 0 0 0 0 0 0 0 0 0 0 0 0 0 0 0 0 0 0 0 0 0 0 0 0 0 0 0 0 0 0 0 0 0 0 0 0 0 0 0 0 77 68 79 32 101 120 116 114 97 32 100 97 116 97 32 108 111 99 107 0 0 0 0 0 0 0 0 0 0 0 0 0 0 0 0 0 0 0 0 0 0 0 0 0 0 0 0 0 0 0 0 0 0 0 0 0 0 0 0 0 0 0 0 0 0 0 0 0 0 0 0 0 0 0 0 0 0 0 0 0 0 0 0 0 0 0 0 0 0 0 0 0 0 0 0 0 0 0 0 0 0 0 0 0 0 0 0 0 0 0 0 0 0 0 0 0 0 0 0 0 0 0 0 0 0 0 0 0 0 0 0 0 0 0 0 0 33 1 0 0 97 160 0 0 1 0 0 0 0 0 0 0 0 0 0 0 2 0 0 0 0 0 18 0 2 0 0 0 240 0 0 0 254 255 255 255 7 0 13 0 0 0 0 0 data 30 0xd0007 0x0 0xe0 0x140c 0x110007 0x58d 0xc0 0xe7f 0x150005 0x0 0x1786c2c0ac0 0xe7f 0x0 0x0 0x180004 0x0 0x1780e5b6df0 0xe7f 0x0 0x0 0x1d0007 0x0 0x40 0xe7f 0x250007 0x0 0x20 0xe7f 0x2d0002 0x58d oops 2 10 java/lang/ref/SoftReference 16 java/lang/Class$ReflectionData
ciMethodData java/lang/Class newReflectionData (Ljava/lang/ref/SoftReference;I)Ljava/lang/Class$ReflectionData; 2 1622 orig 264 120 87 253 249 255 127 0 0 96 242 91 126 120 1 0 0 160 2 0 0 0 0 0 0 0 0 0 0 0 0 0 0 0 0 0 0 0 0 0 0 0 0 0 0 0 0 0 0 0 0 0 0 0 0 0 0 0 0 0 0 0 0 0 0 0 0 0 0 0 0 0 0 0 0 0 0 0 0 0 0 77 68 79 32 101 120 116 114 97 32 100 97 116 97 32 108 111 99 107 0 0 0 0 0 0 0 0 0 0 0 0 0 0 0 0 0 0 0 0 0 0 0 0 0 0 0 0 0 0 0 0 0 0 0 0 0 0 0 0 0 0 0 0 0 0 0 0 0 0 0 0 0 0 0 0 0 0 0 0 0 0 0 0 0 0 0 0 0 0 0 0 0 0 0 0 0 0 0 0 0 0 0 0 0 0 0 0 0 0 0 0 0 0 0 0 0 0 0 0 0 0 0 0 0 0 0 0 0 0 0 0 0 0 0 0 0 201 0 0 0 105 44 0 0 1 0 0 0 0 0 0 0 0 0 0 0 2 0 0 0 1 0 26 0 2 0 0 0 72 1 0 0 254 255 255 255 7 0 3 0 0 0 0 0 data 41 0x30007 0x58d 0x20 0x0 0xd0002 0x58d 0x180002 0x58d 0x1b0002 0x58d 0x1e0007 0x0 0x20 0x58d 0x2e0007 0x0 0xc0 0x0 0x320005 0x0 0x0 0x0 0x0 0x0 0x350004 0x0 0x0 0x0 0x0 0x0 0x3a0007 0x0 0x40 0x0 0x420007 0x0 0x20 0x0 0x470003 0x0 0xfffffffffffffef0 oops 0
ciMethodData java/util/HashMap$KeyIterator next ()Ljava/lang/Object; 2 5582 orig 264 120 87 253 249 255 127 0 0 168 215 153 126 120 1 0 0 120 1 0 0 0 0 0 0 0 0 0 0 0 0 0 0 0 0 0 0 0 0 0 0 0 0 0 0 0 0 0 0 0 0 0 0 0 0 0 0 0 0 0 0 0 0 0 0 0 0 0 0 0 0 0 0 0 0 0 0 0 0 0 0 77 68 79 32 101 120 116 114 97 32 100 97 116 97 32 108 111 99 107 0 0 0 0 0 0 0 0 0 0 0 0 0 0 0 0 0 0 0 0 0 0 0 0 0 0 0 0 0 0 0 0 0 0 0 0 0 0 0 0 0 0 0 0 0 0 0 0 0 0 0 0 0 0 0 0 0 0 0 0 0 0 0 0 0 0 0 0 0 0 0 0 0 0 0 0 0 0 0 0 0 0 0 0 0 0 0 0 0 0 0 0 0 0 0 0 0 0 0 0 0 0 0 0 0 0 0 0 0 0 0 0 0 0 0 0 0 129 1 0 0 105 162 0 0 1 0 0 0 0 0 0 0 0 0 0 0 2 0 0 0 0 0 3 0 2 0 0 0 48 0 0 0 254 255 255 255 5 0 1 0 0 0 0 0 data 6 0x10005 0x0 0x1780e7c2560 0x144d 0x0 0x0 oops 1 2 java/util/HashMap$KeyIterator
ciMethodData java/lang/Class$ReflectionData <init> (I)V 2 1622 orig 264 120 87 253 249 255 127 0 0 184 217 107 126 120 1 0 0 56 1 0 0 0 0 0 0 0 0 0 0 0 0 0 0 0 0 0 0 0 0 0 0 0 0 0 0 0 0 0 0 0 0 0 0 0 0 0 0 0 0 0 0 0 0 0 0 0 0 0 0 0 0 0 0 0 0 0 0 0 0 0 0 77 68 79 32 101 120 116 114 97 32 100 97 116 97 32 108 111 99 107 0 0 0 0 0 0 0 0 0 0 0 0 0 0 0 0 0 0 0 0 0 0 0 0 0 0 0 0 0 0 0 0 0 0 0 0 0 0 0 0 0 0 0 0 0 0 0 0 0 0 0 0 0 0 0 0 0 0 0 0 0 0 0 0 0 0 0 0 0 0 0 0 0 0 0 0 0 0 0 0 0 0 0 0 0 0 0 0 0 0 0 0 0 0 0 0 0 0 0 0 0 0 0 0 0 0 0 0 0 0 0 0 0 0 0 0 0 2 1 0 0 161 42 0 0 1 0 0 0 0 0 0 0 0 0 0 0 2 0 0 0 0 0 3 0 2 0 0 0 16 0 0 0 254 255 255 255 2 0 1 0 0 0 0 0 data 2 0x10002 0x554 oops 0
ciMethodData java/lang/reflect/Method getParameterTypes ()[Ljava/lang/Class; 2 44585 orig 264 120 87 253 249 255 127 0 0 192 33 95 126 120 1 0 0 168 1 0 0 0 0 0 0 0 0 0 0 0 0 0 0 0 0 0 0 0 0 0 0 0 0 0 0 0 0 0 0 0 0 0 0 0 0 0 0 0 0 0 0 0 0 0 0 0 0 0 0 0 0 0 0 0 0 0 0 0 0 0 0 77 68 79 32 101 120 116 114 97 32 100 97 116 97 32 108 111 99 107 0 0 0 0 0 0 0 0 0 0 0 0 0 0 0 0 0 0 0 0 0 0 0 0 0 0 0 0 0 0 0 0 0 0 0 0 0 0 0 0 0 0 0 0 0 0 0 0 0 0 0 0 0 0 0 0 0 0 0 0 0 0 0 0 0 0 0 0 0 0 0 0 0 0 0 0 0 0 0 0 0 0 0 0 0 0 0 0 0 0 0 0 0 0 0 0 0 0 0 0 0 0 0 0 0 0 0 0 0 0 0 0 0 0 0 0 0 191 1 0 0 81 99 5 0 1 0 0 0 0 0 0 0 0 0 0 0 2 0 0 0 0 0 3 0 2 0 0 0 96 0 0 0 254 255 255 255 5 0 4 0 0 0 0 0 data 12 0x40005 0x0 0x1780e7c8df0 0xac6a 0x0 0x0 0x70004 0x0 0x1780e7c8df0 0xac6a 0x0 0x0 oops 2 2 [Ljava/lang/Class; 8 [Ljava/lang/Class;
ciMethodData java/lang/Class$Atomic casReflectionData (Ljava/lang/Class;Ljava/lang/ref/SoftReference;Ljava/lang/ref/SoftReference;)Z 2 1622 orig 264 120 87 253 249 255 127 0 0 144 225 107 126 120 1 0 0 136 1 0 0 0 0 0 0 0 0 0 0 0 0 0 0 0 0 0 0 0 0 0 0 0 0 0 0 0 0 0 0 0 0 0 0 0 0 0 0 0 0 0 0 0 0 0 0 0 0 0 0 0 0 0 0 0 0 0 0 0 0 0 0 77 68 79 32 101 120 116 114 97 32 100 97 116 97 32 108 111 99 107 0 0 0 0 0 0 0 0 0 0 0 0 0 0 0 0 0 0 0 0 0 0 0 0 0 0 0 0 0 0 0 0 0 0 0 0 0 0 0 0 0 0 0 0 0 0 0 0 0 0 0 0 0 0 0 0 0 0 0 0 0 0 0 0 0 0 0 0 0 0 0 0 0 0 0 0 0 0 0 0 0 0 0 0 0 0 0 0 0 0 0 0 0 0 0 0 0 0 0 0 0 0 0 0 0 0 0 0 0 0 0 0 0 0 0 0 0 73 1 0 0 105 40 0 0 1 0 0 0 0 0 0 0 0 0 0 0 2 0 0 0 0 0 0 0 0 0 0 0 48 0 0 0 254 255 255 255 5 0 9 0 0 0 0 0 data 6 0x90005 0x1 0x0 0x0 0x0 0x0 oops 0
compile groovy/lang/MetaClassImpl inheritInterfaceNewMetaMethods (Ljava/util/Set;)V 100 4 inline 285 0 -1 groovy/lang/MetaClassImpl inheritInterfaceNewMetaMethods (Ljava/util/Set;)V 1 116 org/codehaus/groovy/reflection/GeneratedMetaMethod getName ()Ljava/lang/String; 1 121 java/lang/reflect/Method getName ()Ljava/lang/String; 1 137 java/lang/reflect/Method getParameterTypes ()[Ljava/lang/Class; 1 169 java/util/HashSet add (Ljava/lang/Object;)Z 2 8 java/util/HashMap put (Ljava/lang/Object;Ljava/lang/Object;)Ljava/lang/Object; 3 2 java/util/HashMap hash (Ljava/lang/Object;)I 3 9 java/util/HashMap putVal (ILjava/lang/Object;Ljava/lang/Object;ZZ)Ljava/lang/Object; 4 56 java/util/HashMap newNode (ILjava/lang/Object;Ljava/lang/Object;Ljava/util/HashMap$Node;)Ljava/util/HashMap$Node; 5 9 java/util/HashMap$Node <init> (ILjava/lang/Object;Ljava/lang/Object;Ljava/util/HashMap$Node;)V 6 1 java/lang/Object <init> ()V 4 152 java/util/HashMap newNode (ILjava/lang/Object;Ljava/lang/Object;Ljava/util/HashMap$Node;)Ljava/util/HashMap$Node; 5 9 java/util/HashMap$Node <init> (ILjava/lang/Object;Ljava/lang/Object;Ljava/util/HashMap$Node;)V 6 1 java/lang/Object <init> ()V 4 253 java/util/HashMap afterNodeAccess (Ljava/util/HashMap$Node;)V 4 295 java/util/HashMap afterNodeInsertion (Z)V 4 56 java/util/LinkedHashMap newNode (ILjava/lang/Object;Ljava/lang/Object;Ljava/util/HashMap$Node;)Ljava/util/HashMap$Node; 5 9 java/util/LinkedHashMap$Entry <init> (ILjava/lang/Object;Ljava/lang/Object;Ljava/util/HashMap$Node;)V 6 6 java/util/HashMap$Node <init> (ILjava/lang/Object;Ljava/lang/Object;Ljava/util/HashMap$Node;)V 7 1 java/lang/Object <init> ()V 5 17 java/util/LinkedHashMap linkNodeLast (Ljava/util/LinkedHashMap$Entry;)V 4 152 java/util/LinkedHashMap newNode (ILjava/lang/Object;Ljava/lang/Object;Ljava/util/HashMap$Node;)Ljava/util/HashMap$Node; 5 9 java/util/LinkedHashMap$Entry <init> (ILjava/lang/Object;Ljava/lang/Object;Ljava/util/HashMap$Node;)V 6 6 java/util/HashMap$Node <init> (ILjava/lang/Object;Ljava/lang/Object;Ljava/util/HashMap$Node;)V 7 1 java/lang/Object <init> ()V 5 17 java/util/LinkedHashMap linkNodeLast (Ljava/util/LinkedHashMap$Entry;)V 4 253 java/util/LinkedHashMap afterNodeAccess (Ljava/util/HashMap$Node;)V 4 295 java/util/LinkedHashMap afterNodeInsertion (Z)V 5 15 java/util/LinkedHashMap removeEldestEntry (Ljava/util/Map$Entry;)Z 1 8 java/util/HashMap$HashIterator hasNext ()Z 1 17 java/util/HashMap$KeyIterator next ()Ljava/lang/Object; 2 1 java/util/HashMap$HashIterator nextNode ()Ljava/util/HashMap$Node; 1 28 groovy/lang/MetaClassImpl getNewMetaMethods (Lorg/codehaus/groovy/reflection/CachedClass;)[Lgroovy/lang/MetaMethod; 1 71 org/codehaus/groovy/reflection/GeneratedMetaMethod getDeclaringClass ()Lorg/codehaus/groovy/reflection/CachedClass; 1 74 org/codehaus/groovy/reflection/CachedClass getTheClass ()Ljava/lang/Class; 1 77 org/codehaus/groovy/reflection/ReflectionCache isAssignableFrom (Ljava/lang/Class;Ljava/lang/Class;)Z 1 87 java/lang/Class getMethods ()[Ljava/lang/reflect/Method; 2 6 java/lang/Class checkMemberAccess (ILjava/lang/Class;Z)V 3 0 java/lang/System getSecurityManager ()Ljava/lang/SecurityManager; 2 10 java/lang/Class privateGetPublicMethods ()[Ljava/lang/reflect/Method; 3 0 java/lang/Class checkInitted ()V 3 4 java/lang/Class reflectionData ()Ljava/lang/Class$ReflectionData; 4 21 java/lang/ref/SoftReference get ()Ljava/lang/Object; 4 45 java/lang/Class newReflectionData (Ljava/lang/ref/SoftReference;I)Ljava/lang/Class$ReflectionData; 5 13 java/lang/Class$ReflectionData <init> (I)V 6 1 java/lang/Object <init> ()V 5 24 java/lang/ref/SoftReference <init> (Ljava/lang/Object;)V 6 2 java/lang/ref/Reference <init> (Ljava/lang/Object;)V 7 3 java/lang/ref/Reference <init> (Ljava/lang/Object;Ljava/lang/ref/ReferenceQueue;)V 8 1 java/lang/Object <init> ()V 5 27 java/lang/Class$Atomic casReflectionData (Ljava/lang/Class;Ljava/lang/ref/SoftReference;Ljava/lang/ref/SoftReference;)Z 3 27 java/lang/Class$MethodArray <init> ()V 4 3 java/lang/Class$MethodArray <init> (I)V 5 1 java/lang/Object <init> ()V 3 33 java/lang/Class privateGetDeclaredMethods (Z)[Ljava/lang/reflect/Method; 4 0 java/lang/Class checkInitted ()V 4 4 java/lang/Class reflectionData ()Ljava/lang/Class$ReflectionData; 5 21 java/lang/ref/SoftReference get ()Ljava/lang/Object; 5 45 java/lang/Class newReflectionData (Ljava/lang/ref/SoftReference;I)Ljava/lang/Class$ReflectionData; 6 13 java/lang/Class$ReflectionData <init> (I)V 7 1 java/lang/Object <init> ()V 6 24 java/lang/ref/SoftReference <init> (Ljava/lang/Object;)V 7 2 java/lang/ref/Reference <init> (Ljava/lang/Object;)V 8 3 java/lang/ref/Reference <init> (Ljava/lang/Object;Ljava/lang/ref/ReferenceQueue;)V 9 1 java/lang/Object <init> ()V 6 27 java/lang/Class$Atomic casReflectionData (Ljava/lang/Class;Ljava/lang/ref/SoftReference;Ljava/lang/ref/SoftReference;)Z 4 40 sun/reflect/Reflection filterMethods (Ljava/lang/Class;[Ljava/lang/reflect/Method;)[Ljava/lang/reflect/Method; 3 41 java/lang/Class$MethodArray addAll ([Ljava/lang/reflect/Method;)V 4 12 java/lang/Class$MethodArray add (Ljava/lang/reflect/Method;)V 5 24 java/util/Arrays copyOf ([Ljava/lang/Object;I)[Ljava/lang/Object; 5 55 java/lang/reflect/Method isDefault ()Z 6 1 java/lang/reflect/Method getModifiers ()I 6 13 java/lang/reflect/Method getDeclaringClass ()Ljava/lang/Class; 3 48 java/lang/Class$MethodArray <init> ()V 4 3 java/lang/Class$MethodArray <init> (I)V 5 1 java/lang/Object <init> ()V 3 54 java/lang/Class getInterfaces ()[Ljava/lang/Class; 4 1 java/lang/Class reflectionData ()Ljava/lang/Class$ReflectionData; 5 21 java/lang/ref/SoftReference get ()Ljava/lang/Object; 5 45 java/lang/Class newReflectionData (Ljava/lang/ref/SoftReference;I)Ljava/lang/Class$ReflectionData; 6 13 java/lang/Class$ReflectionData <init> (I)V 7 1 java/lang/Object <init> ()V 6 24 java/lang/ref/SoftReference <init> (Ljava/lang/Object;)V 7 2 java/lang/ref/Reference <init> (Ljava/lang/Object;)V 8 3 java/lang/ref/Reference <init> (Ljava/lang/Object;Ljava/lang/ref/ReferenceQueue;)V 9 1 java/lang/Object <init> ()V 6 27 java/lang/Class$Atomic casReflectionData (Ljava/lang/Class;Ljava/lang/ref/SoftReference;Ljava/lang/ref/SoftReference;)Z 3 85 java/lang/Class privateGetPublicMethods ()[Ljava/lang/reflect/Method; 4 0 java/lang/Class checkInitted ()V 4 4 java/lang/Class reflectionData ()Ljava/lang/Class$ReflectionData; 5 21 java/lang/ref/SoftReference get ()Ljava/lang/Object; 5 45 java/lang/Class newReflectionData (Ljava/lang/ref/SoftReference;I)Ljava/lang/Class$ReflectionData; 6 13 java/lang/Class$ReflectionData <init> (I)V 7 1 java/lang/Object <init> ()V 6 24 java/lang/ref/SoftReference <init> (Ljava/lang/Object;)V 7 2 java/lang/ref/Reference <init> (Ljava/lang/Object;)V 8 3 java/lang/ref/Reference <init> (Ljava/lang/Object;Ljava/lang/ref/ReferenceQueue;)V 9 1 java/lang/Object <init> ()V 6 27 java/lang/Class$Atomic casReflectionData (Ljava/lang/Class;Ljava/lang/ref/SoftReference;Ljava/lang/ref/SoftReference;)Z 4 27 java/lang/Class$MethodArray <init> ()V 5 3 java/lang/Class$MethodArray <init> (I)V 6 1 java/lang/Object <init> ()V 4 33 java/lang/Class privateGetDeclaredMethods (Z)[Ljava/lang/reflect/Method; 5 0 java/lang/Class checkInitted ()V 5 4 java/lang/Class reflectionData ()Ljava/lang/Class$ReflectionData; 6 21 java/lang/ref/SoftReference get ()Ljava/lang/Object; 6 45 java/lang/Class newReflectionData (Ljava/lang/ref/SoftReference;I)Ljava/lang/Class$ReflectionData; 7 13 java/lang/Class$ReflectionData <init> (I)V 8 1 java/lang/Object <init> ()V 7 24 java/lang/ref/SoftReference <init> (Ljava/lang/Object;)V 8 2 java/lang/ref/Reference <init> (Ljava/lang/Object;)V 9 3 java/lang/ref/Reference <init> (Ljava/lang/Object;Ljava/lang/ref/ReferenceQueue;)V 10 1 java/lang/Object <init> ()V 7 27 java/lang/Class$Atomic casReflectionData (Ljava/lang/Class;Ljava/lang/ref/SoftReference;Ljava/lang/ref/SoftReference;)Z 5 40 sun/reflect/Reflection filterMethods (Ljava/lang/Class;[Ljava/lang/reflect/Method;)[Ljava/lang/reflect/Method; 4 41 java/lang/Class$MethodArray addAll ([Ljava/lang/reflect/Method;)V 5 12 java/lang/Class$MethodArray add (Ljava/lang/reflect/Method;)V 6 24 java/util/Arrays copyOf ([Ljava/lang/Object;I)[Ljava/lang/Object; 6 55 java/lang/reflect/Method isDefault ()Z 7 1 java/lang/reflect/Method getModifiers ()I 7 13 java/lang/reflect/Method getDeclaringClass ()Ljava/lang/Class; 4 48 java/lang/Class$MethodArray <init> ()V 5 3 java/lang/Class$MethodArray <init> (I)V 6 1 java/lang/Object <init> ()V 4 54 java/lang/Class getInterfaces ()[Ljava/lang/Class; 5 1 java/lang/Class reflectionData ()Ljava/lang/Class$ReflectionData; 6 21 java/lang/ref/SoftReference get ()Ljava/lang/Object; 6 45 java/lang/Class newReflectionData (Ljava/lang/ref/SoftReference;I)Ljava/lang/Class$ReflectionData; 7 13 java/lang/Class$ReflectionData <init> (I)V 8 1 java/lang/Object <init> ()V 7 24 java/lang/ref/SoftReference <init> (Ljava/lang/Object;)V 8 2 java/lang/ref/Reference <init> (Ljava/lang/Object;)V 9 3 java/lang/ref/Reference <init> (Ljava/lang/Object;Ljava/lang/ref/ReferenceQueue;)V 10 1 java/lang/Object <init> ()V 7 27 java/lang/Class$Atomic casReflectionData (Ljava/lang/Class;Ljava/lang/ref/SoftReference;Ljava/lang/ref/SoftReference;)Z 4 88 java/lang/Class$MethodArray addInterfaceMethods ([Ljava/lang/reflect/Method;)V 5 22 java/lang/reflect/Method getModifiers ()I 5 25 java/lang/reflect/Modifier isStatic (I)Z 5 34 java/lang/Class$MethodArray add (Ljava/lang/reflect/Method;)V 6 24 java/util/Arrays copyOf ([Ljava/lang/Object;I)[Ljava/lang/Object; 6 55 java/lang/reflect/Method isDefault ()Z 7 1 java/lang/reflect/Method getModifiers ()I 7 13 java/lang/reflect/Method getDeclaringClass ()Ljava/lang/Class; 4 119 java/lang/Class$MethodArray <init> ()V 5 3 java/lang/Class$MethodArray <init> (I)V 6 1 java/lang/Object <init> ()V 4 131 java/lang/Class$MethodArray addAll ([Ljava/lang/reflect/Method;)V 5 12 java/lang/Class$MethodArray add (Ljava/lang/reflect/Method;)V 6 24 java/util/Arrays copyOf ([Ljava/lang/Object;I)[Ljava/lang/Object; 6 55 java/lang/reflect/Method isDefault ()Z 7 1 java/lang/reflect/Method getModifiers ()I 7 13 java/lang/reflect/Method getDeclaringClass ()Ljava/lang/Class; 4 141 java/lang/Class$MethodArray length ()I 4 151 java/lang/Class$MethodArray get (I)Ljava/lang/reflect/Method; 4 163 java/lang/reflect/Method getModifiers ()I 4 166 java/lang/reflect/Modifier isAbstract (I)Z 4 174 java/lang/reflect/Method isDefault ()Z 5 1 java/lang/reflect/Method getModifiers ()I 5 13 java/lang/reflect/Method getDeclaringClass ()Ljava/lang/Class; 4 184 java/lang/Class$MethodArray removeByNameAndDescriptor (Ljava/lang/reflect/Method;)V 5 24 java/lang/Class$MethodArray matchesNameAndDescriptor (Ljava/lang/reflect/Method;Ljava/lang/reflect/Method;)Z 6 1 java/lang/reflect/Method getReturnType ()Ljava/lang/Class; 6 5 java/lang/reflect/Method getReturnType ()Ljava/lang/Class; 6 12 java/lang/reflect/Method getName ()Ljava/lang/String; 6 16 java/lang/reflect/Method getName ()Ljava/lang/String; 6 23 java/lang/reflect/Method getParameterTypes ()[Ljava/lang/Class; 6 27 java/lang/reflect/Method getParameterTypes ()[Ljava/lang/Class; 6 30 java/lang/Class access$300 ([Ljava/lang/Object;[Ljava/lang/Object;)Z 5 32 java/lang/Class$MethodArray remove (I)V 6 15 java/lang/reflect/Method isDefault ()Z 7 1 java/lang/reflect/Method getModifiers ()I 7 13 java/lang/reflect/Method getDeclaringClass ()Ljava/lang/Class; 4 210 java/lang/Class$MethodArray length ()I 4 219 java/lang/Class$MethodArray get (I)Ljava/lang/reflect/Method; 4 228 java/lang/Class$MethodArray removeByNameAndDescriptor (Ljava/lang/reflect/Method;)V 5 24 java/lang/Class$MethodArray matchesNameAndDescriptor (Ljava/lang/reflect/Method;Ljava/lang/reflect/Method;)Z 6 1 java/lang/reflect/Method getReturnType ()Ljava/lang/Class; 6 5 java/lang/reflect/Method getReturnType ()Ljava/lang/Class; 6 12 java/lang/reflect/Method getName ()Ljava/lang/String; 6 16 java/lang/reflect/Method getName ()Ljava/lang/String; 6 23 java/lang/reflect/Method getParameterTypes ()[Ljava/lang/Class; 6 27 java/lang/reflect/Method getParameterTypes ()[Ljava/lang/Class; 6 30 java/lang/Class access$300 ([Ljava/lang/Object;[Ljava/lang/Object;)Z 5 32 java/lang/Class$MethodArray remove (I)V 6 15 java/lang/reflect/Method isDefault ()Z 7 1 java/lang/reflect/Method getModifiers ()I 7 13 java/lang/reflect/Method getDeclaringClass ()Ljava/lang/Class; 4 240 java/lang/Class$MethodArray addAllIfNotPresent (Ljava/lang/Class$MethodArray;)V 5 4 java/lang/Class$MethodArray length ()I 5 12 java/lang/Class$MethodArray get (I)Ljava/lang/reflect/Method; 5 22 java/lang/Class$MethodArray addIfNotPresent (Ljava/lang/reflect/Method;)V 6 28 java/lang/reflect/Method equals (Ljava/lang/Object;)Z 7 17 java/lang/reflect/Method getDeclaringClass ()Ljava/lang/Class; 7 21 java/lang/reflect/Method getDeclaringClass ()Ljava/lang/Class; 7 28 java/lang/reflect/Method getName ()Ljava/lang/String; 7 32 java/lang/reflect/Method getName ()Ljava/lang/String; 7 43 java/lang/reflect/Method getReturnType ()Ljava/lang/Class; 7 46 java/lang/Object equals (Ljava/lang/Object;)Z 7 63 java/lang/reflect/Executable equalParamTypes ([Ljava/lang/Class;[Ljava/lang/Class;)Z 6 43 java/lang/Class$MethodArray add (Ljava/lang/reflect/Method;)V 7 24 java/util/Arrays copyOf ([Ljava/lang/Object;I)[Ljava/lang/Object; 7 55 java/lang/reflect/Method isDefault ()Z 8 1 java/lang/reflect/Method getModifiers ()I 8 13 java/lang/reflect/Method getDeclaringClass ()Ljava/lang/Class; 4 244 java/lang/Class$MethodArray removeLessSpecifics ()V 5 1 java/lang/Class$MethodArray hasDefaults ()Z 5 20 java/lang/Class$MethodArray get (I)Ljava/lang/reflect/Method; 5 29 java/lang/reflect/Method isDefault ()Z 6 1 java/lang/reflect/Method getModifiers ()I 6 13 java/lang/reflect/Method getDeclaringClass ()Ljava/lang/Class; 5 58 java/lang/Class$MethodArray get (I)Ljava/lang/reflect/Method; 5 75 java/lang/Class$MethodArray matchesNameAndDescriptor (Ljava/lang/reflect/Method;Ljava/lang/reflect/Method;)Z 6 1 java/lang/reflect/Method getReturnType ()Ljava/lang/Class; 6 5 java/lang/reflect/Method getReturnType ()Ljava/lang/Class; 6 12 java/lang/reflect/Method getName ()Ljava/lang/String; 6 16 java/lang/reflect/Method getName ()Ljava/lang/String; 6 23 java/lang/reflect/Method getParameterTypes ()[Ljava/lang/Class; 6 27 java/lang/reflect/Method getParameterTypes ()[Ljava/lang/Class; 6 30 java/lang/Class access$300 ([Ljava/lang/Object;[Ljava/lang/Object;)Z 4 248 java/lang/Class$MethodArray compactAndTrim ()V 5 59 java/util/Arrays copyOf ([Ljava/lang/Object;I)[Ljava/lang/Object; 4 252 java/lang/Class$MethodArray getArray ()[Ljava/lang/reflect/Method; 3 88 java/lang/Class$MethodArray addInterfaceMethods ([Ljava/lang/reflect/Method;)V 4 22 java/lang/reflect/Method getModifiers ()I 4 25 java/lang/reflect/Modifier isStatic (I)Z 4 34 java/lang/Class$MethodArray add (Ljava/lang/reflect/Method;)V 5 24 java/util/Arrays copyOf ([Ljava/lang/Object;I)[Ljava/lang/Object; 5 55 java/lang/reflect/Method isDefault ()Z 6 1 java/lang/reflect/Method getModifiers ()I 6 13 java/lang/reflect/Method getDeclaringClass ()Ljava/lang/Class; 3 119 java/lang/Class$MethodArray <init> ()V 4 3 java/lang/Class$MethodArray <init> (I)V 5 1 java/lang/Object <init> ()V 3 128 java/lang/Class privateGetPublicMethods ()[Ljava/lang/reflect/Method; 4 0 java/lang/Class checkInitted ()V 4 4 java/lang/Class reflectionData ()Ljava/lang/Class$ReflectionData; 5 21 java/lang/ref/SoftReference get ()Ljava/lang/Object; 5 45 java/lang/Class newReflectionData (Ljava/lang/ref/SoftReference;I)Ljava/lang/Class$ReflectionData; 6 13 java/lang/Class$ReflectionData <init> (I)V 7 1 java/lang/Object <init> ()V 6 24 java/lang/ref/SoftReference <init> (Ljava/lang/Object;)V 7 2 java/lang/ref/Reference <init> (Ljava/lang/Object;)V 8 3 java/lang/ref/Reference <init> (Ljava/lang/Object;Ljava/lang/ref/ReferenceQueue;)V 9 1 java/lang/Object <init> ()V 6 27 java/lang/Class$Atomic casReflectionData (Ljava/lang/Class;Ljava/lang/ref/SoftReference;Ljava/lang/ref/SoftReference;)Z 4 27 java/lang/Class$MethodArray <init> ()V 5 3 java/lang/Class$MethodArray <init> (I)V 6 1 java/lang/Object <init> ()V 4 33 java/lang/Class privateGetDeclaredMethods (Z)[Ljava/lang/reflect/Method; 5 0 java/lang/Class checkInitted ()V 5 4 java/lang/Class reflectionData ()Ljava/lang/Class$ReflectionData; 6 21 java/lang/ref/SoftReference get ()Ljava/lang/Object; 6 45 java/lang/Class newReflectionData (Ljava/lang/ref/SoftReference;I)Ljava/lang/Class$ReflectionData; 7 13 java/lang/Class$ReflectionData <init> (I)V 8 1 java/lang/Object <init> ()V 7 24 java/lang/ref/SoftReference <init> (Ljava/lang/Object;)V 8 2 java/lang/ref/Reference <init> (Ljava/lang/Object;)V 9 3 java/lang/ref/Reference <init> (Ljava/lang/Object;Ljava/lang/ref/ReferenceQueue;)V 10 1 java/lang/Object <init> ()V 7 27 java/lang/Class$Atomic casReflectionData (Ljava/lang/Class;Ljava/lang/ref/SoftReference;Ljava/lang/ref/SoftReference;)Z 5 40 sun/reflect/Reflection filterMethods (Ljava/lang/Class;[Ljava/lang/reflect/Method;)[Ljava/lang/reflect/Method; 4 41 java/lang/Class$MethodArray addAll ([Ljava/lang/reflect/Method;)V 5 12 java/lang/Class$MethodArray add (Ljava/lang/reflect/Method;)V 6 24 java/util/Arrays copyOf ([Ljava/lang/Object;I)[Ljava/lang/Object; 6 55 java/lang/reflect/Method isDefault ()Z 7 1 java/lang/reflect/Method getModifiers ()I 7 13 java/lang/reflect/Method getDeclaringClass ()Ljava/lang/Class; 4 48 java/lang/Class$MethodArray <init> ()V 5 3 java/lang/Class$MethodArray <init> (I)V 6 1 java/lang/Object <init> ()V 4 54 java/lang/Class getInterfaces ()[Ljava/lang/Class; 5 1 java/lang/Class reflectionData ()Ljava/lang/Class$ReflectionData; 6 21 java/lang/ref/SoftReference get ()Ljava/lang/Object; 6 45 java/lang/Class newReflectionData (Ljava/lang/ref/SoftReference;I)Ljava/lang/Class$ReflectionData; 7 13 java/lang/Class$ReflectionData <init> (I)V 8 1 java/lang/Object <init> ()V 7 24 java/lang/ref/SoftReference <init> (Ljava/lang/Object;)V 4 141 java/lang/Class$MethodArray length ()I 4 163 java/lang/reflect/Method getModifiers ()I 4 210 java/lang/Class$MethodArray length ()I 4 252 java/lang/Class$MethodArray getArray ()[Ljava/lang/reflect/Method; 3 141 java/lang/Class$MethodArray length ()I 3 163 java/lang/reflect/Method getModifiers ()I 3 210 java/lang/Class$MethodArray length ()I 3 252 java/lang/Class$MethodArray getArray ()[Ljava/lang/reflect/Method;
